attack_id,datetime,year,month,lat,lon,basin,vessel_type,attack_type,crew_injured,hostages_taken,weapons,narrative
ASAM-1993-00000,2019-07-24T08:58:00,2019,7,6.8785,8.3495,Gulf of Guinea,Bulk Carrier,Fired Upon,0,0,Unknown,"Bulk Carrier attacked by Bakassi Strike Force remnant approx 265nm offshore. MOA: AK-47 + GPMG armed boarding. Weapons observed: RPG-7. master engaged evasive maneuvers, RPG and small arms fire received."
ASAM-1994-00001,2021-06-07T07:45:00,2021,6,3.9213,4.8959,Gulf of Guinea,Fishing Vessel,Fired Upon,0,0,Small arms,"Fishing Vessel attacked by Niger Delta militant offshoot underway in transit lane. MOA: tanker product theft (siphon). Weapons observed: RPG-7. master engaged evasive maneuvers, RPG and small arms fire received."
ASAM-1995-00002,1994-11-21T20:07:00,1994,11,5.1419,6.8111,Gulf of Guinea,LPG/LNG Tanker,Boarded,0,3,Small arms,"LPG/LNG Tanker attacked by Nigerian kidnap-for-ransom cell in narrow channel. MOA: tanker product theft (siphon). Weapons observed: AK-47. boarders rifled bridge & masters cabin, stole cash and electronics; 3 crew taken hostage; ransom demand transmitted within 72h."
ASAM-1996-00003,2021-09-05T03:10:00,2021,9,5.0631,6.7006,Gulf of Guinea,Bulk Carrier,Boarded,1,0,Unknown,"Bulk Carrier attacked by Niger Delta militant offshoot approx 270nm offshore. MOA: kidnap-for-ransom of officers. Weapons observed: AK-47. boarders rifled bridge & masters cabin, stole cash and electronics; 2 crew sustained injuries."
ASAM-1997-00004,2008-12-20T04:47:00,2008,12,10.3144,-64.8291,Caribbean / Venezuelan,RoRo Vehicle Carrier,Hijacked,0,17,RPG,"RoRo Vehicle Carrier attacked by Trinidad-Tobago smuggler crew underway in transit lane. MOA: small arms intimidation. Weapons observed: small arms. vessel hijacked, crew of 21 taken to coastal anchorage; 17 crew taken hostage; ransom demand transmitted within 72h."
ASAM-1998-00005,1998-08-06T03:18:00,1998,8,12.1665,49.3347,Gulf of Aden,Bulk Carrier,Attempted,0,0,RPG,Bulk Carrier attacked by Hobyo-Harardhere PAG in narrow channel. MOA: RPG warning shot then boarding. Weapons observed: knives/machetes. approach broken off after master sounded alarm and engaged firehoses.
ASAM-1999-00006,2018-09-19T19:20:00,2018,9,4.724,5.4021,Gulf of Guinea,Chemical Tanker,Fired Upon,1,0,Unknown,"Chemical Tanker attacked by Nigerian kidnap-for-ransom cell approx 261nm offshore. MOA: AK-47 + GPMG armed boarding. Weapons observed: AK-47. master engaged evasive maneuvers, RPG and small arms fire received; 1 crew sustained injuries."
ASAM-2000-00007,2012-03-18T20:22:00,2012,3,14.3543,49.2542,Gulf of Aden,Container Ship,Fired Upon,0,0,RPG,"Container Ship attacked by Somali pirate skiff network underway in transit lane. MOA: mothership-launched skiff swarm. Weapons observed: M16 + RPG. master engaged evasive maneuvers, RPG and small arms fire received."
ASAM-2001-00008,2018-03-05T08:19:00,2018,3,13.0451,-64.2699,Caribbean / Venezuelan,Chemical Tanker,Boarded,0,2,RPG,"Chemical Tanker attacked by Venezuelan coastal gang at anchorage. MOA: crew theft + minor injuries. Weapons observed: small arms. boarders rifled bridge & masters cabin, stole cash and electronics; 2 crew taken hostage; ransom demand transmitted within 72h."
ASAM-2002-00009,2023-05-27T18:39:00,2023,5,3.5476,4.4733,Gulf of Guinea,Bulk Carrier,Suspicious Approach,0,0,Unknown,Bulk Carrier attacked by Bakassi Strike Force remnant approx 107nm offshore. MOA: fast attack craft >150nm offshore. Weapons observed: small arms. unidentified skiff shadowed vessel for 18 minutes before withdrawing.
ASAM-2003-00010,2024-02-26T23:04:00,2024,2,4.6683,121.5017,Sulu Sea,Crude Oil Tanker,Boarded,1,5,Small arms,"Crude Oil Tanker attacked by Sulu archipelago kidnapping ring underway in transit lane. MOA: M16 + RPG armed boarding. Weapons observed: AK-47. boarders rifled bridge & masters cabin, stole cash and electronics; 3 crew sustained injuries; 5 crew taken hostage; ransom demand transmitted within 72h."
ASAM-2004-00011,2009-11-19T05:06:00,2009,11,13.474,46.8003,Gulf of Aden,Bulk Carrier,Attempted,0,0,AK-47,Bulk Carrier attacked by Hobyo-Harardhere PAG in narrow channel. MOA: mothership-launched skiff swarm. Weapons observed: M16 + RPG. approach broken off after master sounded alarm and engaged firehoses.
ASAM-2005-00012,2009-02-27T17:17:00,2009,2,12.093,45.1004,Gulf of Aden,Container Ship,Attempted,0,0,RPG,Container Ship attacked by Puntland-based PAG underway in transit lane. MOA: RPG warning shot then boarding. Weapons observed: RPG-7. approach broken off after master sounded alarm and engaged firehoses.
ASAM-2006-00013,2020-01-24T19:49:00,2020,1,2.8624,102.1034,Strait of Malacca,Yacht,Attempted,0,0,Knives,"Yacht attacked by Free Aceh splinter (historical) in narrow channel. MOA: knife-armed boarders, no firearms. Weapons observed: small arms. approach broken off after master sounded alarm and engaged firehoses."
ASAM-2007-00014,2006-03-02T19:45:00,2006,3,3.9967,101.323,Strait of Malacca,Container Ship,Attempted,0,0,AK-47,"Container Ship attacked by Riau Archipelago armed robbers approx 186nm offshore. MOA: knife-armed boarders, no firearms. Weapons observed: AK-47. approach broken off after master sounded alarm and engaged firehoses."
ASAM-2008-00015,2001-12-11T13:21:00,2001,12,12.4431,47.6816,Gulf of Aden,Container Ship,Attempted,0,0,RPG,Container Ship attacked by Somali pirate skiff network in narrow channel. MOA: RPG warning shot then boarding. Weapons observed: AK-47. approach broken off after master sounded alarm and engaged firehoses.
ASAM-2009-00016,2006-06-25T19:43:00,2006,6,2.2742,101.979,Strait of Malacca,Crude Oil Tanker,Hijacked,0,19,AK-47,"Crude Oil Tanker attacked by Free Aceh splinter (historical) underway in transit lane. MOA: nighttime stealth boarding at anchorage. Weapons observed: knives/machetes. vessel hijacked, crew of 18 taken to coastal anchorage; 19 crew taken hostage; ransom demand transmitted within 72h."
ASAM-2010-00017,2019-09-21T03:05:00,2019,9,4.6564,7.6232,Gulf of Guinea,Container Ship,Hijacked,0,16,Unknown,"Container Ship attacked by Niger Delta militant offshoot underway in transit lane. MOA: AK-47 + GPMG armed boarding. Weapons observed: RPG-7. vessel hijacked, crew of 12 taken to coastal anchorage; 16 crew taken hostage; ransom demand transmitted within 72h."
ASAM-2011-00018,1999-11-01T20:46:00,1999,11,12.4705,51.4079,Gulf of Aden,Crude Oil Tanker,Attempted,0,0,Knives,Crude Oil Tanker attacked by Hobyo-Harardhere PAG in narrow channel. MOA: RPG warning shot then boarding. Weapons observed: AK-47. approach broken off after master sounded alarm and engaged firehoses.
ASAM-2012-00019,2019-05-19T16:11:00,2019,5,4.5709,7.8696,Gulf of Guinea,Container Ship,Attempted,0,0,RPG,Container Ship attacked by Nigerian kidnap-for-ransom cell underway in transit lane. MOA: AK-47 + GPMG armed boarding. Weapons observed: AK-47. approach broken off after master sounded alarm and engaged firehoses.
ASAM-2013-00020,2012-08-28T21:04:00,2012,8,6.8124,121.4952,Sulu Sea,Fishing Vessel,Boarded,0,1,AK-47,"Fishing Vessel attacked by Abu Sayyaf maritime cell approx 65nm offshore. MOA: speedboat intercept tug & barge. Weapons observed: knives/machetes. boarders rifled bridge & masters cabin, stole cash and electronics; 1 crew taken hostage; ransom demand transmitted within 72h."
ASAM-2014-00021,2012-03-02T19:25:00,2012,3,11.9377,47.8494,Gulf of Aden,Bulk Carrier,Boarded,0,0,RPG,"Bulk Carrier attacked by Somali pirate skiff network in narrow channel. MOA: grappling hook boarding at low freeboard. Weapons observed: small arms. boarders rifled bridge & masters cabin, stole cash and electronics."
ASAM-2015-00022,2004-12-25T21:33:00,2004,12,5.5652,120.2284,Sulu Sea,Bulk Carrier,Suspicious Approach,0,0,Small arms,Bulk Carrier attacked by BIFF splinter group at anchorage. MOA: speedboat intercept tug & barge. Weapons observed: AK-47. unidentified skiff shadowed vessel for 18 minutes before withdrawing.
ASAM-2016-00023,2007-08-04T15:26:00,2007,8,2.8413,1.0785,Gulf of Guinea,Container Ship,Suspicious Approach,1,0,Small arms,Container Ship attacked by Nigerian kidnap-for-ransom cell at anchorage. MOA: AK-47 + GPMG armed boarding. Weapons observed: RPG-7. unidentified skiff shadowed vessel for 18 minutes before withdrawing; 2 crew sustained injuries.
ASAM-2017-00024,1996-01-04T19:18:00,1996,1,3.0822,7.5627,Gulf of Guinea,Fishing Vessel,Boarded,1,2,AK-47,"Fishing Vessel attacked by Niger Delta militant offshoot at anchorage. MOA: fast attack craft >150nm offshore. Weapons observed: small arms. boarders rifled bridge & masters cabin, stole cash and electronics; 1 crew sustained injuries; 2 crew taken hostage; ransom demand transmitted within 72h."
ASAM-2018-00025,2011-02-27T19:47:00,2011,2,13.0527,47.9324,Gulf of Aden,Bulk Carrier,Boarded,0,0,Knives,"Bulk Carrier attacked by Puntland-based PAG in narrow channel. MOA: RPG warning shot then boarding. Weapons observed: M16 + RPG. boarders rifled bridge & masters cabin, stole cash and electronics."
ASAM-2019-00026,2018-02-09T11:45:00,2018,2,4.7721,2.4913,Gulf of Guinea,Container Ship,Boarded,0,1,Knives,"Container Ship attacked by Bakassi Strike Force remnant underway in transit lane. MOA: kidnap-for-ransom of officers. Weapons observed: M16 + RPG. boarders rifled bridge & masters cabin, stole cash and electronics; 1 crew taken hostage; ransom demand transmitted within 72h."
ASAM-2020-00027,2009-09-07T04:53:00,2009,9,11.6237,48.518,Gulf of Aden,Tug & Barge,Hijacked,0,11,Small arms,"Tug & Barge attacked by Somali pirate skiff network approx 212nm offshore. MOA: grappling hook boarding at low freeboard. Weapons observed: M16 + RPG. vessel hijacked, crew of 27 taken to coastal anchorage; 11 crew taken hostage; ransom demand transmitted within 72h."
ASAM-2021-00028,2018-01-13T18:51:00,2018,1,3.5315,3.1519,Gulf of Guinea,Yacht,Boarded,0,0,RPG,"Yacht attacked by Nigerian kidnap-for-ransom cell at anchorage. MOA: fast attack craft >150nm offshore. Weapons observed: M16 + RPG. boarders rifled bridge & masters cabin, stole cash and electronics."
ASAM-2022-00029,2024-11-02T05:09:00,2024,11,3.7781,5.261,Gulf of Guinea,Container Ship,Fired Upon,0,0,AK-47,"Container Ship attacked by Nigerian kidnap-for-ransom cell at anchorage. MOA: kidnap-for-ransom of officers. Weapons observed: knives/machetes. master engaged evasive maneuvers, RPG and small arms fire received."
ASAM-2023-00030,2016-03-20T22:54:00,2016,3,5.311,118.9039,Sulu Sea,Fishing Vessel,Boarded,0,0,Unknown,"Fishing Vessel attacked by Abu Sayyaf maritime cell in narrow channel. MOA: speedboat intercept tug & barge. Weapons observed: small arms. boarders rifled bridge & masters cabin, stole cash and electronics."
ASAM-2024-00031,2020-09-24T19:01:00,2020,9,3.0099,4.8286,Gulf of Guinea,Fishing Vessel,Boarded,1,0,AK-47,"Fishing Vessel attacked by Nigerian kidnap-for-ransom cell approx 279nm offshore. MOA: fast attack craft >150nm offshore. Weapons observed: AK-47. boarders rifled bridge & masters cabin, stole cash and electronics; 4 crew sustained injuries."
ASAM-2025-00032,2008-01-06T23:40:00,2008,1,12.8186,52.2105,Gulf of Aden,Crude Oil Tanker,Hijacked,0,9,RPG,"Crude Oil Tanker attacked by Puntland-based PAG at anchorage. MOA: RPG warning shot then boarding. Weapons observed: knives/machetes. vessel hijacked, crew of 27 taken to coastal anchorage; 9 crew taken hostage; ransom demand transmitted within 72h."
ASAM-1993-00033,2015-11-17T02:14:00,2015,11,13.0991,49.6388,Gulf of Aden,General Cargo,Attempted,0,0,Knives,General Cargo attacked by Somali pirate skiff network at anchorage. MOA: AK-47 small arms suppression. Weapons observed: M16 + RPG. approach broken off after master sounded alarm and engaged firehoses.
ASAM-1994-00034,2021-07-20T04:37:00,2021,7,10.639,47.7917,Gulf of Aden,RoRo Vehicle Carrier,Boarded,1,0,RPG,"RoRo Vehicle Carrier attacked by Hobyo-Harardhere PAG in narrow channel. MOA: RPG warning shot then boarding. Weapons observed: RPG-7. boarders rifled bridge & masters cabin, stole cash and electronics; 4 crew sustained injuries."
ASAM-1995-00035,1997-05-15T23:26:00,1997,5,5.6294,6.1944,Gulf of Guinea,Crude Oil Tanker,Boarded,1,6,Small arms,"Crude Oil Tanker attacked by Niger Delta militant offshoot at anchorage. MOA: tanker product theft (siphon). Weapons observed: M16 + RPG. boarders rifled bridge & masters cabin, stole cash and electronics; 2 crew sustained injuries; 6 crew taken hostage; ransom demand transmitted within 72h."
ASAM-1996-00036,2014-07-22T18:58:00,2014,7,4.7402,5.0711,Gulf of Guinea,Bulk Carrier,Attempted,0,0,Small arms,Bulk Carrier attacked by Niger Delta militant offshoot approx 186nm offshore. MOA: kidnap-for-ransom of officers. Weapons observed: RPG-7. approach broken off after master sounded alarm and engaged firehoses.
ASAM-1997-00037,2018-12-25T20:19:00,2018,12,10.7617,-64.201,Caribbean / Venezuelan,Container Ship,Boarded,0,6,Knives,"Container Ship attacked by Venezuelan coastal gang underway in transit lane. MOA: crew theft + minor injuries. Weapons observed: M16 + RPG. boarders rifled bridge & masters cabin, stole cash and electronics; 6 crew taken hostage; ransom demand transmitted within 72h."
ASAM-1998-00038,2013-12-01T18:02:00,2013,12,5.3573,119.0906,Sulu Sea,Chemical Tanker,Attempted,0,0,Unknown,Chemical Tanker attacked by BIFF splinter group at anchorage. MOA: hostage transfer to Jolo island camps. Weapons observed: small arms. approach broken off after master sounded alarm and engaged firehoses.
ASAM-1999-00039,2019-03-20T01:18:00,2019,3,2.8976,3.5803,Gulf of Guinea,Tug & Barge,Boarded,0,2,RPG,"Tug & Barge attacked by Niger Delta militant offshoot approx 277nm offshore. MOA: tanker product theft (siphon). Weapons observed: AK-47. boarders rifled bridge & masters cabin, stole cash and electronics; 2 crew taken hostage; ransom demand transmitted within 72h."
ASAM-2000-00040,2018-10-12T02:03:00,2018,10,5.5605,120.3502,Sulu Sea,Bulk Carrier,Suspicious Approach,0,0,Small arms,Bulk Carrier attacked by Sulu archipelago kidnapping ring approx 190nm offshore. MOA: abduction of fishing crew. Weapons observed: M16 + RPG. unidentified skiff shadowed vessel for 18 minutes before withdrawing.
ASAM-2001-00041,2022-05-23T03:27:00,2022,5,6.2373,119.4785,Sulu Sea,Bulk Carrier,Boarded,0,0,RPG,"Bulk Carrier attacked by BIFF splinter group approx 127nm offshore. MOA: hostage transfer to Jolo island camps. Weapons observed: AK-47. boarders rifled bridge & masters cabin, stole cash and electronics."
ASAM-2002-00042,2005-01-10T02:27:00,2005,1,3.6616,100.9883,Strait of Malacca,Offshore Supply,Attempted,0,0,AK-47,Offshore Supply attacked by Riau Archipelago armed robbers underway in transit lane. MOA: crew rob & flee in <30 min. Weapons observed: RPG-7. approach broken off after master sounded alarm and engaged firehoses.
ASAM-2003-00043,2016-07-24T00:50:00,2016,7,14.4912,49.7225,Gulf of Aden,LPG/LNG Tanker,Boarded,0,0,RPG,"LPG/LNG Tanker attacked by Puntland-based PAG in narrow channel. MOA: RPG warning shot then boarding. Weapons observed: AK-47. boarders rifled bridge & masters cabin, stole cash and electronics."
ASAM-2004-00044,2004-12-21T03:43:00,2004,12,4.5394,4.4426,Gulf of Guinea,Fishing Vessel,Boarded,0,0,Knives,"Fishing Vessel attacked by Nigerian kidnap-for-ransom cell at anchorage. MOA: fast attack craft >150nm offshore. Weapons observed: M16 + RPG. boarders rifled bridge & masters cabin, stole cash and electronics."
ASAM-2005-00045,2020-11-13T06:10:00,2020,11,11.1593,49.9822,Gulf of Aden,Tug & Barge,Boarded,0,0,Knives,"Tug & Barge attacked by Puntland-based PAG underway in transit lane. MOA: AK-47 small arms suppression. Weapons observed: knives/machetes. boarders rifled bridge & masters cabin, stole cash and electronics."
ASAM-2006-00046,2018-02-14T20:49:00,2018,2,2.8495,5.6183,Gulf of Guinea,General Cargo,Boarded,1,0,AK-47,"General Cargo attacked by Bakassi Strike Force remnant at anchorage. MOA: AK-47 + GPMG armed boarding. Weapons observed: small arms. boarders rifled bridge & masters cabin, stole cash and electronics; 3 crew sustained injuries."
ASAM-2007-00047,2004-09-18T03:29:00,2004,9,3.0664,6.2766,Gulf of Guinea,Fishing Vessel,Boarded,0,0,Knives,"Fishing Vessel attacked by Niger Delta militant offshoot in narrow channel. MOA: fast attack craft >150nm offshore. Weapons observed: small arms. boarders rifled bridge & masters cabin, stole cash and electronics."
ASAM-2008-00048,2018-01-12T04:00:00,2018,1,5.2896,4.0993,Gulf of Guinea,Chemical Tanker,Boarded,0,0,Knives,"Chemical Tanker attacked by Niger Delta militant offshoot underway in transit lane. MOA: kidnap-for-ransom of officers. Weapons observed: AK-47. boarders rifled bridge & masters cabin, stole cash and electronics."
ASAM-2009-00049,2016-06-14T06:09:00,2016,6,6.4163,120.3147,Sulu Sea,LPG/LNG Tanker,Attempted,0,0,RPG,LPG/LNG Tanker attacked by Abu Sayyaf maritime cell underway in transit lane. MOA: M16 + RPG armed boarding. Weapons observed: RPG-7. approach broken off after master sounded alarm and engaged firehoses.
ASAM-2010-00050,2012-07-03T19:40:00,2012,7,14.8239,46.8732,Gulf of Aden,Tug & Barge,Boarded,0,5,Unknown,"Tug & Barge attacked by Hobyo-Harardhere PAG in narrow channel. MOA: grappling hook boarding at low freeboard. Weapons observed: M16 + RPG. boarders rifled bridge & masters cabin, stole cash and electronics; 5 crew taken hostage; ransom demand transmitted within 72h."
ASAM-2011-00051,2018-05-23T02:57:00,2018,5,6.014,121.3214,Sulu Sea,Tug & Barge,Attempted,0,0,Unknown,Tug & Barge attacked by BIFF splinter group in narrow channel. MOA: M16 + RPG armed boarding. Weapons observed: AK-47. approach broken off after master sounded alarm and engaged firehoses.
ASAM-2012-00052,2003-07-23T03:00:00,2003,7,3.1817,102.9106,Strait of Malacca,Bulk Carrier,Boarded,0,4,Small arms,"Bulk Carrier attacked by Free Aceh splinter (historical) at anchorage. MOA: fast skiff rob at narrow channel. Weapons observed: M16 + RPG. boarders rifled bridge & masters cabin, stole cash and electronics; 4 crew taken hostage; ransom demand transmitted within 72h."
ASAM-2013-00053,2022-08-05T06:32:00,2022,8,2.0964,5.7946,Gulf of Guinea,Bulk Carrier,Boarded,0,0,Knives,"Bulk Carrier attacked by Nigerian kidnap-for-ransom cell at anchorage. MOA: fast attack craft >150nm offshore. Weapons observed: RPG-7. boarders rifled bridge & masters cabin, stole cash and electronics."
ASAM-2014-00054,2021-06-08T11:01:00,2021,6,11.6753,48.7846,Gulf of Aden,Fishing Vessel,Attempted,0,0,Small arms,Fishing Vessel attacked by Hobyo-Harardhere PAG underway in transit lane. MOA: RPG warning shot then boarding. Weapons observed: AK-47. approach broken off after master sounded alarm and engaged firehoses.
ASAM-2015-00055,2018-07-27T18:27:00,2018,7,3.776,9.9342,Gulf of Guinea,LPG/LNG Tanker,Boarded,0,4,Knives,"LPG/LNG Tanker attacked by Bakassi Strike Force remnant at anchorage. MOA: fast attack craft >150nm offshore. Weapons observed: small arms. boarders rifled bridge & masters cabin, stole cash and electronics; 4 crew taken hostage; ransom demand transmitted within 72h."
ASAM-2016-00056,2018-12-26T01:54:00,2018,12,11.7165,-66.1686,Caribbean / Venezuelan,Chemical Tanker,Fired Upon,1,0,Knives,"Chemical Tanker attacked by Venezuelan coastal gang at anchorage. MOA: yacht boarding at anchorage. Weapons observed: small arms. master engaged evasive maneuvers, RPG and small arms fire received; 4 crew sustained injuries."
ASAM-2017-00057,2021-08-06T19:01:00,2021,8,2.8313,8.1591,Gulf of Guinea,Chemical Tanker,Hijacked,0,24,Small arms,"Chemical Tanker attacked by Bakassi Strike Force remnant approx 91nm offshore. MOA: fast attack craft >150nm offshore. Weapons observed: RPG-7. vessel hijacked, crew of 28 taken to coastal anchorage; 24 crew taken hostage; ransom demand transmitted within 72h."
ASAM-2018-00058,2003-05-23T08:52:00,2003,5,4.3197,100.4568,Strait of Malacca,LPG/LNG Tanker,Attempted,0,0,Knives,LPG/LNG Tanker attacked by Indonesian coastal gang at anchorage. MOA: crew rob & flee in <30 min. Weapons observed: RPG-7. approach broken off after master sounded alarm and engaged firehoses.
ASAM-2019-00059,2015-11-27T05:29:00,2015,11,11.2186,115.0823,South China Sea,Bulk Carrier,Hijacked,1,17,Small arms,"Bulk Carrier attacked by Vietnamese coastal robbers at anchorage. MOA: product theft (diesel siphoning). Weapons observed: knives/machetes. vessel hijacked, crew of 19 taken to coastal anchorage; 4 crew sustained injuries; 17 crew taken hostage; ransom demand transmitted within 72h."
ASAM-2020-00060,1999-11-17T19:12:00,1999,11,6.2544,120.2241,Sulu Sea,Bulk Carrier,Boarded,0,0,Small arms,"Bulk Carrier attacked by BIFF splinter group underway in transit lane. MOA: abduction of fishing crew. Weapons observed: M16 + RPG. boarders rifled bridge & masters cabin, stole cash and electronics."
ASAM-2021-00061,2021-03-19T19:38:00,2021,3,4.7122,4.2109,Gulf of Guinea,Bulk Carrier,Boarded,0,1,Knives,"Bulk Carrier attacked by Niger Delta militant offshoot in narrow channel. MOA: AK-47 + GPMG armed boarding. Weapons observed: small arms. boarders rifled bridge & masters cabin, stole cash and electronics; 1 crew taken hostage; ransom demand transmitted within 72h."
ASAM-2022-00062,2002-08-16T23:08:00,2002,8,4.0904,101.9593,Strait of Malacca,Crude Oil Tanker,Boarded,0,0,Small arms,"Crude Oil Tanker attacked by Riau Archipelago armed robbers approx 114nm offshore. MOA: nighttime stealth boarding at anchorage. Weapons observed: RPG-7. boarders rifled bridge & masters cabin, stole cash and electronics."
ASAM-2023-00063,1996-09-19T21:21:00,1996,9,1.0495,4.8678,Gulf of Guinea,Crude Oil Tanker,Attempted,0,0,Unknown,Crude Oil Tanker attacked by Nigerian kidnap-for-ransom cell underway in transit lane. MOA: tanker product theft (siphon). Weapons observed: knives/machetes. approach broken off after master sounded alarm and engaged firehoses.
ASAM-2024-00064,2018-05-25T20:21:00,2018,5,10.64,-63.031,Caribbean / Venezuelan,Bulk Carrier,Boarded,0,0,Unknown,"Bulk Carrier attacked by Trinidad-Tobago smuggler crew in narrow channel. MOA: yacht boarding at anchorage. Weapons observed: AK-47. boarders rifled bridge & masters cabin, stole cash and electronics."
ASAM-2025-00065,2023-06-13T22:15:00,2023,6,3.4658,3.6691,Gulf of Guinea,Crude Oil Tanker,Boarded,0,0,Small arms,"Crude Oil Tanker attacked by Nigerian kidnap-for-ransom cell in narrow channel. MOA: fast attack craft >150nm offshore. Weapons observed: M16 + RPG. boarders rifled bridge & masters cabin, stole cash and electronics."
ASAM-1993-00066,2008-12-26T04:18:00,2008,12,13.8624,50.9132,Gulf of Aden,RoRo Vehicle Carrier,Hijacked,1,24,Knives,"RoRo Vehicle Carrier attacked by Somali pirate skiff network approx 236nm offshore. MOA: mothership-launched skiff swarm. Weapons observed: RPG-7. vessel hijacked, crew of 16 taken to coastal anchorage; 2 crew sustained injuries; 24 crew taken hostage; ransom demand transmitted within 72h."
ASAM-1994-00067,2021-07-07T03:03:00,2021,7,3.8347,101.0996,Strait of Malacca,Fishing Vessel,Boarded,0,0,Small arms,"Fishing Vessel attacked by Free Aceh splinter (historical) underway in transit lane. MOA: crew rob & flee in <30 min. Weapons observed: AK-47. boarders rifled bridge & masters cabin, stole cash and electronics."
ASAM-1995-00068,1994-11-06T21:31:00,1994,11,1.5189,8.2147,Gulf of Guinea,General Cargo,Attempted,0,0,Unknown,General Cargo attacked by Niger Delta militant offshoot underway in transit lane. MOA: AK-47 + GPMG armed boarding. Weapons observed: AK-47. approach broken off after master sounded alarm and engaged firehoses.
ASAM-1996-00069,2009-04-13T04:00:00,2009,4,14.0538,48.9698,Gulf of Aden,Chemical Tanker,Fired Upon,1,0,AK-47,"Chemical Tanker attacked by Hobyo-Harardhere PAG approx 249nm offshore. MOA: RPG warning shot then boarding. Weapons observed: small arms. master engaged evasive maneuvers, RPG and small arms fire received; 4 crew sustained injuries."
ASAM-1997-00070,2009-01-22T19:53:00,2009,1,14.2321,49.2134,Gulf of Aden,Tug & Barge,Boarded,0,0,Small arms,"Tug & Barge attacked by Somali pirate skiff network approx 229nm offshore. MOA: mothership-launched skiff swarm. Weapons observed: RPG-7. boarders rifled bridge & masters cabin, stole cash and electronics."
ASAM-1998-00071,2009-01-19T22:57:00,2009,1,11.0617,48.381,Gulf of Aden,Chemical Tanker,Suspicious Approach,0,0,Unknown,Chemical Tanker attacked by Puntland-based PAG in narrow channel. MOA: AK-47 small arms suppression. Weapons observed: AK-47. unidentified skiff shadowed vessel for 18 minutes before withdrawing.
ASAM-1999-00072,2004-08-25T20:53:00,2004,8,14.3476,48.5216,Gulf of Aden,Bulk Carrier,Boarded,0,0,RPG,"Bulk Carrier attacked by Hobyo-Harardhere PAG underway in transit lane. MOA: AK-47 small arms suppression. Weapons observed: M16 + RPG. boarders rifled bridge & masters cabin, stole cash and electronics."
ASAM-2000-00073,2018-08-11T23:33:00,2018,8,6.5237,120.0538,Sulu Sea,Yacht,Boarded,0,0,Unknown,"Yacht attacked by BIFF splinter group at anchorage. MOA: M16 + RPG armed boarding. Weapons observed: AK-47. boarders rifled bridge & masters cabin, stole cash and electronics."
ASAM-2001-00074,2019-04-18T07:32:00,2019,4,4.8715,7.0204,Gulf of Guinea,Chemical Tanker,Fired Upon,0,0,AK-47,"Chemical Tanker attacked by Nigerian kidnap-for-ransom cell at anchorage. MOA: kidnap-for-ransom of officers. Weapons observed: RPG-7. master engaged evasive maneuvers, RPG and small arms fire received."
ASAM-2002-00075,2004-07-26T05:27:00,2004,7,2.6823,100.5017,Strait of Malacca,Container Ship,Boarded,0,2,Knives,"Container Ship attacked by Indonesian coastal gang underway in transit lane. MOA: fast skiff rob at narrow channel. Weapons observed: knives/machetes. boarders rifled bridge & masters cabin, stole cash and electronics; 2 crew taken hostage; ransom demand transmitted within 72h."
ASAM-2003-00076,2021-04-06T04:32:00,2021,4,3.9265,7.87,Gulf of Guinea,Fishing Vessel,Boarded,0,0,Knives,"Fishing Vessel attacked by Bakassi Strike Force remnant underway in transit lane. MOA: fast attack craft >150nm offshore. Weapons observed: small arms. boarders rifled bridge & masters cabin, stole cash and electronics."
ASAM-2004-00077,2020-04-15T22:49:00,2020,4,4.0822,7.4651,Gulf of Guinea,Bulk Carrier,Hijacked,0,25,RPG,"Bulk Carrier attacked by Niger Delta militant offshoot at anchorage. MOA: tanker product theft (siphon). Weapons observed: M16 + RPG. vessel hijacked, crew of 17 taken to coastal anchorage; 25 crew taken hostage; ransom demand transmitted within 72h."
ASAM-2005-00078,2025-08-10T02:55:00,2025,8,10.8118,111.4942,South China Sea,Crude Oil Tanker,Boarded,0,1,Knives,"Crude Oil Tanker attacked by Vietnamese coastal robbers at anchorage. MOA: stealth anchorage boarding. Weapons observed: M16 + RPG. boarders rifled bridge & masters cabin, stole cash and electronics; 1 crew taken hostage; ransom demand transmitted within 72h."
ASAM-2006-00079,2019-04-13T08:11:00,2019,4,10.0877,-65.7062,Caribbean / Venezuelan,RoRo Vehicle Carrier,Attempted,0,0,Small arms,RoRo Vehicle Carrier attacked by Venezuelan coastal gang approx 51nm offshore. MOA: yacht boarding at anchorage. Weapons observed: small arms. approach broken off after master sounded alarm and engaged firehoses.
ASAM-2007-00080,2012-12-26T22:12:00,2012,12,11.996,48.834,Gulf of Aden,General Cargo,Attempted,0,0,AK-47,General Cargo attacked by Hobyo-Harardhere PAG at anchorage. MOA: grappling hook boarding at low freeboard. Weapons observed: small arms. approach broken off after master sounded alarm and engaged firehoses.
ASAM-2008-00081,2010-01-09T01:58:00,2010,1,9.1306,6.9116,Gulf of Guinea,LPG/LNG Tanker,Boarded,0,1,Unknown,"LPG/LNG Tanker attacked by Nigerian kidnap-for-ransom cell in narrow channel. MOA: fast attack craft >150nm offshore. Weapons observed: AK-47. boarders rifled bridge & masters cabin, stole cash and electronics; 1 crew taken hostage; ransom demand transmitted within 72h."
ASAM-2009-00082,2019-11-22T08:25:00,2019,11,4.8771,3.6868,Gulf of Guinea,Container Ship,Boarded,0,0,RPG,"Container Ship attacked by Niger Delta militant offshoot approx 134nm offshore. MOA: kidnap-for-ransom of officers. Weapons observed: knives/machetes. boarders rifled bridge & masters cabin, stole cash and electronics."
ASAM-2010-00083,2017-08-08T21:07:00,2017,8,5.3349,119.6357,Sulu Sea,Crude Oil Tanker,Attempted,0,0,Knives,Crude Oil Tanker attacked by Abu Sayyaf maritime cell at anchorage. MOA: abduction of fishing crew. Weapons observed: small arms. approach broken off after master sounded alarm and engaged firehoses.
ASAM-2011-00084,2009-02-10T21:16:00,2009,2,13.177,49.9816,Gulf of Aden,Bulk Carrier,Hijacked,0,11,Knives,"Bulk Carrier attacked by Puntland-based PAG at anchorage. MOA: mothership-launched skiff swarm. Weapons observed: knives/machetes. vessel hijacked, crew of 18 taken to coastal anchorage; 11 crew taken hostage; ransom demand transmitted within 72h."
ASAM-2012-00085,1995-11-10T21:32:00,1995,11,2.8723,103.5817,Strait of Malacca,Chemical Tanker,Boarded,1,0,AK-47,"Chemical Tanker attacked by Riau Archipelago armed robbers approx 232nm offshore. MOA: fast skiff rob at narrow channel. Weapons observed: M16 + RPG. boarders rifled bridge & masters cabin, stole cash and electronics; 4 crew sustained injuries."
ASAM-2013-00086,2014-06-24T03:02:00,2014,6,12.0228,111.9217,South China Sea,Crude Oil Tanker,Fired Upon,0,0,Knives,"Crude Oil Tanker attacked by Filipino anchor-rob crew at anchorage. MOA: stealth anchorage boarding. Weapons observed: knives/machetes. master engaged evasive maneuvers, RPG and small arms fire received."
ASAM-2014-00087,1999-11-19T06:39:00,1999,11,4.8062,119.2447,Sulu Sea,Chemical Tanker,Boarded,0,0,RPG,"Chemical Tanker attacked by Abu Sayyaf maritime cell underway in transit lane. MOA: speedboat intercept tug & barge. Weapons observed: RPG-7. boarders rifled bridge & masters cabin, stole cash and electronics."
ASAM-2015-00088,2010-04-04T21:43:00,2010,4,10.7421,48.2186,Gulf of Aden,Crude Oil Tanker,Boarded,0,0,AK-47,"Crude Oil Tanker attacked by Puntland-based PAG in narrow channel. MOA: AK-47 small arms suppression. Weapons observed: AK-47. boarders rifled bridge & masters cabin, stole cash and electronics."
ASAM-2016-00089,2018-08-10T03:56:00,2018,8,12.1211,-64.1404,Caribbean / Venezuelan,Crude Oil Tanker,Attempted,0,0,AK-47,Crude Oil Tanker attacked by Trinidad-Tobago smuggler crew at anchorage. MOA: small arms intimidation. Weapons observed: small arms. approach broken off after master sounded alarm and engaged firehoses.
ASAM-2017-00090,2008-05-15T06:23:00,2008,5,4.2908,4.5775,Gulf of Guinea,Bulk Carrier,Boarded,1,6,AK-47,"Bulk Carrier attacked by Nigerian kidnap-for-ransom cell at anchorage. MOA: AK-47 + GPMG armed boarding. Weapons observed: knives/machetes. boarders rifled bridge & masters cabin, stole cash and electronics; 1 crew sustained injuries; 6 crew taken hostage; ransom demand transmitted within 72h."
ASAM-2018-00091,2009-01-09T05:33:00,2009,1,14.3837,46.7086,Gulf of Aden,RoRo Vehicle Carrier,Boarded,0,0,Small arms,"RoRo Vehicle Carrier attacked by Puntland-based PAG underway in transit lane. MOA: RPG warning shot then boarding. Weapons observed: knives/machetes. boarders rifled bridge & masters cabin, stole cash and electronics."
ASAM-2019-00092,2016-09-09T21:26:00,2016,9,6.1445,119.8137,Sulu Sea,Container Ship,Attempted,0,0,Unknown,Container Ship attacked by BIFF splinter group in narrow channel. MOA: abduction of fishing crew. Weapons observed: small arms. approach broken off after master sounded alarm and engaged firehoses.
ASAM-2020-00093,2018-02-15T06:40:00,2018,2,10.7318,-63.9955,Caribbean / Venezuelan,RoRo Vehicle Carrier,Boarded,1,4,AK-47,"RoRo Vehicle Carrier attacked by Trinidad-Tobago smuggler crew underway in transit lane. MOA: crew theft + minor injuries. Weapons observed: M16 + RPG. boarders rifled bridge & masters cabin, stole cash and electronics; 1 crew sustained injuries; 4 crew taken hostage; ransom demand transmitted within 72h."
ASAM-2021-00094,2021-01-16T00:59:00,2021,1,12.7551,47.6331,Gulf of Aden,Bulk Carrier,Hijacked,0,16,RPG,"Bulk Carrier attacked by Hobyo-Harardhere PAG in narrow channel. MOA: mothership-launched skiff swarm. Weapons observed: knives/machetes. vessel hijacked, crew of 12 taken to coastal anchorage; 16 crew taken hostage; ransom demand transmitted within 72h."
ASAM-2022-00095,2011-05-10T23:01:00,2011,5,4.3463,4.5994,Gulf of Guinea,Fishing Vessel,Boarded,0,0,AK-47,"Fishing Vessel attacked by Bakassi Strike Force remnant approx 38nm offshore. MOA: AK-47 + GPMG armed boarding. Weapons observed: knives/machetes. boarders rifled bridge & masters cabin, stole cash and electronics."
ASAM-2023-00096,2015-11-12T03:06:00,2015,11,13.7539,48.1396,Gulf of Aden,Fishing Vessel,Boarded,0,0,Unknown,"Fishing Vessel attacked by Somali pirate skiff network approx 156nm offshore. MOA: AK-47 small arms suppression. Weapons observed: M16 + RPG. boarders rifled bridge & masters cabin, stole cash and electronics."
ASAM-2024-00097,2008-05-22T06:51:00,2008,5,12.8812,50.7107,Gulf of Aden,Fishing Vessel,Attempted,0,0,AK-47,Fishing Vessel attacked by Somali pirate skiff network in narrow channel. MOA: grappling hook boarding at low freeboard. Weapons observed: RPG-7. approach broken off after master sounded alarm and engaged firehoses.
ASAM-2025-00098,2014-03-25T01:59:00,2014,3,7.7957,114.4427,South China Sea,Bulk Carrier,Boarded,0,5,AK-47,"Bulk Carrier attacked by Vietnamese coastal robbers underway in transit lane. MOA: stealth anchorage boarding. Weapons observed: knives/machetes. boarders rifled bridge & masters cabin, stole cash and electronics; 5 crew taken hostage; ransom demand transmitted within 72h."
ASAM-1993-00099,2019-08-11T21:47:00,2019,8,5.6672,4.2962,Gulf of Guinea,RoRo Vehicle Carrier,Boarded,1,0,Knives,"RoRo Vehicle Carrier attacked by Niger Delta militant offshoot at anchorage. MOA: kidnap-for-ransom of officers. Weapons observed: M16 + RPG. boarders rifled bridge & masters cabin, stole cash and electronics; 4 crew sustained injuries."
ASAM-1994-00100,2006-04-09T03:15:00,2006,4,3.0054,101.5011,Strait of Malacca,Fishing Vessel,Boarded,0,0,Small arms,"Fishing Vessel attacked by Riau Archipelago armed robbers underway in transit lane. MOA: crew rob & flee in <30 min. Weapons observed: knives/machetes. boarders rifled bridge & masters cabin, stole cash and electronics."
ASAM-1995-00101,2002-05-23T22:25:00,2002,5,4.3385,7.2599,Gulf of Guinea,General Cargo,Attempted,0,0,AK-47,General Cargo attacked by Nigerian kidnap-for-ransom cell approx 85nm offshore. MOA: AK-47 + GPMG armed boarding. Weapons observed: small arms. approach broken off after master sounded alarm and engaged firehoses.
ASAM-1996-00102,2004-03-07T04:54:00,2004,3,3.6001,102.3395,Strait of Malacca,General Cargo,Boarded,0,0,AK-47,"General Cargo attacked by Riau Archipelago armed robbers at anchorage. MOA: nighttime stealth boarding at anchorage. Weapons observed: RPG-7. boarders rifled bridge & masters cabin, stole cash and electronics."
ASAM-1997-00103,2005-09-19T18:56:00,2005,9,3.5109,5.1063,Gulf of Guinea,Container Ship,Attempted,0,0,AK-47,Container Ship attacked by Bakassi Strike Force remnant approx 183nm offshore. MOA: AK-47 + GPMG armed boarding. Weapons observed: small arms. approach broken off after master sounded alarm and engaged firehoses.
ASAM-1998-00104,1993-09-06T21:45:00,1993,9,4.7491,101.0216,Strait of Malacca,Container Ship,Fired Upon,1,0,Knives,"Container Ship attacked by Riau Archipelago armed robbers approx 20nm offshore. MOA: nighttime stealth boarding at anchorage. Weapons observed: small arms. master engaged evasive maneuvers, RPG and small arms fire received; 3 crew sustained injuries."
ASAM-1999-00105,2017-02-09T14:16:00,2017,2,11.2908,-65.4557,Caribbean / Venezuelan,Bulk Carrier,Boarded,0,0,Unknown,"Bulk Carrier attacked by Trinidad-Tobago smuggler crew underway in transit lane. MOA: small arms intimidation. Weapons observed: AK-47. boarders rifled bridge & masters cabin, stole cash and electronics."
ASAM-2000-00106,2021-07-28T17:56:00,2021,7,-0.1623,7.0387,Gulf of Guinea,LPG/LNG Tanker,Suspicious Approach,0,0,Unknown,LPG/LNG Tanker attacked by Niger Delta militant offshoot in narrow channel. MOA: kidnap-for-ransom of officers. Weapons observed: RPG-7. unidentified skiff shadowed vessel for 18 minutes before withdrawing.
ASAM-2001-00107,2003-01-28T12:08:00,2003,1,2.2296,100.4381,Strait of Malacca,Container Ship,Attempted,0,0,Knives,Container Ship attacked by Riau Archipelago armed robbers approx 240nm offshore. MOA: nighttime stealth boarding at anchorage. Weapons observed: M16 + RPG. approach broken off after master sounded alarm and engaged firehoses.
ASAM-2002-00108,2006-05-11T15:27:00,2006,5,4.5949,100.0246,Strait of Malacca,Chemical Tanker,Boarded,1,0,AK-47,"Chemical Tanker attacked by Indonesian coastal gang at anchorage. MOA: nighttime stealth boarding at anchorage. Weapons observed: RPG-7. boarders rifled bridge & masters cabin, stole cash and electronics; 1 crew sustained injuries."
ASAM-2003-00109,2024-10-02T02:10:00,2024,10,7.7098,5.6548,Gulf of Guinea,Chemical Tanker,Fired Upon,1,0,Unknown,"Chemical Tanker attacked by Niger Delta militant offshoot at anchorage. MOA: kidnap-for-ransom of officers. Weapons observed: AK-47. master engaged evasive maneuvers, RPG and small arms fire received; 3 crew sustained injuries."
ASAM-2004-00110,2025-09-27T07:48:00,2025,9,11.5903,47.1841,Gulf of Aden,Container Ship,Boarded,1,0,Knives,"Container Ship attacked by Hobyo-Harardhere PAG underway in transit lane. MOA: grappling hook boarding at low freeboard. Weapons observed: RPG-7. boarders rifled bridge & masters cabin, stole cash and electronics; 3 crew sustained injuries."
ASAM-2005-00111,2012-06-02T17:12:00,2012,6,12.2649,49.5931,Gulf of Aden,Container Ship,Boarded,0,0,Unknown,"Container Ship attacked by Hobyo-Harardhere PAG underway in transit lane. MOA: RPG warning shot then boarding. Weapons observed: AK-47. boarders rifled bridge & masters cabin, stole cash and electronics."
ASAM-2006-00112,2004-07-14T01:17:00,2004,7,9.6137,112.7955,South China Sea,Container Ship,Boarded,0,0,RPG,"Container Ship attacked by Vietnamese coastal robbers at anchorage. MOA: stealth anchorage boarding. Weapons observed: small arms. boarders rifled bridge & masters cabin, stole cash and electronics."
ASAM-2007-00113,2016-01-10T02:02:00,2016,1,4.0794,120.1876,Sulu Sea,Tug & Barge,Hijacked,1,26,RPG,"Tug & Barge attacked by Sulu archipelago kidnapping ring approx 278nm offshore. MOA: M16 + RPG armed boarding. Weapons observed: M16 + RPG. vessel hijacked, crew of 18 taken to coastal anchorage; 2 crew sustained injuries; 26 crew taken hostage; ransom demand transmitted within 72h."
ASAM-2008-00114,2001-12-10T01:33:00,2001,12,12.5069,48.777,Gulf of Aden,Crude Oil Tanker,Boarded,0,0,AK-47,"Crude Oil Tanker attacked by Hobyo-Harardhere PAG approx 131nm offshore. MOA: RPG warning shot then boarding. Weapons observed: knives/machetes. boarders rifled bridge & masters cabin, stole cash and electronics."
ASAM-2009-00115,2008-06-03T14:21:00,2008,6,13.3883,48.1934,Gulf of Aden,General Cargo,Attempted,0,0,AK-47,General Cargo attacked by Somali pirate skiff network underway in transit lane. MOA: RPG warning shot then boarding. Weapons observed: knives/machetes. approach broken off after master sounded alarm and engaged firehoses.
ASAM-2010-00116,2019-09-06T14:22:00,2019,9,4.2788,6.2417,Gulf of Guinea,Crude Oil Tanker,Attempted,1,0,Unknown,Crude Oil Tanker attacked by Nigerian kidnap-for-ransom cell approx 169nm offshore. MOA: fast attack craft >150nm offshore. Weapons observed: small arms. approach broken off after master sounded alarm and engaged firehoses; 3 crew sustained injuries.
ASAM-2011-00117,2012-11-01T21:52:00,2012,11,1.6311,5.3132,Gulf of Guinea,Crude Oil Tanker,Boarded,0,0,Small arms,"Crude Oil Tanker attacked by Niger Delta militant offshoot underway in transit lane. MOA: kidnap-for-ransom of officers. Weapons observed: small arms. boarders rifled bridge & masters cabin, stole cash and electronics."
ASAM-2012-00118,2018-01-09T22:17:00,2018,1,3.1226,7.6532,Gulf of Guinea,LPG/LNG Tanker,Hijacked,1,20,RPG,"LPG/LNG Tanker attacked by Bakassi Strike Force remnant approx 252nm offshore. MOA: fast attack craft >150nm offshore. Weapons observed: AK-47. vessel hijacked, crew of 21 taken to coastal anchorage; 4 crew sustained injuries; 20 crew taken hostage; ransom demand transmitted within 72h."
ASAM-2013-00119,2015-12-21T19:18:00,2015,12,8.6972,111.6395,South China Sea,Bulk Carrier,Attempted,0,0,RPG,Bulk Carrier attacked by Vietnamese coastal robbers approx 160nm offshore. MOA: product theft (diesel siphoning). Weapons observed: M16 + RPG. approach broken off after master sounded alarm and engaged firehoses.
ASAM-2014-00120,2014-03-17T22:43:00,2014,3,9.2053,115.1583,South China Sea,Tug & Barge,Attempted,0,0,Small arms,Tug & Barge attacked by Vietnamese coastal robbers in narrow channel. MOA: product theft (diesel siphoning). Weapons observed: AK-47. approach broken off after master sounded alarm and engaged firehoses.
ASAM-2015-00121,1999-01-04T19:15:00,1999,1,11.7528,48.346,Gulf of Aden,Chemical Tanker,Boarded,0,3,RPG,"Chemical Tanker attacked by Hobyo-Harardhere PAG underway in transit lane. MOA: AK-47 small arms suppression. Weapons observed: small arms. boarders rifled bridge & masters cabin, stole cash and electronics; 3 crew taken hostage; ransom demand transmitted within 72h."
ASAM-2016-00122,2024-05-09T09:20:00,2024,5,5.3638,119.4926,Sulu Sea,General Cargo,Boarded,0,0,Knives,"General Cargo attacked by BIFF splinter group at anchorage. MOA: abduction of fishing crew. Weapons observed: AK-47. boarders rifled bridge & masters cabin, stole cash and electronics."
ASAM-2017-00123,2017-12-06T19:24:00,2017,12,6.3862,120.5636,Sulu Sea,Bulk Carrier,Attempted,1,0,Knives,Bulk Carrier attacked by BIFF splinter group approx 135nm offshore. MOA: hostage transfer to Jolo island camps. Weapons observed: small arms. approach broken off after master sounded alarm and engaged firehoses; 4 crew sustained injuries.
ASAM-2018-00124,2005-02-22T02:22:00,2005,2,2.3922,100.5316,Strait of Malacca,Bulk Carrier,Hijacked,0,16,Unknown,"Bulk Carrier attacked by Indonesian coastal gang in narrow channel. MOA: crew rob & flee in <30 min. Weapons observed: knives/machetes. vessel hijacked, crew of 14 taken to coastal anchorage; 16 crew taken hostage; ransom demand transmitted within 72h."
ASAM-2019-00125,2025-11-25T21:37:00,2025,11,4.0111,5.0071,Gulf of Guinea,Offshore Supply,Boarded,0,5,AK-47,"Offshore Supply attacked by Bakassi Strike Force remnant approx 21nm offshore. MOA: kidnap-for-ransom of officers. Weapons observed: knives/machetes. boarders rifled bridge & masters cabin, stole cash and electronics; 5 crew taken hostage; ransom demand transmitted within 72h."
ASAM-2020-00126,1996-04-02T05:39:00,1996,4,5.1191,120.9922,Sulu Sea,General Cargo,Boarded,0,0,Knives,"General Cargo attacked by BIFF splinter group in narrow channel. MOA: abduction of fishing crew. Weapons observed: M16 + RPG. boarders rifled bridge & masters cabin, stole cash and electronics."
ASAM-2021-00127,2006-07-11T02:38:00,2006,7,3.6994,6.2217,Gulf of Guinea,Container Ship,Attempted,0,0,Unknown,Container Ship attacked by Bakassi Strike Force remnant approx 200nm offshore. MOA: fast attack craft >150nm offshore. Weapons observed: RPG-7. approach broken off after master sounded alarm and engaged firehoses.
ASAM-2022-00128,2007-11-02T19:38:00,2007,11,10.5515,-66.2636,Caribbean / Venezuelan,Crude Oil Tanker,Boarded,0,6,Unknown,"Crude Oil Tanker attacked by Trinidad-Tobago smuggler crew at anchorage. MOA: crew theft + minor injuries. Weapons observed: AK-47. boarders rifled bridge & masters cabin, stole cash and electronics; 6 crew taken hostage; ransom demand transmitted within 72h."
ASAM-2023-00129,2021-01-24T22:25:00,2021,1,4.3403,4.2705,Gulf of Guinea,General Cargo,Boarded,0,0,AK-47,"General Cargo attacked by Bakassi Strike Force remnant at anchorage. MOA: fast attack craft >150nm offshore. Weapons observed: AK-47. boarders rifled bridge & masters cabin, stole cash and electronics."
ASAM-2024-00130,1998-05-11T20:59:00,1998,5,10.2086,110.8738,South China Sea,Crude Oil Tanker,Boarded,0,3,Small arms,"Crude Oil Tanker attacked by Vietnamese coastal robbers in narrow channel. MOA: product theft (diesel siphoning). Weapons observed: RPG-7. boarders rifled bridge & masters cabin, stole cash and electronics; 3 crew taken hostage; ransom demand transmitted within 72h."
ASAM-2025-00131,2017-08-12T02:45:00,2017,8,7.4424,119.3597,Sulu Sea,Tug & Barge,Attempted,0,0,Unknown,Tug & Barge attacked by BIFF splinter group approx 263nm offshore. MOA: M16 + RPG armed boarding. Weapons observed: AK-47. approach broken off after master sounded alarm and engaged firehoses.
ASAM-1993-00132,2013-09-08T18:28:00,2013,9,12.1474,-60.6661,Caribbean / Venezuelan,Container Ship,Attempted,0,0,Knives,Container Ship attacked by Venezuelan coastal gang underway in transit lane. MOA: small arms intimidation. Weapons observed: AK-47. approach broken off after master sounded alarm and engaged firehoses.
ASAM-1994-00133,2020-10-06T03:27:00,2020,10,3.3369,8.3058,Gulf of Guinea,General Cargo,Attempted,0,0,Unknown,General Cargo attacked by Niger Delta militant offshoot in narrow channel. MOA: kidnap-for-ransom of officers. Weapons observed: AK-47. approach broken off after master sounded alarm and engaged firehoses.
ASAM-1995-00134,2005-08-20T12:22:00,2005,8,3.8339,99.359,Strait of Malacca,Container Ship,Fired Upon,0,0,Unknown,"Container Ship attacked by Free Aceh splinter (historical) approx 178nm offshore. MOA: nighttime stealth boarding at anchorage. Weapons observed: RPG-7. master engaged evasive maneuvers, RPG and small arms fire received."
ASAM-1996-00135,2006-05-13T00:04:00,2006,5,3.0338,101.0394,Strait of Malacca,Chemical Tanker,Attempted,0,0,Knives,Chemical Tanker attacked by Riau Archipelago armed robbers approx 29nm offshore. MOA: fast skiff rob at narrow channel. Weapons observed: M16 + RPG. approach broken off after master sounded alarm and engaged firehoses.
ASAM-1997-00136,2010-08-17T19:21:00,2010,8,13.8329,48.3472,Gulf of Aden,Container Ship,Suspicious Approach,0,0,Knives,Container Ship attacked by Somali pirate skiff network approx 96nm offshore. MOA: RPG warning shot then boarding. Weapons observed: small arms. unidentified skiff shadowed vessel for 18 minutes before withdrawing.
ASAM-1998-00137,2019-02-18T01:21:00,2019,2,5.7673,1.8924,Gulf of Guinea,Bulk Carrier,Fired Upon,0,0,Small arms,"Bulk Carrier attacked by Bakassi Strike Force remnant in narrow channel. MOA: kidnap-for-ransom of officers. Weapons observed: RPG-7. master engaged evasive maneuvers, RPG and small arms fire received."
ASAM-1999-00138,2019-06-09T15:54:00,2019,6,3.5974,8.0743,Gulf of Guinea,Offshore Supply,Attempted,0,0,RPG,Offshore Supply attacked by Bakassi Strike Force remnant in narrow channel. MOA: tanker product theft (siphon). Weapons observed: AK-47. approach broken off after master sounded alarm and engaged firehoses.
ASAM-2000-00139,2008-05-28T18:15:00,2008,5,12.3165,50.5683,Gulf of Aden,Offshore Supply,Hijacked,1,12,Knives,"Offshore Supply attacked by Somali pirate skiff network underway in transit lane. MOA: AK-47 small arms suppression. Weapons observed: knives/machetes. vessel hijacked, crew of 25 taken to coastal anchorage; 2 crew sustained injuries; 12 crew taken hostage; ransom demand transmitted within 72h."
ASAM-2001-00140,2016-02-13T02:23:00,2016,2,9.6845,113.9895,South China Sea,Container Ship,Boarded,1,0,Small arms,"Container Ship attacked by Vietnamese coastal robbers in narrow channel. MOA: stealth anchorage boarding. Weapons observed: AK-47. boarders rifled bridge & masters cabin, stole cash and electronics; 1 crew sustained injuries."
ASAM-2002-00141,2015-02-25T19:36:00,2015,2,7.7575,112.0746,South China Sea,Fishing Vessel,Suspicious Approach,0,0,Unknown,Fishing Vessel attacked by Vietnamese coastal robbers in narrow channel. MOA: stealth anchorage boarding. Weapons observed: RPG-7. unidentified skiff shadowed vessel for 18 minutes before withdrawing.
ASAM-2003-00142,2017-03-17T20:24:00,2017,3,6.6214,121.0374,Sulu Sea,LPG/LNG Tanker,Boarded,0,0,RPG,"LPG/LNG Tanker attacked by Abu Sayyaf maritime cell approx 160nm offshore. MOA: speedboat intercept tug & barge. Weapons observed: knives/machetes. boarders rifled bridge & masters cabin, stole cash and electronics."
ASAM-2004-00143,2017-12-02T23:25:00,2017,12,5.043,119.0909,Sulu Sea,General Cargo,Fired Upon,1,0,AK-47,"General Cargo attacked by BIFF splinter group at anchorage. MOA: M16 + RPG armed boarding. Weapons observed: small arms. master engaged evasive maneuvers, RPG and small arms fire received; 1 crew sustained injuries."
ASAM-2005-00144,2016-06-11T04:59:00,2016,6,5.0812,119.4235,Sulu Sea,Fishing Vessel,Fired Upon,0,0,RPG,"Fishing Vessel attacked by Sulu archipelago kidnapping ring underway in transit lane. MOA: abduction of fishing crew. Weapons observed: small arms. master engaged evasive maneuvers, RPG and small arms fire received."
ASAM-2006-00145,2017-06-26T22:26:00,2017,6,6.1496,121.1012,Sulu Sea,Bulk Carrier,Boarded,0,0,Small arms,"Bulk Carrier attacked by Abu Sayyaf maritime cell approx 140nm offshore. MOA: M16 + RPG armed boarding. Weapons observed: knives/machetes. boarders rifled bridge & masters cabin, stole cash and electronics."
ASAM-2007-00146,2008-04-02T03:04:00,2008,4,5.1523,100.784,Strait of Malacca,Bulk Carrier,Fired Upon,0,0,RPG,"Bulk Carrier attacked by Indonesian coastal gang approx 176nm offshore. MOA: crew rob & flee in <30 min. Weapons observed: M16 + RPG. master engaged evasive maneuvers, RPG and small arms fire received."
ASAM-2008-00147,2006-07-09T02:07:00,2006,7,2.6536,99.4789,Strait of Malacca,Fishing Vessel,Boarded,0,3,AK-47,"Fishing Vessel attacked by Riau Archipelago armed robbers at anchorage. MOA: knife-armed boarders, no firearms. Weapons observed: small arms. boarders rifled bridge & masters cabin, stole cash and electronics; 3 crew taken hostage; ransom demand transmitted within 72h."
ASAM-2009-00148,2001-04-25T02:50:00,2001,4,5.8243,6.6538,Gulf of Guinea,Container Ship,Attempted,0,0,Small arms,Container Ship attacked by Bakassi Strike Force remnant underway in transit lane. MOA: AK-47 + GPMG armed boarding. Weapons observed: RPG-7. approach broken off after master sounded alarm and engaged firehoses.
ASAM-2010-00149,2024-02-14T21:32:00,2024,2,5.9431,120.4461,Sulu Sea,RoRo Vehicle Carrier,Boarded,0,0,Knives,"RoRo Vehicle Carrier attacked by BIFF splinter group underway in transit lane. MOA: hostage transfer to Jolo island camps. Weapons observed: small arms. boarders rifled bridge & masters cabin, stole cash and electronics."
ASAM-2011-00150,2003-06-27T22:23:00,2003,6,2.3022,99.1446,Strait of Malacca,Fishing Vessel,Boarded,0,0,Knives,"Fishing Vessel attacked by Free Aceh splinter (historical) at anchorage. MOA: fast skiff rob at narrow channel. Weapons observed: RPG-7. boarders rifled bridge & masters cabin, stole cash and electronics."
ASAM-2012-00151,2016-11-02T21:30:00,2016,11,12.6637,47.0662,Gulf of Aden,Container Ship,Boarded,1,0,RPG,"Container Ship attacked by Hobyo-Harardhere PAG at anchorage. MOA: RPG warning shot then boarding. Weapons observed: M16 + RPG. boarders rifled bridge & masters cabin, stole cash and electronics; 4 crew sustained injuries."
ASAM-2013-00152,2000-11-10T18:31:00,2000,11,6.1656,2.7811,Gulf of Guinea,Tug & Barge,Fired Upon,0,0,Small arms,"Tug & Barge attacked by Niger Delta militant offshoot in narrow channel. MOA: AK-47 + GPMG armed boarding. Weapons observed: M16 + RPG. master engaged evasive maneuvers, RPG and small arms fire received."
ASAM-2014-00153,1995-05-05T19:34:00,1995,5,2.6073,101.7458,Strait of Malacca,Chemical Tanker,Boarded,0,0,Small arms,"Chemical Tanker attacked by Free Aceh splinter (historical) at anchorage. MOA: knife-armed boarders, no firearms. Weapons observed: AK-47. boarders rifled bridge & masters cabin, stole cash and electronics."
ASAM-2015-00154,2011-01-24T03:08:00,2011,1,12.4987,49.172,Gulf of Aden,Bulk Carrier,Attempted,0,0,AK-47,Bulk Carrier attacked by Somali pirate skiff network approx 116nm offshore. MOA: grappling hook boarding at low freeboard. Weapons observed: AK-47. approach broken off after master sounded alarm and engaged firehoses.
ASAM-2016-00155,2014-04-18T06:15:00,2014,4,7.8167,111.1468,South China Sea,Container Ship,Boarded,0,0,AK-47,"Container Ship attacked by Vietnamese coastal robbers at anchorage. MOA: stealth anchorage boarding. Weapons observed: M16 + RPG. boarders rifled bridge & masters cabin, stole cash and electronics."
ASAM-2017-00156,1998-02-13T20:21:00,1998,2,4.539,100.6266,Strait of Malacca,Crude Oil Tanker,Hijacked,0,12,Small arms,"Crude Oil Tanker attacked by Riau Archipelago armed robbers in narrow channel. MOA: crew rob & flee in <30 min. Weapons observed: M16 + RPG. vessel hijacked, crew of 27 taken to coastal anchorage; 12 crew taken hostage; ransom demand transmitted within 72h."
ASAM-2018-00157,2005-04-03T04:57:00,2005,4,4.4267,99.5833,Strait of Malacca,Bulk Carrier,Fired Upon,0,0,AK-47,"Bulk Carrier attacked by Free Aceh splinter (historical) in narrow channel. MOA: fast skiff rob at narrow channel. Weapons observed: small arms. master engaged evasive maneuvers, RPG and small arms fire received."
ASAM-2019-00158,1999-01-17T22:27:00,1999,1,14.9184,51.5378,Gulf of Aden,Bulk Carrier,Attempted,0,0,RPG,Bulk Carrier attacked by Somali pirate skiff network in narrow channel. MOA: RPG warning shot then boarding. Weapons observed: M16 + RPG. approach broken off after master sounded alarm and engaged firehoses.
ASAM-2020-00159,2010-09-03T23:42:00,2010,9,11.2132,49.5999,Gulf of Aden,Bulk Carrier,Attempted,0,0,Knives,Bulk Carrier attacked by Puntland-based PAG approx 121nm offshore. MOA: mothership-launched skiff swarm. Weapons observed: M16 + RPG. approach broken off after master sounded alarm and engaged firehoses.
ASAM-2021-00160,2017-06-22T03:24:00,2017,6,6.6979,120.0983,Sulu Sea,Container Ship,Boarded,0,0,Unknown,"Container Ship attacked by Abu Sayyaf maritime cell underway in transit lane. MOA: speedboat intercept tug & barge. Weapons observed: RPG-7. boarders rifled bridge & masters cabin, stole cash and electronics."
ASAM-2022-00161,2016-09-25T21:57:00,2016,9,7.8882,115.7363,South China Sea,Offshore Supply,Boarded,0,0,Unknown,"Offshore Supply attacked by Filipino anchor-rob crew approx 35nm offshore. MOA: product theft (diesel siphoning). Weapons observed: M16 + RPG. boarders rifled bridge & masters cabin, stole cash and electronics."
ASAM-2023-00162,2016-08-09T02:47:00,2016,8,4.281,99.8355,Strait of Malacca,Bulk Carrier,Boarded,0,6,AK-47,"Bulk Carrier attacked by Free Aceh splinter (historical) in narrow channel. MOA: nighttime stealth boarding at anchorage. Weapons observed: RPG-7. boarders rifled bridge & masters cabin, stole cash and electronics; 6 crew taken hostage; ransom demand transmitted within 72h."
ASAM-2024-00163,2021-11-02T20:33:00,2021,11,12.1529,51.3382,Gulf of Aden,LPG/LNG Tanker,Boarded,0,0,Small arms,"LPG/LNG Tanker attacked by Hobyo-Harardhere PAG approx 90nm offshore. MOA: AK-47 small arms suppression. Weapons observed: small arms. boarders rifled bridge & masters cabin, stole cash and electronics."
ASAM-2025-00164,1998-06-28T01:06:00,1998,6,13.27,47.4435,Gulf of Aden,Tug & Barge,Boarded,0,0,AK-47,"Tug & Barge attacked by Puntland-based PAG underway in transit lane. MOA: RPG warning shot then boarding. Weapons observed: M16 + RPG. boarders rifled bridge & masters cabin, stole cash and electronics."
ASAM-1993-00165,2009-04-04T15:33:00,2009,4,0.4374,4.4358,Gulf of Guinea,Chemical Tanker,Boarded,0,0,Knives,"Chemical Tanker attacked by Nigerian kidnap-for-ransom cell approx 225nm offshore. MOA: tanker product theft (siphon). Weapons observed: RPG-7. boarders rifled bridge & masters cabin, stole cash and electronics."
ASAM-1994-00166,2019-11-12T18:31:00,2019,11,1.6375,6.5703,Gulf of Guinea,Crude Oil Tanker,Boarded,0,0,AK-47,"Crude Oil Tanker attacked by Bakassi Strike Force remnant approx 84nm offshore. MOA: kidnap-for-ransom of officers. Weapons observed: small arms. boarders rifled bridge & masters cabin, stole cash and electronics."
ASAM-1995-00167,2004-11-24T00:22:00,2004,11,3.1548,100.4557,Strait of Malacca,LPG/LNG Tanker,Attempted,0,0,AK-47,LPG/LNG Tanker attacked by Riau Archipelago armed robbers at anchorage. MOA: crew rob & flee in <30 min. Weapons observed: RPG-7. approach broken off after master sounded alarm and engaged firehoses.
ASAM-1996-00168,2018-08-17T04:21:00,2018,8,6.715,117.7346,Sulu Sea,Crude Oil Tanker,Boarded,0,0,AK-47,"Crude Oil Tanker attacked by Sulu archipelago kidnapping ring at anchorage. MOA: M16 + RPG armed boarding. Weapons observed: M16 + RPG. boarders rifled bridge & masters cabin, stole cash and electronics."
ASAM-1997-00169,2012-01-18T03:43:00,2012,1,5.0607,101.134,Strait of Malacca,Yacht,Hijacked,1,23,Knives,"Yacht attacked by Free Aceh splinter (historical) at anchorage. MOA: fast skiff rob at narrow channel. Weapons observed: RPG-7. vessel hijacked, crew of 15 taken to coastal anchorage; 3 crew sustained injuries; 23 crew taken hostage; ransom demand transmitted within 72h."
ASAM-1998-00170,2017-12-25T21:07:00,2017,12,6.0628,119.7205,Sulu Sea,Container Ship,Fired Upon,1,0,RPG,"Container Ship attacked by Sulu archipelago kidnapping ring underway in transit lane. MOA: speedboat intercept tug & barge. Weapons observed: knives/machetes. master engaged evasive maneuvers, RPG and small arms fire received; 1 crew sustained injuries."
ASAM-1999-00171,2005-03-24T03:07:00,2005,3,2.9642,100.1748,Strait of Malacca,Yacht,Fired Upon,0,0,Knives,"Yacht attacked by Indonesian coastal gang at anchorage. MOA: crew rob & flee in <30 min. Weapons observed: AK-47. master engaged evasive maneuvers, RPG and small arms fire received."
ASAM-2000-00172,1995-06-19T04:46:00,1995,6,4.6142,0.7392,Gulf of Guinea,Offshore Supply,Suspicious Approach,0,0,Knives,Offshore Supply attacked by Nigerian kidnap-for-ransom cell approx 203nm offshore. MOA: fast attack craft >150nm offshore. Weapons observed: AK-47. unidentified skiff shadowed vessel for 18 minutes before withdrawing.
ASAM-2001-00173,2018-03-25T20:14:00,2018,3,8.7156,-66.1464,Caribbean / Venezuelan,Chemical Tanker,Fired Upon,0,0,Knives,"Chemical Tanker attacked by Venezuelan coastal gang at anchorage. MOA: yacht boarding at anchorage. Weapons observed: AK-47. master engaged evasive maneuvers, RPG and small arms fire received."
ASAM-2002-00174,2015-03-23T03:09:00,2015,3,9.1986,112.6341,South China Sea,General Cargo,Boarded,0,0,AK-47,"General Cargo attacked by Vietnamese coastal robbers approx 79nm offshore. MOA: stealth anchorage boarding. Weapons observed: small arms. boarders rifled bridge & masters cabin, stole cash and electronics."
ASAM-2003-00175,2019-09-04T21:21:00,2019,9,3.0361,8.9795,Gulf of Guinea,Yacht,Fired Upon,0,0,AK-47,"Yacht attacked by Niger Delta militant offshoot approx 199nm offshore. MOA: AK-47 + GPMG armed boarding. Weapons observed: small arms. master engaged evasive maneuvers, RPG and small arms fire received."
ASAM-2004-00176,2018-05-14T10:21:00,2018,5,1.2177,6.9295,Gulf of Guinea,Container Ship,Attempted,1,0,RPG,Container Ship attacked by Niger Delta militant offshoot in narrow channel. MOA: tanker product theft (siphon). Weapons observed: AK-47. approach broken off after master sounded alarm and engaged firehoses; 4 crew sustained injuries.
ASAM-2005-00177,2006-02-06T19:15:00,2006,2,3.3169,102.163,Strait of Malacca,Fishing Vessel,Boarded,0,0,RPG,"Fishing Vessel attacked by Free Aceh splinter (historical) underway in transit lane. MOA: crew rob & flee in <30 min. Weapons observed: small arms. boarders rifled bridge & masters cabin, stole cash and electronics."
ASAM-2006-00178,1995-12-21T18:35:00,1995,12,4.1131,4.8137,Gulf of Guinea,Bulk Carrier,Suspicious Approach,0,0,AK-47,Bulk Carrier attacked by Niger Delta militant offshoot underway in transit lane. MOA: tanker product theft (siphon). Weapons observed: knives/machetes. unidentified skiff shadowed vessel for 18 minutes before withdrawing.
ASAM-2007-00179,2018-12-21T04:34:00,2018,12,10.452,-64.6818,Caribbean / Venezuelan,Yacht,Boarded,0,0,Unknown,"Yacht attacked by Trinidad-Tobago smuggler crew approx 261nm offshore. MOA: yacht boarding at anchorage. Weapons observed: knives/machetes. boarders rifled bridge & masters cabin, stole cash and electronics."
ASAM-2008-00180,2016-06-06T21:45:00,2016,6,9.0392,114.6073,South China Sea,Chemical Tanker,Suspicious Approach,0,0,Unknown,Chemical Tanker attacked by Filipino anchor-rob crew at anchorage. MOA: product theft (diesel siphoning). Weapons observed: M16 + RPG. unidentified skiff shadowed vessel for 18 minutes before withdrawing.
ASAM-2009-00181,2005-10-14T02:23:00,2005,10,2.7926,98.1934,Strait of Malacca,Bulk Carrier,Boarded,0,0,Knives,"Bulk Carrier attacked by Free Aceh splinter (historical) underway in transit lane. MOA: nighttime stealth boarding at anchorage. Weapons observed: RPG-7. boarders rifled bridge & masters cabin, stole cash and electronics."
ASAM-2010-00182,2024-02-16T10:06:00,2024,2,5.9431,121.8926,Sulu Sea,General Cargo,Boarded,1,0,RPG,"General Cargo attacked by Abu Sayyaf maritime cell in narrow channel. MOA: M16 + RPG armed boarding. Weapons observed: M16 + RPG. boarders rifled bridge & masters cabin, stole cash and electronics; 1 crew sustained injuries."
ASAM-2011-00183,2018-08-07T00:32:00,2018,8,6.6727,2.6202,Gulf of Guinea,Container Ship,Attempted,0,0,Knives,Container Ship attacked by Nigerian kidnap-for-ransom cell underway in transit lane. MOA: AK-47 + GPMG armed boarding. Weapons observed: M16 + RPG. approach broken off after master sounded alarm and engaged firehoses.
ASAM-2012-00184,2018-01-10T03:40:00,2018,1,5.6453,7.9417,Gulf of Guinea,Yacht,Boarded,0,4,Unknown,"Yacht attacked by Bakassi Strike Force remnant in narrow channel. MOA: kidnap-for-ransom of officers. Weapons observed: RPG-7. boarders rifled bridge & masters cabin, stole cash and electronics; 4 crew taken hostage; ransom demand transmitted within 72h."
ASAM-2013-00185,2004-07-13T03:45:00,2004,7,5.663,99.055,Strait of Malacca,Bulk Carrier,Fired Upon,0,0,Unknown,"Bulk Carrier attacked by Indonesian coastal gang in narrow channel. MOA: crew rob & flee in <30 min. Weapons observed: RPG-7. master engaged evasive maneuvers, RPG and small arms fire received."
ASAM-2014-00186,2001-05-09T01:39:00,2001,5,10.6197,114.9587,South China Sea,Crude Oil Tanker,Attempted,0,0,Small arms,Crude Oil Tanker attacked by Vietnamese coastal robbers approx 136nm offshore. MOA: stealth anchorage boarding. Weapons observed: knives/machetes. approach broken off after master sounded alarm and engaged firehoses.
ASAM-2015-00187,2012-08-10T03:08:00,2012,8,3.2306,99.243,Strait of Malacca,Tug & Barge,Boarded,1,0,Small arms,"Tug & Barge attacked by Indonesian coastal gang approx 279nm offshore. MOA: nighttime stealth boarding at anchorage. Weapons observed: M16 + RPG. boarders rifled bridge & masters cabin, stole cash and electronics; 4 crew sustained injuries."
ASAM-2016-00188,2010-10-06T02:12:00,2010,10,12.1055,48.2728,Gulf of Aden,Container Ship,Attempted,0,0,AK-47,Container Ship attacked by Hobyo-Harardhere PAG in narrow channel. MOA: grappling hook boarding at low freeboard. Weapons observed: AK-47. approach broken off after master sounded alarm and engaged firehoses.
ASAM-2017-00189,2016-03-07T05:14:00,2016,3,5.5448,121.0952,Sulu Sea,Bulk Carrier,Fired Upon,1,0,Knives,"Bulk Carrier attacked by Abu Sayyaf maritime cell underway in transit lane. MOA: speedboat intercept tug & barge. Weapons observed: AK-47. master engaged evasive maneuvers, RPG and small arms fire received; 1 crew sustained injuries."
ASAM-2018-00190,2018-11-08T15:52:00,2018,11,5.1153,5.0498,Gulf of Guinea,Chemical Tanker,Attempted,0,0,Unknown,Chemical Tanker attacked by Bakassi Strike Force remnant at anchorage. MOA: AK-47 + GPMG armed boarding. Weapons observed: M16 + RPG. approach broken off after master sounded alarm and engaged firehoses.
ASAM-2019-00191,2017-07-18T00:05:00,2017,7,5.0454,121.2142,Sulu Sea,Container Ship,Boarded,0,0,Knives,"Container Ship attacked by Abu Sayyaf maritime cell in narrow channel. MOA: hostage transfer to Jolo island camps. Weapons observed: AK-47. boarders rifled bridge & masters cabin, stole cash and electronics."
ASAM-2020-00192,1994-08-27T04:49:00,1994,8,13.4825,49.7103,Gulf of Aden,Fishing Vessel,Boarded,0,0,AK-47,"Fishing Vessel attacked by Somali pirate skiff network underway in transit lane. MOA: grappling hook boarding at low freeboard. Weapons observed: knives/machetes. boarders rifled bridge & masters cabin, stole cash and electronics."
ASAM-2021-00193,1996-08-20T00:10:00,1996,8,3.2988,3.2892,Gulf of Guinea,Container Ship,Attempted,0,0,Knives,Container Ship attacked by Nigerian kidnap-for-ransom cell approx 251nm offshore. MOA: tanker product theft (siphon). Weapons observed: RPG-7. approach broken off after master sounded alarm and engaged firehoses.
ASAM-2022-00194,2003-12-14T05:58:00,2003,12,3.945,3.4235,Gulf of Guinea,RoRo Vehicle Carrier,Boarded,1,2,Small arms,"RoRo Vehicle Carrier attacked by Nigerian kidnap-for-ransom cell at anchorage. MOA: AK-47 + GPMG armed boarding. Weapons observed: knives/machetes. boarders rifled bridge & masters cabin, stole cash and electronics; 4 crew sustained injuries; 2 crew taken hostage; ransom demand transmitted within 72h."
ASAM-2023-00195,2018-04-22T04:07:00,2018,4,6.9133,121.9031,Sulu Sea,Bulk Carrier,Attempted,0,0,AK-47,Bulk Carrier attacked by Sulu archipelago kidnapping ring approx 28nm offshore. MOA: M16 + RPG armed boarding. Weapons observed: AK-47. approach broken off after master sounded alarm and engaged firehoses.
ASAM-2024-00196,2001-07-10T01:35:00,2001,7,14.2209,49.3303,Gulf of Aden,Chemical Tanker,Fired Upon,0,0,Unknown,"Chemical Tanker attacked by Somali pirate skiff network approx 72nm offshore. MOA: grappling hook boarding at low freeboard. Weapons observed: RPG-7. master engaged evasive maneuvers, RPG and small arms fire received."
ASAM-2025-00197,2006-11-05T03:33:00,2006,11,5.5267,119.7239,Sulu Sea,Fishing Vessel,Fired Upon,0,0,AK-47,"Fishing Vessel attacked by Abu Sayyaf maritime cell underway in transit lane. MOA: hostage transfer to Jolo island camps. Weapons observed: M16 + RPG. master engaged evasive maneuvers, RPG and small arms fire received."
ASAM-1993-00198,2016-06-11T03:03:00,2016,6,12.9243,45.8282,Gulf of Aden,RoRo Vehicle Carrier,Attempted,0,0,Small arms,RoRo Vehicle Carrier attacked by Hobyo-Harardhere PAG underway in transit lane. MOA: mothership-launched skiff swarm. Weapons observed: AK-47. approach broken off after master sounded alarm and engaged firehoses.
ASAM-1994-00199,2016-03-21T20:26:00,2016,3,7.1991,111.2808,South China Sea,Container Ship,Attempted,0,0,Unknown,Container Ship attacked by Filipino anchor-rob crew in narrow channel. MOA: product theft (diesel siphoning). Weapons observed: knives/machetes. approach broken off after master sounded alarm and engaged firehoses.
ASAM-1995-00200,2019-06-07T19:23:00,2019,6,4.9375,4.0363,Gulf of Guinea,Yacht,Suspicious Approach,0,0,Small arms,Yacht attacked by Niger Delta militant offshoot underway in transit lane. MOA: kidnap-for-ransom of officers. Weapons observed: knives/machetes. unidentified skiff shadowed vessel for 18 minutes before withdrawing.
ASAM-1996-00201,2023-02-26T07:22:00,2023,2,6.8115,119.7713,Sulu Sea,Container Ship,Attempted,0,0,Unknown,Container Ship attacked by Sulu archipelago kidnapping ring at anchorage. MOA: speedboat intercept tug & barge. Weapons observed: small arms. approach broken off after master sounded alarm and engaged firehoses.
ASAM-1997-00202,2010-01-09T00:19:00,2010,1,13.6891,53.2838,Gulf of Aden,Bulk Carrier,Boarded,0,0,Unknown,"Bulk Carrier attacked by Puntland-based PAG underway in transit lane. MOA: grappling hook boarding at low freeboard. Weapons observed: M16 + RPG. boarders rifled bridge & masters cabin, stole cash and electronics."
ASAM-1998-00203,2006-09-18T01:15:00,2006,9,4.5476,98.3885,Strait of Malacca,Container Ship,Boarded,1,0,Knives,"Container Ship attacked by Indonesian coastal gang underway in transit lane. MOA: nighttime stealth boarding at anchorage. Weapons observed: M16 + RPG. boarders rifled bridge & masters cabin, stole cash and electronics; 2 crew sustained injuries."
ASAM-1999-00204,2018-01-12T20:09:00,2018,1,4.3432,5.3615,Gulf of Guinea,LPG/LNG Tanker,Attempted,0,0,Small arms,LPG/LNG Tanker attacked by Bakassi Strike Force remnant underway in transit lane. MOA: fast attack craft >150nm offshore. Weapons observed: knives/machetes. approach broken off after master sounded alarm and engaged firehoses.
ASAM-2000-00205,2001-04-17T19:41:00,2001,4,1.5317,99.1066,Strait of Malacca,Crude Oil Tanker,Boarded,1,0,Small arms,"Crude Oil Tanker attacked by Indonesian coastal gang approx 233nm offshore. MOA: fast skiff rob at narrow channel. Weapons observed: AK-47. boarders rifled bridge & masters cabin, stole cash and electronics; 4 crew sustained injuries."
ASAM-2001-00206,2024-06-11T18:05:00,2024,6,3.3398,100.3591,Strait of Malacca,General Cargo,Boarded,0,0,AK-47,"General Cargo attacked by Indonesian coastal gang in narrow channel. MOA: nighttime stealth boarding at anchorage. Weapons observed: RPG-7. boarders rifled bridge & masters cabin, stole cash and electronics."
ASAM-2002-00207,2019-01-06T01:28:00,2019,1,3.4067,4.7879,Gulf of Guinea,Tug & Barge,Boarded,0,0,Small arms,"Tug & Barge attacked by Niger Delta militant offshoot approx 166nm offshore. MOA: AK-47 + GPMG armed boarding. Weapons observed: knives/machetes. boarders rifled bridge & masters cabin, stole cash and electronics."
ASAM-2003-00208,2006-08-11T05:50:00,2006,8,3.695,100.1348,Strait of Malacca,Fishing Vessel,Boarded,0,0,RPG,"Fishing Vessel attacked by Free Aceh splinter (historical) underway in transit lane. MOA: crew rob & flee in <30 min. Weapons observed: AK-47. boarders rifled bridge & masters cabin, stole cash and electronics."
ASAM-2004-00209,1999-11-17T03:09:00,1999,11,13.6252,51.0297,Gulf of Aden,Bulk Carrier,Attempted,0,0,Unknown,Bulk Carrier attacked by Puntland-based PAG approx 52nm offshore. MOA: mothership-launched skiff swarm. Weapons observed: RPG-7. approach broken off after master sounded alarm and engaged firehoses.
ASAM-2005-00210,2009-12-20T09:18:00,2009,12,11.2571,49.8995,Gulf of Aden,Crude Oil Tanker,Boarded,1,0,Unknown,"Crude Oil Tanker attacked by Somali pirate skiff network approx 270nm offshore. MOA: AK-47 small arms suppression. Weapons observed: AK-47. boarders rifled bridge & masters cabin, stole cash and electronics; 3 crew sustained injuries."
ASAM-2006-00211,2006-07-16T03:17:00,2006,7,3.7762,99.4546,Strait of Malacca,Fishing Vessel,Suspicious Approach,0,0,Knives,Fishing Vessel attacked by Free Aceh splinter (historical) at anchorage. MOA: fast skiff rob at narrow channel. Weapons observed: M16 + RPG. unidentified skiff shadowed vessel for 18 minutes before withdrawing.
ASAM-2007-00212,2005-06-14T11:06:00,2005,6,2.9614,102.9649,Strait of Malacca,LPG/LNG Tanker,Boarded,1,0,AK-47,"LPG/LNG Tanker attacked by Riau Archipelago armed robbers underway in transit lane. MOA: crew rob & flee in <30 min. Weapons observed: M16 + RPG. boarders rifled bridge & masters cabin, stole cash and electronics; 4 crew sustained injuries."
ASAM-2008-00213,2020-07-04T17:38:00,2020,7,2.2658,6.4122,Gulf of Guinea,Chemical Tanker,Attempted,1,0,Unknown,Chemical Tanker attacked by Bakassi Strike Force remnant approx 46nm offshore. MOA: tanker product theft (siphon). Weapons observed: AK-47. approach broken off after master sounded alarm and engaged firehoses; 3 crew sustained injuries.
ASAM-2009-00214,2018-02-24T01:35:00,2018,2,5.1639,119.3485,Sulu Sea,LPG/LNG Tanker,Boarded,0,0,Small arms,"LPG/LNG Tanker attacked by Sulu archipelago kidnapping ring at anchorage. MOA: hostage transfer to Jolo island camps. Weapons observed: RPG-7. boarders rifled bridge & masters cabin, stole cash and electronics."
ASAM-2010-00215,2018-01-05T06:34:00,2018,1,1.9511,4.8941,Gulf of Guinea,General Cargo,Boarded,0,0,Unknown,"General Cargo attacked by Niger Delta militant offshoot at anchorage. MOA: tanker product theft (siphon). Weapons observed: knives/machetes. boarders rifled bridge & masters cabin, stole cash and electronics."
ASAM-2011-00216,2012-05-09T13:22:00,2012,5,13.4717,51.0726,Gulf of Aden,Container Ship,Boarded,0,3,Knives,"Container Ship attacked by Puntland-based PAG in narrow channel. MOA: grappling hook boarding at low freeboard. Weapons observed: knives/machetes. boarders rifled bridge & masters cabin, stole cash and electronics; 3 crew taken hostage; ransom demand transmitted within 72h."
ASAM-2012-00217,2008-11-12T19:00:00,2008,11,13.6828,49.1562,Gulf of Aden,Container Ship,Attempted,0,0,Unknown,Container Ship attacked by Puntland-based PAG at anchorage. MOA: RPG warning shot then boarding. Weapons observed: knives/machetes. approach broken off after master sounded alarm and engaged firehoses.
ASAM-2013-00218,2025-01-06T03:51:00,2025,1,12.7844,51.2575,Gulf of Aden,Chemical Tanker,Attempted,0,0,RPG,Chemical Tanker attacked by Puntland-based PAG approx 60nm offshore. MOA: mothership-launched skiff swarm. Weapons observed: RPG-7. approach broken off after master sounded alarm and engaged firehoses.
ASAM-2014-00219,2001-04-10T22:12:00,2001,4,2.6192,5.2384,Gulf of Guinea,Chemical Tanker,Hijacked,0,10,Knives,"Chemical Tanker attacked by Niger Delta militant offshoot approx 99nm offshore. MOA: kidnap-for-ransom of officers. Weapons observed: RPG-7. vessel hijacked, crew of 14 taken to coastal anchorage; 10 crew taken hostage; ransom demand transmitted within 72h."
ASAM-2015-00220,2018-04-14T21:06:00,2018,4,6.8206,119.5477,Sulu Sea,Yacht,Hijacked,0,21,AK-47,"Yacht attacked by Sulu archipelago kidnapping ring in narrow channel. MOA: M16 + RPG armed boarding. Weapons observed: RPG-7. vessel hijacked, crew of 13 taken to coastal anchorage; 21 crew taken hostage; ransom demand transmitted within 72h."
ASAM-2016-00221,1994-01-02T13:59:00,1994,1,4.4541,5.9787,Gulf of Guinea,General Cargo,Boarded,1,0,RPG,"General Cargo attacked by Niger Delta militant offshoot at anchorage. MOA: tanker product theft (siphon). Weapons observed: knives/machetes. boarders rifled bridge & masters cabin, stole cash and electronics; 1 crew sustained injuries."
ASAM-2017-00222,2017-01-07T01:15:00,2017,1,5.7221,119.8814,Sulu Sea,General Cargo,Boarded,0,0,RPG,"General Cargo attacked by Abu Sayyaf maritime cell in narrow channel. MOA: hostage transfer to Jolo island camps. Weapons observed: M16 + RPG. boarders rifled bridge & masters cabin, stole cash and electronics."
ASAM-2018-00223,1997-08-13T17:43:00,1997,8,9.511,111.6854,South China Sea,Container Ship,Hijacked,0,8,Unknown,"Container Ship attacked by Filipino anchor-rob crew at anchorage. MOA: stealth anchorage boarding. Weapons observed: small arms. vessel hijacked, crew of 22 taken to coastal anchorage; 8 crew taken hostage; ransom demand transmitted within 72h."
ASAM-2019-00224,2022-09-12T09:40:00,2022,9,3.4942,6.8559,Gulf of Guinea,Tug & Barge,Hijacked,0,13,AK-47,"Tug & Barge attacked by Niger Delta militant offshoot approx 36nm offshore. MOA: AK-47 + GPMG armed boarding. Weapons observed: RPG-7. vessel hijacked, crew of 16 taken to coastal anchorage; 13 crew taken hostage; ransom demand transmitted within 72h."
ASAM-2020-00225,2017-07-02T06:24:00,2017,7,4.0029,3.0363,Gulf of Guinea,Crude Oil Tanker,Suspicious Approach,0,0,AK-47,Crude Oil Tanker attacked by Nigerian kidnap-for-ransom cell underway in transit lane. MOA: AK-47 + GPMG armed boarding. Weapons observed: M16 + RPG. unidentified skiff shadowed vessel for 18 minutes before withdrawing.
ASAM-2021-00226,2003-07-02T18:42:00,2003,7,3.6797,102.4,Strait of Malacca,General Cargo,Boarded,0,0,AK-47,"General Cargo attacked by Riau Archipelago armed robbers approx 122nm offshore. MOA: fast skiff rob at narrow channel. Weapons observed: small arms. boarders rifled bridge & masters cabin, stole cash and electronics."
ASAM-2022-00227,2018-09-26T20:22:00,2018,9,10.8801,-66.1397,Caribbean / Venezuelan,Bulk Carrier,Attempted,0,0,Unknown,Bulk Carrier attacked by Trinidad-Tobago smuggler crew underway in transit lane. MOA: small arms intimidation. Weapons observed: M16 + RPG. approach broken off after master sounded alarm and engaged firehoses.
ASAM-2023-00228,2022-04-05T20:39:00,2022,4,6.0266,120.217,Sulu Sea,Container Ship,Attempted,0,0,Small arms,Container Ship attacked by Abu Sayyaf maritime cell underway in transit lane. MOA: M16 + RPG armed boarding. Weapons observed: small arms. approach broken off after master sounded alarm and engaged firehoses.
ASAM-2024-00229,2001-03-21T22:47:00,2001,3,9.0956,113.7549,South China Sea,Chemical Tanker,Boarded,0,0,RPG,"Chemical Tanker attacked by Vietnamese coastal robbers in narrow channel. MOA: stealth anchorage boarding. Weapons observed: RPG-7. boarders rifled bridge & masters cabin, stole cash and electronics."
ASAM-2025-00230,2021-05-14T23:48:00,2021,5,4.3734,5.8055,Gulf of Guinea,Bulk Carrier,Boarded,0,3,Small arms,"Bulk Carrier attacked by Bakassi Strike Force remnant approx 248nm offshore. MOA: tanker product theft (siphon). Weapons observed: AK-47. boarders rifled bridge & masters cabin, stole cash and electronics; 3 crew taken hostage; ransom demand transmitted within 72h."
ASAM-1993-00231,1994-03-08T00:28:00,1994,3,6.7948,4.206,Gulf of Guinea,Bulk Carrier,Attempted,0,0,AK-47,Bulk Carrier attacked by Niger Delta militant offshoot at anchorage. MOA: fast attack craft >150nm offshore. Weapons observed: small arms. approach broken off after master sounded alarm and engaged firehoses.
ASAM-1994-00232,2001-11-18T18:48:00,2001,11,11.6383,48.6782,Gulf of Aden,General Cargo,Boarded,0,1,Small arms,"General Cargo attacked by Puntland-based PAG in narrow channel. MOA: RPG warning shot then boarding. Weapons observed: AK-47. boarders rifled bridge & masters cabin, stole cash and electronics; 1 crew taken hostage; ransom demand transmitted within 72h."
ASAM-1995-00233,2007-09-04T18:32:00,2007,9,3.4407,100.4338,Strait of Malacca,Bulk Carrier,Boarded,0,0,AK-47,"Bulk Carrier attacked by Free Aceh splinter (historical) underway in transit lane. MOA: crew rob & flee in <30 min. Weapons observed: RPG-7. boarders rifled bridge & masters cabin, stole cash and electronics."
ASAM-1996-00234,2009-06-02T19:37:00,2009,6,12.1335,49.3866,Gulf of Aden,Container Ship,Boarded,0,5,Small arms,"Container Ship attacked by Puntland-based PAG at anchorage. MOA: RPG warning shot then boarding. Weapons observed: small arms. boarders rifled bridge & masters cabin, stole cash and electronics; 5 crew taken hostage; ransom demand transmitted within 72h."
ASAM-1997-00235,2021-07-24T02:00:00,2021,7,9.9709,111.1077,South China Sea,Bulk Carrier,Attempted,0,0,RPG,Bulk Carrier attacked by Vietnamese coastal robbers approx 94nm offshore. MOA: stealth anchorage boarding. Weapons observed: AK-47. approach broken off after master sounded alarm and engaged firehoses.
ASAM-1998-00236,2016-05-04T17:49:00,2016,5,6.0326,121.717,Sulu Sea,Bulk Carrier,Attempted,0,0,Small arms,Bulk Carrier attacked by Abu Sayyaf maritime cell underway in transit lane. MOA: abduction of fishing crew. Weapons observed: knives/machetes. approach broken off after master sounded alarm and engaged firehoses.
ASAM-1999-00237,2018-03-02T21:16:00,2018,3,4.2513,5.9835,Gulf of Guinea,LPG/LNG Tanker,Attempted,0,0,AK-47,LPG/LNG Tanker attacked by Bakassi Strike Force remnant approx 245nm offshore. MOA: tanker product theft (siphon). Weapons observed: small arms. approach broken off after master sounded alarm and engaged firehoses.
ASAM-2000-00238,2016-12-05T21:07:00,2016,12,5.395,120.2052,Sulu Sea,General Cargo,Hijacked,0,11,Knives,"General Cargo attacked by Abu Sayyaf maritime cell at anchorage. MOA: M16 + RPG armed boarding. Weapons observed: AK-47. vessel hijacked, crew of 25 taken to coastal anchorage; 11 crew taken hostage; ransom demand transmitted within 72h."
ASAM-2001-00239,2011-06-06T22:40:00,2011,6,11.6259,48.9986,Gulf of Aden,Bulk Carrier,Boarded,0,0,Small arms,"Bulk Carrier attacked by Puntland-based PAG in narrow channel. MOA: RPG warning shot then boarding. Weapons observed: M16 + RPG. boarders rifled bridge & masters cabin, stole cash and electronics."
ASAM-2002-00240,2018-02-22T21:28:00,2018,2,5.3582,9.2757,Gulf of Guinea,Container Ship,Boarded,1,0,Unknown,"Container Ship attacked by Bakassi Strike Force remnant underway in transit lane. MOA: kidnap-for-ransom of officers. Weapons observed: small arms. boarders rifled bridge & masters cabin, stole cash and electronics; 1 crew sustained injuries."
ASAM-2003-00241,2009-02-27T01:47:00,2009,2,14.0333,48.191,Gulf of Aden,RoRo Vehicle Carrier,Attempted,0,0,Unknown,RoRo Vehicle Carrier attacked by Somali pirate skiff network at anchorage. MOA: mothership-launched skiff swarm. Weapons observed: M16 + RPG. approach broken off after master sounded alarm and engaged firehoses.
ASAM-2004-00242,2019-12-18T01:33:00,2019,12,3.1897,6.3999,Gulf of Guinea,Bulk Carrier,Suspicious Approach,0,0,Small arms,Bulk Carrier attacked by Bakassi Strike Force remnant approx 274nm offshore. MOA: tanker product theft (siphon). Weapons observed: M16 + RPG. unidentified skiff shadowed vessel for 18 minutes before withdrawing.
ASAM-2005-00243,2015-09-27T00:10:00,2015,9,9.3395,115.7133,South China Sea,Chemical Tanker,Attempted,0,0,RPG,Chemical Tanker attacked by Vietnamese coastal robbers approx 223nm offshore. MOA: stealth anchorage boarding. Weapons observed: AK-47. approach broken off after master sounded alarm and engaged firehoses.
ASAM-2006-00244,2012-02-15T19:52:00,2012,2,12.1544,48.5342,Gulf of Aden,Container Ship,Attempted,0,0,RPG,Container Ship attacked by Puntland-based PAG in narrow channel. MOA: RPG warning shot then boarding. Weapons observed: small arms. approach broken off after master sounded alarm and engaged firehoses.
ASAM-2007-00245,2015-09-20T05:28:00,2015,9,6.4459,6.9337,Gulf of Guinea,Bulk Carrier,Attempted,0,0,Knives,Bulk Carrier attacked by Niger Delta militant offshoot at anchorage. MOA: fast attack craft >150nm offshore. Weapons observed: RPG-7. approach broken off after master sounded alarm and engaged firehoses.
ASAM-2008-00246,2004-01-03T03:11:00,2004,1,4.4123,100.161,Strait of Malacca,Chemical Tanker,Boarded,0,4,RPG,"Chemical Tanker attacked by Indonesian coastal gang underway in transit lane. MOA: crew rob & flee in <30 min. Weapons observed: RPG-7. boarders rifled bridge & masters cabin, stole cash and electronics; 4 crew taken hostage; ransom demand transmitted within 72h."
ASAM-2009-00247,2018-08-05T02:46:00,2018,8,5.2557,121.7881,Sulu Sea,Fishing Vessel,Boarded,0,3,Knives,"Fishing Vessel attacked by Sulu archipelago kidnapping ring in narrow channel. MOA: abduction of fishing crew. Weapons observed: AK-47. boarders rifled bridge & masters cabin, stole cash and electronics; 3 crew taken hostage; ransom demand transmitted within 72h."
ASAM-2010-00248,2016-10-09T04:05:00,2016,10,5.957,118.8804,Sulu Sea,Fishing Vessel,Attempted,0,0,Unknown,Fishing Vessel attacked by BIFF splinter group underway in transit lane. MOA: hostage transfer to Jolo island camps. Weapons observed: M16 + RPG. approach broken off after master sounded alarm and engaged firehoses.
ASAM-2011-00249,2021-12-03T21:53:00,2021,12,0.8035,9.5425,Gulf of Guinea,LPG/LNG Tanker,Hijacked,0,10,Small arms,"LPG/LNG Tanker attacked by Bakassi Strike Force remnant at anchorage. MOA: AK-47 + GPMG armed boarding. Weapons observed: small arms. vessel hijacked, crew of 12 taken to coastal anchorage; 10 crew taken hostage; ransom demand transmitted within 72h."
ASAM-2012-00250,2012-07-22T04:30:00,2012,7,14.2873,48.3385,Gulf of Aden,Fishing Vessel,Attempted,0,0,RPG,Fishing Vessel attacked by Hobyo-Harardhere PAG at anchorage. MOA: grappling hook boarding at low freeboard. Weapons observed: knives/machetes. approach broken off after master sounded alarm and engaged firehoses.
ASAM-2013-00251,2009-12-12T04:24:00,2009,12,12.4947,49.0695,Gulf of Aden,Fishing Vessel,Fired Upon,1,0,AK-47,"Fishing Vessel attacked by Puntland-based PAG in narrow channel. MOA: AK-47 small arms suppression. Weapons observed: AK-47. master engaged evasive maneuvers, RPG and small arms fire received; 4 crew sustained injuries."
ASAM-2014-00252,1996-08-06T22:58:00,1996,8,12.3644,47.2932,Gulf of Aden,General Cargo,Fired Upon,0,0,Knives,"General Cargo attacked by Puntland-based PAG approx 117nm offshore. MOA: grappling hook boarding at low freeboard. Weapons observed: M16 + RPG. master engaged evasive maneuvers, RPG and small arms fire received."
ASAM-2015-00253,2014-10-07T19:44:00,2014,10,3.848,101.4852,Strait of Malacca,Crude Oil Tanker,Attempted,0,0,RPG,Crude Oil Tanker attacked by Riau Archipelago armed robbers approx 246nm offshore. MOA: fast skiff rob at narrow channel. Weapons observed: knives/machetes. approach broken off after master sounded alarm and engaged firehoses.
ASAM-2016-00254,2014-01-19T18:18:00,2014,1,11.4221,47.7165,Gulf of Aden,Bulk Carrier,Attempted,0,0,AK-47,Bulk Carrier attacked by Somali pirate skiff network underway in transit lane. MOA: RPG warning shot then boarding. Weapons observed: knives/machetes. approach broken off after master sounded alarm and engaged firehoses.
ASAM-2017-00255,2018-11-02T00:12:00,2018,11,4.7374,6.8432,Gulf of Guinea,Crude Oil Tanker,Fired Upon,0,0,Small arms,"Crude Oil Tanker attacked by Niger Delta militant offshoot underway in transit lane. MOA: AK-47 + GPMG armed boarding. Weapons observed: M16 + RPG. master engaged evasive maneuvers, RPG and small arms fire received."
ASAM-2018-00256,2014-06-02T04:18:00,2014,6,10.0335,113.0511,South China Sea,Yacht,Boarded,0,0,AK-47,"Yacht attacked by Vietnamese coastal robbers underway in transit lane. MOA: product theft (diesel siphoning). Weapons observed: M16 + RPG. boarders rifled bridge & masters cabin, stole cash and electronics."
ASAM-2019-00257,2023-02-12T02:28:00,2023,2,3.254,101.3408,Strait of Malacca,Container Ship,Suspicious Approach,0,0,AK-47,Container Ship attacked by Free Aceh splinter (historical) at anchorage. MOA: fast skiff rob at narrow channel. Weapons observed: knives/machetes. unidentified skiff shadowed vessel for 18 minutes before withdrawing.
ASAM-2020-00258,2023-08-01T13:51:00,2023,8,2.9506,100.4299,Strait of Malacca,Container Ship,Attempted,0,0,Unknown,Container Ship attacked by Riau Archipelago armed robbers in narrow channel. MOA: nighttime stealth boarding at anchorage. Weapons observed: RPG-7. approach broken off after master sounded alarm and engaged firehoses.
ASAM-2021-00259,2018-09-02T06:29:00,2018,9,6.1727,121.0045,Sulu Sea,General Cargo,Attempted,0,0,Small arms,General Cargo attacked by Abu Sayyaf maritime cell underway in transit lane. MOA: M16 + RPG armed boarding. Weapons observed: AK-47. approach broken off after master sounded alarm and engaged firehoses.
ASAM-2022-00260,2000-06-11T00:22:00,2000,6,3.9915,3.1058,Gulf of Guinea,Container Ship,Boarded,1,0,Knives,"Container Ship attacked by Nigerian kidnap-for-ransom cell at anchorage. MOA: fast attack craft >150nm offshore. Weapons observed: M16 + RPG. boarders rifled bridge & masters cabin, stole cash and electronics; 3 crew sustained injuries."
ASAM-2023-00261,2021-09-02T02:05:00,2021,9,1.3412,4.5779,Gulf of Guinea,Fishing Vessel,Hijacked,0,13,Unknown,"Fishing Vessel attacked by Bakassi Strike Force remnant underway in transit lane. MOA: fast attack craft >150nm offshore. Weapons observed: knives/machetes. vessel hijacked, crew of 17 taken to coastal anchorage; 13 crew taken hostage; ransom demand transmitted within 72h."
ASAM-2024-00262,2006-07-16T02:44:00,2006,7,4.472,99.8772,Strait of Malacca,Container Ship,Boarded,0,4,RPG,"Container Ship attacked by Indonesian coastal gang in narrow channel. MOA: knife-armed boarders, no firearms. Weapons observed: M16 + RPG. boarders rifled bridge & masters cabin, stole cash and electronics; 4 crew taken hostage; ransom demand transmitted within 72h."
ASAM-2025-00263,2020-03-15T03:03:00,2020,3,2.0335,3.0543,Gulf of Guinea,General Cargo,Attempted,0,0,Unknown,General Cargo attacked by Bakassi Strike Force remnant in narrow channel. MOA: fast attack craft >150nm offshore. Weapons observed: knives/machetes. approach broken off after master sounded alarm and engaged firehoses.
ASAM-1993-00264,2014-06-02T04:06:00,2014,6,13.2784,48.6226,Gulf of Aden,Chemical Tanker,Boarded,0,0,AK-47,"Chemical Tanker attacked by Somali pirate skiff network approx 133nm offshore. MOA: grappling hook boarding at low freeboard. Weapons observed: AK-47. boarders rifled bridge & masters cabin, stole cash and electronics."
ASAM-1994-00265,2020-04-02T03:09:00,2020,4,4.2739,4.4056,Gulf of Guinea,Chemical Tanker,Boarded,0,0,RPG,"Chemical Tanker attacked by Niger Delta militant offshoot at anchorage. MOA: fast attack craft >150nm offshore. Weapons observed: AK-47. boarders rifled bridge & masters cabin, stole cash and electronics."
ASAM-1995-00266,2006-09-20T23:42:00,2006,9,4.9451,99.8103,Strait of Malacca,RoRo Vehicle Carrier,Fired Upon,1,0,Small arms,"RoRo Vehicle Carrier attacked by Riau Archipelago armed robbers at anchorage. MOA: knife-armed boarders, no firearms. Weapons observed: RPG-7. master engaged evasive maneuvers, RPG and small arms fire received; 3 crew sustained injuries."
ASAM-1996-00267,2018-06-25T03:56:00,2018,6,2.8449,8.1512,Gulf of Guinea,Chemical Tanker,Suspicious Approach,0,0,AK-47,Chemical Tanker attacked by Nigerian kidnap-for-ransom cell at anchorage. MOA: fast attack craft >150nm offshore. Weapons observed: M16 + RPG. unidentified skiff shadowed vessel for 18 minutes before withdrawing.
ASAM-1997-00268,2016-03-05T03:01:00,2016,3,5.3093,121.3074,Sulu Sea,Chemical Tanker,Boarded,0,0,Small arms,"Chemical Tanker attacked by BIFF splinter group in narrow channel. MOA: speedboat intercept tug & barge. Weapons observed: AK-47. boarders rifled bridge & masters cabin, stole cash and electronics."
ASAM-1998-00269,2009-08-15T19:37:00,2009,8,14.3962,50.5053,Gulf of Aden,General Cargo,Attempted,0,0,Unknown,General Cargo attacked by Somali pirate skiff network at anchorage. MOA: AK-47 small arms suppression. Weapons observed: knives/machetes. approach broken off after master sounded alarm and engaged firehoses.
ASAM-1999-00270,2018-07-08T19:25:00,2018,7,2.198,2.4398,Gulf of Guinea,Fishing Vessel,Attempted,0,0,RPG,Fishing Vessel attacked by Nigerian kidnap-for-ransom cell at anchorage. MOA: AK-47 + GPMG armed boarding. Weapons observed: RPG-7. approach broken off after master sounded alarm and engaged firehoses.
ASAM-2000-00271,2024-09-10T03:21:00,2024,9,3.0686,99.8135,Strait of Malacca,General Cargo,Attempted,0,0,Small arms,General Cargo attacked by Free Aceh splinter (historical) approx 21nm offshore. MOA: crew rob & flee in <30 min. Weapons observed: RPG-7. approach broken off after master sounded alarm and engaged firehoses.
ASAM-2001-00272,2013-06-10T06:46:00,2013,6,6.5667,4.7388,Gulf of Guinea,Container Ship,Boarded,0,4,AK-47,"Container Ship attacked by Bakassi Strike Force remnant underway in transit lane. MOA: tanker product theft (siphon). Weapons observed: RPG-7. boarders rifled bridge & masters cabin, stole cash and electronics; 4 crew taken hostage; ransom demand transmitted within 72h."
ASAM-2002-00273,2019-05-17T22:25:00,2019,5,6.0659,8.0729,Gulf of Guinea,Container Ship,Fired Upon,0,0,RPG,"Container Ship attacked by Nigerian kidnap-for-ransom cell approx 104nm offshore. MOA: AK-47 + GPMG armed boarding. Weapons observed: AK-47. master engaged evasive maneuvers, RPG and small arms fire received."
ASAM-2003-00274,2007-11-03T18:38:00,2007,11,11.6772,48.1086,Gulf of Aden,Chemical Tanker,Boarded,0,0,Knives,"Chemical Tanker attacked by Hobyo-Harardhere PAG at anchorage. MOA: grappling hook boarding at low freeboard. Weapons observed: knives/machetes. boarders rifled bridge & masters cabin, stole cash and electronics."
ASAM-2004-00275,1997-04-21T22:12:00,1997,4,6.6777,118.7642,Sulu Sea,General Cargo,Attempted,0,0,Unknown,General Cargo attacked by Abu Sayyaf maritime cell at anchorage. MOA: abduction of fishing crew. Weapons observed: RPG-7. approach broken off after master sounded alarm and engaged firehoses.
ASAM-2005-00276,2009-09-13T18:40:00,2009,9,13.9563,50.3132,Gulf of Aden,General Cargo,Attempted,0,0,Knives,General Cargo attacked by Somali pirate skiff network approx 160nm offshore. MOA: mothership-launched skiff swarm. Weapons observed: small arms. approach broken off after master sounded alarm and engaged firehoses.
ASAM-2006-00277,2000-01-28T01:04:00,2000,1,10.0212,112.0784,South China Sea,Offshore Supply,Boarded,0,2,Small arms,"Offshore Supply attacked by Vietnamese coastal robbers underway in transit lane. MOA: product theft (diesel siphoning). Weapons observed: RPG-7. boarders rifled bridge & masters cabin, stole cash and electronics; 2 crew taken hostage; ransom demand transmitted within 72h."
ASAM-2007-00278,2020-10-07T19:36:00,2020,10,2.3897,5.8304,Gulf of Guinea,Bulk Carrier,Boarded,0,0,AK-47,"Bulk Carrier attacked by Bakassi Strike Force remnant approx 31nm offshore. MOA: AK-47 + GPMG armed boarding. Weapons observed: RPG-7. boarders rifled bridge & masters cabin, stole cash and electronics."
ASAM-2008-00279,2019-09-09T20:08:00,2019,9,4.1138,7.0817,Gulf of Guinea,General Cargo,Attempted,0,0,AK-47,General Cargo attacked by Nigerian kidnap-for-ransom cell at anchorage. MOA: kidnap-for-ransom of officers. Weapons observed: knives/machetes. approach broken off after master sounded alarm and engaged firehoses.
ASAM-2009-00280,2018-01-01T03:50:00,2018,1,4.7159,8.3181,Gulf of Guinea,Container Ship,Suspicious Approach,0,0,Unknown,Container Ship attacked by Bakassi Strike Force remnant at anchorage. MOA: AK-47 + GPMG armed boarding. Weapons observed: RPG-7. unidentified skiff shadowed vessel for 18 minutes before withdrawing.
ASAM-2010-00281,2012-02-20T02:27:00,2012,2,3.7499,101.7227,Strait of Malacca,Fishing Vessel,Boarded,0,0,AK-47,"Fishing Vessel attacked by Riau Archipelago armed robbers at anchorage. MOA: fast skiff rob at narrow channel. Weapons observed: small arms. boarders rifled bridge & masters cabin, stole cash and electronics."
ASAM-2011-00282,2021-07-06T16:56:00,2021,7,1.9753,6.3846,Gulf of Guinea,RoRo Vehicle Carrier,Attempted,1,0,Small arms,RoRo Vehicle Carrier attacked by Bakassi Strike Force remnant in narrow channel. MOA: tanker product theft (siphon). Weapons observed: knives/machetes. approach broken off after master sounded alarm and engaged firehoses; 2 crew sustained injuries.
ASAM-2012-00283,2009-07-19T06:39:00,2009,7,4.8738,100.5198,Strait of Malacca,Bulk Carrier,Boarded,1,0,Knives,"Bulk Carrier attacked by Riau Archipelago armed robbers approx 252nm offshore. MOA: knife-armed boarders, no firearms. Weapons observed: small arms. boarders rifled bridge & masters cabin, stole cash and electronics; 4 crew sustained injuries."
ASAM-2013-00284,2016-09-25T23:51:00,2016,9,1.4515,99.6604,Strait of Malacca,Bulk Carrier,Hijacked,0,23,RPG,"Bulk Carrier attacked by Riau Archipelago armed robbers at anchorage. MOA: knife-armed boarders, no firearms. Weapons observed: small arms. vessel hijacked, crew of 23 taken to coastal anchorage; 23 crew taken hostage; ransom demand transmitted within 72h."
ASAM-2014-00285,2012-09-11T14:55:00,2012,9,12.0054,45.2528,Gulf of Aden,Crude Oil Tanker,Boarded,0,0,AK-47,"Crude Oil Tanker attacked by Somali pirate skiff network at anchorage. MOA: RPG warning shot then boarding. Weapons observed: small arms. boarders rifled bridge & masters cabin, stole cash and electronics."
ASAM-2015-00286,2016-03-17T05:59:00,2016,3,11.7943,48.6666,Gulf of Aden,Container Ship,Boarded,0,2,Knives,"Container Ship attacked by Hobyo-Harardhere PAG at anchorage. MOA: RPG warning shot then boarding. Weapons observed: M16 + RPG. boarders rifled bridge & masters cabin, stole cash and electronics; 2 crew taken hostage; ransom demand transmitted within 72h."
ASAM-2016-00287,2021-01-04T00:09:00,2021,1,4.4323,2.9445,Gulf of Guinea,Crude Oil Tanker,Hijacked,0,12,Knives,"Crude Oil Tanker attacked by Bakassi Strike Force remnant at anchorage. MOA: kidnap-for-ransom of officers. Weapons observed: knives/machetes. vessel hijacked, crew of 26 taken to coastal anchorage; 12 crew taken hostage; ransom demand transmitted within 72h."
ASAM-2017-00288,2016-12-21T08:24:00,2016,12,3.0503,99.761,Strait of Malacca,General Cargo,Attempted,0,0,AK-47,General Cargo attacked by Indonesian coastal gang approx 139nm offshore. MOA: fast skiff rob at narrow channel. Weapons observed: knives/machetes. approach broken off after master sounded alarm and engaged firehoses.
ASAM-2018-00289,2000-04-23T06:02:00,2000,4,12.6114,49.8772,Gulf of Aden,Chemical Tanker,Attempted,0,0,Unknown,Chemical Tanker attacked by Hobyo-Harardhere PAG underway in transit lane. MOA: AK-47 small arms suppression. Weapons observed: M16 + RPG. approach broken off after master sounded alarm and engaged firehoses.
ASAM-2019-00290,2020-02-10T23:29:00,2020,2,0.2655,6.1922,Gulf of Guinea,Container Ship,Attempted,0,0,AK-47,Container Ship attacked by Nigerian kidnap-for-ransom cell approx 43nm offshore. MOA: AK-47 + GPMG armed boarding. Weapons observed: RPG-7. approach broken off after master sounded alarm and engaged firehoses.
ASAM-2020-00291,2020-10-20T14:34:00,2020,10,3.7081,4.0712,Gulf of Guinea,Container Ship,Boarded,0,0,Unknown,"Container Ship attacked by Nigerian kidnap-for-ransom cell underway in transit lane. MOA: tanker product theft (siphon). Weapons observed: small arms. boarders rifled bridge & masters cabin, stole cash and electronics."
ASAM-2021-00292,1997-12-22T05:02:00,1997,12,4.2446,7.681,Gulf of Guinea,Bulk Carrier,Boarded,0,2,Knives,"Bulk Carrier attacked by Bakassi Strike Force remnant underway in transit lane. MOA: tanker product theft (siphon). Weapons observed: AK-47. boarders rifled bridge & masters cabin, stole cash and electronics; 2 crew taken hostage; ransom demand transmitted within 72h."
ASAM-2022-00293,2005-11-18T18:17:00,2005,11,4.2348,100.1381,Strait of Malacca,Bulk Carrier,Boarded,0,0,RPG,"Bulk Carrier attacked by Riau Archipelago armed robbers in narrow channel. MOA: knife-armed boarders, no firearms. Weapons observed: AK-47. boarders rifled bridge & masters cabin, stole cash and electronics."
ASAM-2023-00294,2007-09-25T01:44:00,2007,9,4.7728,101.1991,Strait of Malacca,RoRo Vehicle Carrier,Boarded,0,5,Small arms,"RoRo Vehicle Carrier attacked by Riau Archipelago armed robbers at anchorage. MOA: knife-armed boarders, no firearms. Weapons observed: RPG-7. boarders rifled bridge & masters cabin, stole cash and electronics; 5 crew taken hostage; ransom demand transmitted within 72h."
ASAM-2024-00295,2010-02-02T08:10:00,2010,2,6.6988,6.97,Gulf of Guinea,Chemical Tanker,Boarded,0,0,Small arms,"Chemical Tanker attacked by Niger Delta militant offshoot at anchorage. MOA: tanker product theft (siphon). Weapons observed: RPG-7. boarders rifled bridge & masters cabin, stole cash and electronics."
ASAM-2025-00296,2008-09-18T03:44:00,2008,9,13.6916,47.9607,Gulf of Aden,General Cargo,Hijacked,1,10,Unknown,"General Cargo attacked by Puntland-based PAG in narrow channel. MOA: AK-47 small arms suppression. Weapons observed: AK-47. vessel hijacked, crew of 24 taken to coastal anchorage; 2 crew sustained injuries; 10 crew taken hostage; ransom demand transmitted within 72h."
ASAM-1993-00297,1995-12-14T20:32:00,1995,12,5.6553,120.8282,Sulu Sea,Container Ship,Fired Upon,0,0,AK-47,"Container Ship attacked by Abu Sayyaf maritime cell in narrow channel. MOA: hostage transfer to Jolo island camps. Weapons observed: AK-47. master engaged evasive maneuvers, RPG and small arms fire received."
ASAM-1994-00298,2005-10-24T04:33:00,2005,10,2.6014,100.4754,Strait of Malacca,General Cargo,Fired Upon,1,0,Unknown,"General Cargo attacked by Free Aceh splinter (historical) in narrow channel. MOA: nighttime stealth boarding at anchorage. Weapons observed: small arms. master engaged evasive maneuvers, RPG and small arms fire received; 2 crew sustained injuries."
ASAM-1995-00299,2001-02-14T08:38:00,2001,2,13.4213,47.549,Gulf of Aden,Container Ship,Boarded,0,3,Small arms,"Container Ship attacked by Puntland-based PAG at anchorage. MOA: RPG warning shot then boarding. Weapons observed: RPG-7. boarders rifled bridge & masters cabin, stole cash and electronics; 3 crew taken hostage; ransom demand transmitted within 72h."
ASAM-1996-00300,2021-07-08T21:44:00,2021,7,5.0891,98.9702,Strait of Malacca,Offshore Supply,Boarded,0,0,AK-47,"Offshore Supply attacked by Free Aceh splinter (historical) approx 234nm offshore. MOA: crew rob & flee in <30 min. Weapons observed: RPG-7. boarders rifled bridge & masters cabin, stole cash and electronics."
ASAM-1997-00301,1999-09-24T03:02:00,1999,9,5.9366,120.8885,Sulu Sea,RoRo Vehicle Carrier,Boarded,1,0,Small arms,"RoRo Vehicle Carrier attacked by Sulu archipelago kidnapping ring at anchorage. MOA: M16 + RPG armed boarding. Weapons observed: AK-47. boarders rifled bridge & masters cabin, stole cash and electronics; 1 crew sustained injuries."
ASAM-1998-00302,2005-04-02T18:15:00,2005,4,4.4259,101.4753,Strait of Malacca,Yacht,Attempted,0,0,Small arms,Yacht attacked by Indonesian coastal gang underway in transit lane. MOA: crew rob & flee in <30 min. Weapons observed: small arms. approach broken off after master sounded alarm and engaged firehoses.
ASAM-1999-00303,2009-12-10T22:15:00,2009,12,13.8979,47.7507,Gulf of Aden,General Cargo,Hijacked,1,22,AK-47,"General Cargo attacked by Puntland-based PAG at anchorage. MOA: grappling hook boarding at low freeboard. Weapons observed: AK-47. vessel hijacked, crew of 25 taken to coastal anchorage; 4 crew sustained injuries; 22 crew taken hostage; ransom demand transmitted within 72h."
ASAM-2000-00304,2000-09-14T20:34:00,2000,9,12.5115,-64.0739,Caribbean / Venezuelan,Container Ship,Suspicious Approach,0,0,AK-47,Container Ship attacked by Venezuelan coastal gang underway in transit lane. MOA: yacht boarding at anchorage. Weapons observed: knives/machetes. unidentified skiff shadowed vessel for 18 minutes before withdrawing.
ASAM-2001-00305,2008-12-03T02:20:00,2008,12,12.9046,50.0149,Gulf of Aden,Crude Oil Tanker,Boarded,0,0,RPG,"Crude Oil Tanker attacked by Somali pirate skiff network approx 213nm offshore. MOA: RPG warning shot then boarding. Weapons observed: small arms. boarders rifled bridge & masters cabin, stole cash and electronics."
ASAM-2002-00306,2006-09-20T04:01:00,2006,9,2.795,100.4044,Strait of Malacca,Bulk Carrier,Boarded,0,0,AK-47,"Bulk Carrier attacked by Riau Archipelago armed robbers at anchorage. MOA: knife-armed boarders, no firearms. Weapons observed: AK-47. boarders rifled bridge & masters cabin, stole cash and electronics."
ASAM-2003-00307,2012-09-10T00:43:00,2012,9,3.8756,99.7326,Strait of Malacca,RoRo Vehicle Carrier,Hijacked,1,25,RPG,"RoRo Vehicle Carrier attacked by Indonesian coastal gang at anchorage. MOA: knife-armed boarders, no firearms. Weapons observed: AK-47. vessel hijacked, crew of 17 taken to coastal anchorage; 2 crew sustained injuries; 25 crew taken hostage; ransom demand transmitted within 72h."
ASAM-2004-00308,2018-04-02T20:51:00,2018,4,3.7313,5.2007,Gulf of Guinea,Tug & Barge,Boarded,1,0,RPG,"Tug & Barge attacked by Niger Delta militant offshoot underway in transit lane. MOA: tanker product theft (siphon). Weapons observed: knives/machetes. boarders rifled bridge & masters cabin, stole cash and electronics; 2 crew sustained injuries."
ASAM-2005-00309,2019-06-10T00:37:00,2019,6,1.9269,6.0123,Gulf of Guinea,General Cargo,Suspicious Approach,0,0,RPG,General Cargo attacked by Nigerian kidnap-for-ransom cell underway in transit lane. MOA: fast attack craft >150nm offshore. Weapons observed: M16 + RPG. unidentified skiff shadowed vessel for 18 minutes before withdrawing.
ASAM-2006-00310,2006-09-03T07:08:00,2006,9,2.721,99.5044,Strait of Malacca,Chemical Tanker,Boarded,0,0,RPG,"Chemical Tanker attacked by Riau Archipelago armed robbers underway in transit lane. MOA: nighttime stealth boarding at anchorage. Weapons observed: AK-47. boarders rifled bridge & masters cabin, stole cash and electronics."
ASAM-2007-00311,2003-03-09T01:23:00,2003,3,4.1648,98.6179,Strait of Malacca,General Cargo,Boarded,1,0,Unknown,"General Cargo attacked by Riau Archipelago armed robbers approx 129nm offshore. MOA: nighttime stealth boarding at anchorage. Weapons observed: M16 + RPG. boarders rifled bridge & masters cabin, stole cash and electronics; 3 crew sustained injuries."
ASAM-2008-00312,2008-11-06T20:03:00,2008,11,5.7458,100.048,Strait of Malacca,Chemical Tanker,Attempted,0,0,AK-47,"Chemical Tanker attacked by Riau Archipelago armed robbers in narrow channel. MOA: knife-armed boarders, no firearms. Weapons observed: M16 + RPG. approach broken off after master sounded alarm and engaged firehoses."
ASAM-2009-00313,2001-05-14T22:13:00,2001,5,6.7755,5.2379,Gulf of Guinea,Fishing Vessel,Boarded,1,1,Unknown,"Fishing Vessel attacked by Bakassi Strike Force remnant underway in transit lane. MOA: AK-47 + GPMG armed boarding. Weapons observed: small arms. boarders rifled bridge & masters cabin, stole cash and electronics; 3 crew sustained injuries; 1 crew taken hostage; ransom demand transmitted within 72h."
ASAM-2010-00314,2009-11-09T17:13:00,2009,11,12.9787,50.6117,Gulf of Aden,Offshore Supply,Suspicious Approach,0,0,Knives,Offshore Supply attacked by Somali pirate skiff network in narrow channel. MOA: RPG warning shot then boarding. Weapons observed: knives/machetes. unidentified skiff shadowed vessel for 18 minutes before withdrawing.
ASAM-2011-00315,2018-06-02T04:19:00,2018,6,3.3511,8.3454,Gulf of Guinea,Crude Oil Tanker,Attempted,0,0,RPG,Crude Oil Tanker attacked by Niger Delta militant offshoot approx 40nm offshore. MOA: tanker product theft (siphon). Weapons observed: M16 + RPG. approach broken off after master sounded alarm and engaged firehoses.
ASAM-2012-00316,2013-01-22T19:21:00,2013,1,13.5699,46.577,Gulf of Aden,Bulk Carrier,Suspicious Approach,0,0,Unknown,Bulk Carrier attacked by Hobyo-Harardhere PAG in narrow channel. MOA: grappling hook boarding at low freeboard. Weapons observed: small arms. unidentified skiff shadowed vessel for 18 minutes before withdrawing.
ASAM-2013-00317,2009-06-28T23:40:00,2009,6,13.5799,46.0325,Gulf of Aden,Fishing Vessel,Boarded,0,1,RPG,"Fishing Vessel attacked by Hobyo-Harardhere PAG in narrow channel. MOA: grappling hook boarding at low freeboard. Weapons observed: M16 + RPG. boarders rifled bridge & masters cabin, stole cash and electronics; 1 crew taken hostage; ransom demand transmitted within 72h."
ASAM-2014-00318,1995-04-20T22:20:00,1995,4,2.8212,101.1883,Strait of Malacca,General Cargo,Boarded,0,0,AK-47,"General Cargo attacked by Free Aceh splinter (historical) underway in transit lane. MOA: fast skiff rob at narrow channel. Weapons observed: M16 + RPG. boarders rifled bridge & masters cabin, stole cash and electronics."
ASAM-2015-00319,2022-04-03T20:10:00,2022,4,3.3444,102.0125,Strait of Malacca,Bulk Carrier,Attempted,0,0,AK-47,Bulk Carrier attacked by Riau Archipelago armed robbers approx 99nm offshore. MOA: crew rob & flee in <30 min. Weapons observed: AK-47. approach broken off after master sounded alarm and engaged firehoses.
ASAM-2016-00320,2019-11-24T04:04:00,2019,11,5.5853,2.6787,Gulf of Guinea,Chemical Tanker,Attempted,0,0,RPG,Chemical Tanker attacked by Nigerian kidnap-for-ransom cell at anchorage. MOA: kidnap-for-ransom of officers. Weapons observed: M16 + RPG. approach broken off after master sounded alarm and engaged firehoses.
ASAM-2017-00321,2017-12-24T01:26:00,2017,12,5.6963,121.4631,Sulu Sea,Offshore Supply,Boarded,0,0,Knives,"Offshore Supply attacked by BIFF splinter group approx 208nm offshore. MOA: M16 + RPG armed boarding. Weapons observed: M16 + RPG. boarders rifled bridge & masters cabin, stole cash and electronics."
ASAM-2018-00322,1996-05-04T02:25:00,1996,5,6.069,5.4607,Gulf of Guinea,Crude Oil Tanker,Boarded,0,0,Knives,"Crude Oil Tanker attacked by Niger Delta militant offshoot underway in transit lane. MOA: kidnap-for-ransom of officers. Weapons observed: M16 + RPG. boarders rifled bridge & masters cabin, stole cash and electronics."
ASAM-2019-00323,2005-07-15T20:18:00,2005,7,4.0219,99.0726,Strait of Malacca,Chemical Tanker,Attempted,0,0,RPG,Chemical Tanker attacked by Indonesian coastal gang at anchorage. MOA: nighttime stealth boarding at anchorage. Weapons observed: AK-47. approach broken off after master sounded alarm and engaged firehoses.
ASAM-2020-00324,2018-09-12T05:45:00,2018,9,5.3858,119.3052,Sulu Sea,Bulk Carrier,Boarded,0,0,Knives,"Bulk Carrier attacked by Sulu archipelago kidnapping ring underway in transit lane. MOA: abduction of fishing crew. Weapons observed: small arms. boarders rifled bridge & masters cabin, stole cash and electronics."
ASAM-2021-00325,2002-07-17T13:33:00,2002,7,6.5796,121.1648,Sulu Sea,Chemical Tanker,Suspicious Approach,0,0,Knives,Chemical Tanker attacked by Abu Sayyaf maritime cell underway in transit lane. MOA: M16 + RPG armed boarding. Weapons observed: knives/machetes. unidentified skiff shadowed vessel for 18 minutes before withdrawing.
ASAM-2022-00326,2019-01-17T00:40:00,2019,1,5.047,120.9519,Sulu Sea,Crude Oil Tanker,Attempted,0,0,AK-47,Crude Oil Tanker attacked by Sulu archipelago kidnapping ring in narrow channel. MOA: M16 + RPG armed boarding. Weapons observed: RPG-7. approach broken off after master sounded alarm and engaged firehoses.
ASAM-2023-00327,2023-12-11T20:29:00,2023,12,11.1146,-64.6236,Caribbean / Venezuelan,Tug & Barge,Attempted,0,0,Unknown,Tug & Barge attacked by Venezuelan coastal gang underway in transit lane. MOA: yacht boarding at anchorage. Weapons observed: knives/machetes. approach broken off after master sounded alarm and engaged firehoses.
ASAM-2024-00328,2002-02-04T05:31:00,2002,2,3.9598,99.7777,Strait of Malacca,RoRo Vehicle Carrier,Boarded,0,0,RPG,"RoRo Vehicle Carrier attacked by Riau Archipelago armed robbers at anchorage. MOA: nighttime stealth boarding at anchorage. Weapons observed: RPG-7. boarders rifled bridge & masters cabin, stole cash and electronics."
ASAM-2025-00329,2016-04-26T18:30:00,2016,4,6.0692,119.8828,Sulu Sea,Container Ship,Attempted,0,0,AK-47,Container Ship attacked by Sulu archipelago kidnapping ring approx 235nm offshore. MOA: abduction of fishing crew. Weapons observed: small arms. approach broken off after master sounded alarm and engaged firehoses.
ASAM-1993-00330,2011-03-13T18:51:00,2011,3,13.7154,50.2245,Gulf of Aden,Container Ship,Boarded,1,0,RPG,"Container Ship attacked by Hobyo-Harardhere PAG at anchorage. MOA: RPG warning shot then boarding. Weapons observed: AK-47. boarders rifled bridge & masters cabin, stole cash and electronics; 1 crew sustained injuries."
ASAM-1994-00331,2016-12-23T18:16:00,2016,12,8.8318,113.5482,South China Sea,Chemical Tanker,Fired Upon,0,0,Unknown,"Chemical Tanker attacked by Filipino anchor-rob crew at anchorage. MOA: stealth anchorage boarding. Weapons observed: small arms. master engaged evasive maneuvers, RPG and small arms fire received."
ASAM-1995-00332,2000-01-08T21:46:00,2000,1,12.5483,49.5523,Gulf of Aden,Bulk Carrier,Boarded,0,0,AK-47,"Bulk Carrier attacked by Puntland-based PAG approx 108nm offshore. MOA: RPG warning shot then boarding. Weapons observed: AK-47. boarders rifled bridge & masters cabin, stole cash and electronics."
ASAM-1996-00333,2018-01-26T22:47:00,2018,1,4.597,5.886,Gulf of Guinea,Bulk Carrier,Boarded,0,3,Small arms,"Bulk Carrier attacked by Bakassi Strike Force remnant approx 166nm offshore. MOA: tanker product theft (siphon). Weapons observed: AK-47. boarders rifled bridge & masters cabin, stole cash and electronics; 3 crew taken hostage; ransom demand transmitted within 72h."
ASAM-1997-00334,2012-08-17T20:21:00,2012,8,12.1476,50.8079,Gulf of Aden,General Cargo,Fired Upon,0,0,Small arms,"General Cargo attacked by Somali pirate skiff network at anchorage. MOA: RPG warning shot then boarding. Weapons observed: small arms. master engaged evasive maneuvers, RPG and small arms fire received."
ASAM-1998-00335,2018-11-06T02:18:00,2018,11,5.7354,119.3831,Sulu Sea,General Cargo,Hijacked,0,25,Unknown,"General Cargo attacked by BIFF splinter group approx 275nm offshore. MOA: hostage transfer to Jolo island camps. Weapons observed: knives/machetes. vessel hijacked, crew of 19 taken to coastal anchorage; 25 crew taken hostage; ransom demand transmitted within 72h."
ASAM-1999-00336,1999-03-11T22:50:00,1999,3,3.3349,4.0983,Gulf of Guinea,Crude Oil Tanker,Attempted,0,0,Knives,Crude Oil Tanker attacked by Nigerian kidnap-for-ransom cell in narrow channel. MOA: fast attack craft >150nm offshore. Weapons observed: knives/machetes. approach broken off after master sounded alarm and engaged firehoses.
ASAM-2000-00337,2020-11-01T08:21:00,2020,11,3.4334,4.7862,Gulf of Guinea,Crude Oil Tanker,Boarded,0,0,AK-47,"Crude Oil Tanker attacked by Nigerian kidnap-for-ransom cell approx 218nm offshore. MOA: tanker product theft (siphon). Weapons observed: AK-47. boarders rifled bridge & masters cabin, stole cash and electronics."
ASAM-2001-00338,2021-12-15T22:44:00,2021,12,4.2961,5.0081,Gulf of Guinea,Offshore Supply,Attempted,0,0,Small arms,Offshore Supply attacked by Nigerian kidnap-for-ransom cell at anchorage. MOA: AK-47 + GPMG armed boarding. Weapons observed: small arms. approach broken off after master sounded alarm and engaged firehoses.
ASAM-2002-00339,2018-09-10T19:51:00,2018,9,3.9352,7.7723,Gulf of Guinea,General Cargo,Boarded,0,0,Knives,"General Cargo attacked by Bakassi Strike Force remnant approx 31nm offshore. MOA: tanker product theft (siphon). Weapons observed: RPG-7. boarders rifled bridge & masters cabin, stole cash and electronics."
ASAM-2003-00340,2021-04-15T03:47:00,2021,4,5.7352,3.6649,Gulf of Guinea,Tug & Barge,Attempted,0,0,RPG,Tug & Barge attacked by Niger Delta militant offshoot approx 181nm offshore. MOA: AK-47 + GPMG armed boarding. Weapons observed: knives/machetes. approach broken off after master sounded alarm and engaged firehoses.
ASAM-2004-00341,2014-10-19T02:09:00,2014,10,9.5519,114.1514,South China Sea,Crude Oil Tanker,Attempted,0,0,Knives,Crude Oil Tanker attacked by Filipino anchor-rob crew at anchorage. MOA: product theft (diesel siphoning). Weapons observed: RPG-7. approach broken off after master sounded alarm and engaged firehoses.
ASAM-2005-00342,2014-12-13T19:52:00,2014,12,2.2804,102.2999,Strait of Malacca,Bulk Carrier,Hijacked,1,8,AK-47,"Bulk Carrier attacked by Free Aceh splinter (historical) at anchorage. MOA: nighttime stealth boarding at anchorage. Weapons observed: AK-47. vessel hijacked, crew of 24 taken to coastal anchorage; 1 crew sustained injuries; 8 crew taken hostage; ransom demand transmitted within 72h."
ASAM-2006-00343,1998-11-27T01:21:00,1998,11,2.6244,4.4177,Gulf of Guinea,Container Ship,Attempted,0,0,AK-47,Container Ship attacked by Niger Delta militant offshoot approx 149nm offshore. MOA: kidnap-for-ransom of officers. Weapons observed: RPG-7. approach broken off after master sounded alarm and engaged firehoses.
ASAM-2007-00344,2020-10-06T20:40:00,2020,10,4.7925,4.3777,Gulf of Guinea,General Cargo,Attempted,0,0,Small arms,General Cargo attacked by Bakassi Strike Force remnant at anchorage. MOA: kidnap-for-ransom of officers. Weapons observed: small arms. approach broken off after master sounded alarm and engaged firehoses.
ASAM-2008-00345,2015-03-18T13:07:00,2015,3,10.6433,112.222,South China Sea,LPG/LNG Tanker,Suspicious Approach,0,0,Unknown,LPG/LNG Tanker attacked by Vietnamese coastal robbers underway in transit lane. MOA: product theft (diesel siphoning). Weapons observed: small arms. unidentified skiff shadowed vessel for 18 minutes before withdrawing.
ASAM-2009-00346,2003-03-22T19:17:00,2003,3,4.4023,100.6578,Strait of Malacca,Chemical Tanker,Attempted,0,0,Knives,"Chemical Tanker attacked by Riau Archipelago armed robbers at anchorage. MOA: knife-armed boarders, no firearms. Weapons observed: small arms. approach broken off after master sounded alarm and engaged firehoses."
ASAM-2010-00347,2009-09-27T21:11:00,2009,9,13.9096,48.9216,Gulf of Aden,Tug & Barge,Attempted,0,0,AK-47,Tug & Barge attacked by Puntland-based PAG in narrow channel. MOA: AK-47 small arms suppression. Weapons observed: small arms. approach broken off after master sounded alarm and engaged firehoses.
ASAM-2011-00348,2019-04-01T19:19:00,2019,4,12.2596,-64.4731,Caribbean / Venezuelan,Chemical Tanker,Suspicious Approach,0,0,Unknown,Chemical Tanker attacked by Trinidad-Tobago smuggler crew in narrow channel. MOA: crew theft + minor injuries. Weapons observed: knives/machetes. unidentified skiff shadowed vessel for 18 minutes before withdrawing.
ASAM-2012-00349,2018-01-03T19:45:00,2018,1,2.681,3.8831,Gulf of Guinea,Bulk Carrier,Boarded,0,0,Knives,"Bulk Carrier attacked by Niger Delta militant offshoot underway in transit lane. MOA: fast attack craft >150nm offshore. Weapons observed: small arms. boarders rifled bridge & masters cabin, stole cash and electronics."
ASAM-2013-00350,2016-02-13T21:38:00,2016,2,5.5668,121.1876,Sulu Sea,General Cargo,Boarded,0,0,Unknown,"General Cargo attacked by BIFF splinter group at anchorage. MOA: M16 + RPG armed boarding. Weapons observed: AK-47. boarders rifled bridge & masters cabin, stole cash and electronics."
ASAM-2014-00351,2018-04-27T05:47:00,2018,4,2.839,5.6495,Gulf of Guinea,Bulk Carrier,Attempted,0,0,Knives,Bulk Carrier attacked by Bakassi Strike Force remnant in narrow channel. MOA: AK-47 + GPMG armed boarding. Weapons observed: RPG-7. approach broken off after master sounded alarm and engaged firehoses.
ASAM-2015-00352,2023-04-19T03:21:00,2023,4,11.2243,-66.4362,Caribbean / Venezuelan,Bulk Carrier,Boarded,0,6,Unknown,"Bulk Carrier attacked by Venezuelan coastal gang approx 36nm offshore. MOA: crew theft + minor injuries. Weapons observed: M16 + RPG. boarders rifled bridge & masters cabin, stole cash and electronics; 6 crew taken hostage; ransom demand transmitted within 72h."
ASAM-2016-00353,1997-07-20T13:08:00,1997,7,13.7394,46.6576,Gulf of Aden,Chemical Tanker,Boarded,0,0,AK-47,"Chemical Tanker attacked by Hobyo-Harardhere PAG at anchorage. MOA: mothership-launched skiff swarm. Weapons observed: AK-47. boarders rifled bridge & masters cabin, stole cash and electronics."
ASAM-2017-00354,2016-11-27T04:28:00,2016,11,8.1273,111.7268,South China Sea,Tug & Barge,Suspicious Approach,0,0,Unknown,Tug & Barge attacked by Filipino anchor-rob crew approx 186nm offshore. MOA: stealth anchorage boarding. Weapons observed: AK-47. unidentified skiff shadowed vessel for 18 minutes before withdrawing.
ASAM-2018-00355,2009-07-26T02:50:00,2009,7,12.7692,49.3968,Gulf of Aden,Bulk Carrier,Boarded,1,4,Knives,"Bulk Carrier attacked by Puntland-based PAG approx 213nm offshore. MOA: mothership-launched skiff swarm. Weapons observed: small arms. boarders rifled bridge & masters cabin, stole cash and electronics; 3 crew sustained injuries; 4 crew taken hostage; ransom demand transmitted within 72h."
ASAM-2019-00356,2022-08-28T21:21:00,2022,8,2.0098,100.8088,Strait of Malacca,Chemical Tanker,Boarded,0,0,AK-47,"Chemical Tanker attacked by Riau Archipelago armed robbers in narrow channel. MOA: crew rob & flee in <30 min. Weapons observed: knives/machetes. boarders rifled bridge & masters cabin, stole cash and electronics."
ASAM-2020-00357,2020-10-17T21:18:00,2020,10,4.5551,7.1669,Gulf of Guinea,Container Ship,Attempted,0,0,AK-47,Container Ship attacked by Niger Delta militant offshoot at anchorage. MOA: kidnap-for-ransom of officers. Weapons observed: knives/machetes. approach broken off after master sounded alarm and engaged firehoses.
ASAM-2021-00358,2008-11-21T07:39:00,2008,11,2.5434,100.2642,Strait of Malacca,Chemical Tanker,Attempted,0,0,Unknown,Chemical Tanker attacked by Riau Archipelago armed robbers underway in transit lane. MOA: nighttime stealth boarding at anchorage. Weapons observed: AK-47. approach broken off after master sounded alarm and engaged firehoses.
ASAM-2022-00359,2012-08-13T04:11:00,2012,8,13.2633,49.8705,Gulf of Aden,Container Ship,Boarded,0,0,Small arms,"Container Ship attacked by Hobyo-Harardhere PAG at anchorage. MOA: mothership-launched skiff swarm. Weapons observed: AK-47. boarders rifled bridge & masters cabin, stole cash and electronics."
ASAM-2023-00360,2021-11-22T03:55:00,2021,11,3.9828,100.0231,Strait of Malacca,General Cargo,Hijacked,0,17,Small arms,"General Cargo attacked by Free Aceh splinter (historical) approx 81nm offshore. MOA: fast skiff rob at narrow channel. Weapons observed: AK-47. vessel hijacked, crew of 25 taken to coastal anchorage; 17 crew taken hostage; ransom demand transmitted within 72h."
ASAM-2024-00361,2000-12-26T15:11:00,2000,12,3.1013,100.6412,Strait of Malacca,Chemical Tanker,Boarded,0,0,AK-47,"Chemical Tanker attacked by Free Aceh splinter (historical) underway in transit lane. MOA: nighttime stealth boarding at anchorage. Weapons observed: AK-47. boarders rifled bridge & masters cabin, stole cash and electronics."
ASAM-2025-00362,1999-05-08T11:53:00,1999,5,5.5442,4.8592,Gulf of Guinea,RoRo Vehicle Carrier,Boarded,0,6,Unknown,"RoRo Vehicle Carrier attacked by Bakassi Strike Force remnant underway in transit lane. MOA: AK-47 + GPMG armed boarding. Weapons observed: knives/machetes. boarders rifled bridge & masters cabin, stole cash and electronics; 6 crew taken hostage; ransom demand transmitted within 72h."
ASAM-1993-00363,2018-06-26T18:28:00,2018,6,5.7255,118.6294,Sulu Sea,Fishing Vessel,Boarded,1,0,Unknown,"Fishing Vessel attacked by Sulu archipelago kidnapping ring in narrow channel. MOA: hostage transfer to Jolo island camps. Weapons observed: knives/machetes. boarders rifled bridge & masters cabin, stole cash and electronics; 1 crew sustained injuries."
ASAM-1994-00364,2009-03-21T03:40:00,2009,3,15.0689,50.057,Gulf of Aden,Fishing Vessel,Hijacked,0,20,RPG,"Fishing Vessel attacked by Somali pirate skiff network in narrow channel. MOA: mothership-launched skiff swarm. Weapons observed: small arms. vessel hijacked, crew of 16 taken to coastal anchorage; 20 crew taken hostage; ransom demand transmitted within 72h."
ASAM-1995-00365,2019-10-28T00:11:00,2019,10,3.9137,6.4487,Gulf of Guinea,Fishing Vessel,Boarded,0,0,Unknown,"Fishing Vessel attacked by Nigerian kidnap-for-ransom cell in narrow channel. MOA: fast attack craft >150nm offshore. Weapons observed: small arms. boarders rifled bridge & masters cabin, stole cash and electronics."
ASAM-1996-00366,2020-03-03T04:25:00,2020,3,7.1719,6.0987,Gulf of Guinea,Bulk Carrier,Boarded,0,0,Knives,"Bulk Carrier attacked by Niger Delta militant offshoot in narrow channel. MOA: kidnap-for-ransom of officers. Weapons observed: small arms. boarders rifled bridge & masters cabin, stole cash and electronics."
ASAM-1997-00367,2018-06-09T23:16:00,2018,6,11.8877,-64.7251,Caribbean / Venezuelan,Chemical Tanker,Boarded,0,0,Unknown,"Chemical Tanker attacked by Venezuelan coastal gang underway in transit lane. MOA: crew theft + minor injuries. Weapons observed: RPG-7. boarders rifled bridge & masters cabin, stole cash and electronics."
ASAM-1998-00368,2010-06-07T09:38:00,2010,6,6.1765,118.4774,Sulu Sea,Yacht,Attempted,0,0,Unknown,Yacht attacked by BIFF splinter group approx 40nm offshore. MOA: hostage transfer to Jolo island camps. Weapons observed: M16 + RPG. approach broken off after master sounded alarm and engaged firehoses.
ASAM-1999-00369,2004-04-19T20:57:00,2004,4,2.2204,103.3811,Strait of Malacca,Container Ship,Boarded,0,0,Unknown,"Container Ship attacked by Indonesian coastal gang in narrow channel. MOA: fast skiff rob at narrow channel. Weapons observed: small arms. boarders rifled bridge & masters cabin, stole cash and electronics."
ASAM-2000-00370,2018-09-07T04:25:00,2018,9,4.6365,3.3041,Gulf of Guinea,Bulk Carrier,Fired Upon,0,0,Small arms,"Bulk Carrier attacked by Niger Delta militant offshoot approx 165nm offshore. MOA: kidnap-for-ransom of officers. Weapons observed: AK-47. master engaged evasive maneuvers, RPG and small arms fire received."
ASAM-2001-00371,2012-10-21T03:34:00,2012,10,12.5665,49.6072,Gulf of Aden,Container Ship,Boarded,0,0,Unknown,"Container Ship attacked by Somali pirate skiff network underway in transit lane. MOA: RPG warning shot then boarding. Weapons observed: RPG-7. boarders rifled bridge & masters cabin, stole cash and electronics."
ASAM-2002-00372,2017-10-12T20:57:00,2017,10,5.6961,119.6661,Sulu Sea,Container Ship,Suspicious Approach,0,0,Knives,Container Ship attacked by BIFF splinter group in narrow channel. MOA: M16 + RPG armed boarding. Weapons observed: M16 + RPG. unidentified skiff shadowed vessel for 18 minutes before withdrawing.
ASAM-2003-00373,2005-11-13T14:44:00,2005,11,4.4007,99.5556,Strait of Malacca,Chemical Tanker,Attempted,0,0,Knives,Chemical Tanker attacked by Free Aceh splinter (historical) at anchorage. MOA: crew rob & flee in <30 min. Weapons observed: M16 + RPG. approach broken off after master sounded alarm and engaged firehoses.
ASAM-2004-00374,2006-02-07T14:29:00,2006,2,12.7908,111.6947,South China Sea,Chemical Tanker,Boarded,0,0,Unknown,"Chemical Tanker attacked by Vietnamese coastal robbers in narrow channel. MOA: stealth anchorage boarding. Weapons observed: AK-47. boarders rifled bridge & masters cabin, stole cash and electronics."
ASAM-2005-00375,2008-10-23T23:04:00,2008,10,11.5815,49.158,Gulf of Aden,Chemical Tanker,Boarded,1,0,AK-47,"Chemical Tanker attacked by Hobyo-Harardhere PAG at anchorage. MOA: grappling hook boarding at low freeboard. Weapons observed: small arms. boarders rifled bridge & masters cabin, stole cash and electronics; 2 crew sustained injuries."
ASAM-2006-00376,2011-11-25T03:53:00,2011,11,12.2579,48.8126,Gulf of Aden,Crude Oil Tanker,Boarded,0,0,Unknown,"Crude Oil Tanker attacked by Puntland-based PAG approx 66nm offshore. MOA: AK-47 small arms suppression. Weapons observed: M16 + RPG. boarders rifled bridge & masters cabin, stole cash and electronics."
ASAM-2007-00377,2020-02-20T21:45:00,2020,2,1.6266,6.5677,Gulf of Guinea,Bulk Carrier,Boarded,0,0,Unknown,"Bulk Carrier attacked by Bakassi Strike Force remnant in narrow channel. MOA: fast attack craft >150nm offshore. Weapons observed: AK-47. boarders rifled bridge & masters cabin, stole cash and electronics."
ASAM-2008-00378,2025-08-17T19:09:00,2025,8,2.977,99.5397,Strait of Malacca,Chemical Tanker,Hijacked,0,13,Small arms,"Chemical Tanker attacked by Riau Archipelago armed robbers underway in transit lane. MOA: crew rob & flee in <30 min. Weapons observed: small arms. vessel hijacked, crew of 17 taken to coastal anchorage; 13 crew taken hostage; ransom demand transmitted within 72h."
ASAM-2009-00379,2014-05-09T08:41:00,2014,5,11.2807,-64.7326,Caribbean / Venezuelan,Bulk Carrier,Hijacked,0,14,RPG,"Bulk Carrier attacked by Venezuelan coastal gang approx 26nm offshore. MOA: small arms intimidation. Weapons observed: AK-47. vessel hijacked, crew of 17 taken to coastal anchorage; 14 crew taken hostage; ransom demand transmitted within 72h."
ASAM-2010-00380,2010-12-08T20:08:00,2010,12,11.889,48.8005,Gulf of Aden,Container Ship,Attempted,0,0,RPG,Container Ship attacked by Somali pirate skiff network approx 121nm offshore. MOA: RPG warning shot then boarding. Weapons observed: AK-47. approach broken off after master sounded alarm and engaged firehoses.
ASAM-2011-00381,1993-11-16T11:25:00,1993,11,6.0988,120.4048,Sulu Sea,Container Ship,Fired Upon,0,0,Small arms,"Container Ship attacked by Abu Sayyaf maritime cell underway in transit lane. MOA: M16 + RPG armed boarding. Weapons observed: knives/machetes. master engaged evasive maneuvers, RPG and small arms fire received."
ASAM-2012-00382,2021-11-01T01:24:00,2021,11,5.9691,120.8932,Sulu Sea,RoRo Vehicle Carrier,Boarded,1,0,Unknown,"RoRo Vehicle Carrier attacked by BIFF splinter group in narrow channel. MOA: abduction of fishing crew. Weapons observed: RPG-7. boarders rifled bridge & masters cabin, stole cash and electronics; 3 crew sustained injuries."
ASAM-2013-00383,2004-06-14T02:46:00,2004,6,3.2769,100.2431,Strait of Malacca,Chemical Tanker,Hijacked,0,15,Small arms,"Chemical Tanker attacked by Free Aceh splinter (historical) in narrow channel. MOA: fast skiff rob at narrow channel. Weapons observed: M16 + RPG. vessel hijacked, crew of 22 taken to coastal anchorage; 15 crew taken hostage; ransom demand transmitted within 72h."
ASAM-2014-00384,2006-01-15T03:09:00,2006,1,3.2214,101.3838,Strait of Malacca,Crude Oil Tanker,Boarded,0,0,Knives,"Crude Oil Tanker attacked by Free Aceh splinter (historical) at anchorage. MOA: fast skiff rob at narrow channel. Weapons observed: AK-47. boarders rifled bridge & masters cabin, stole cash and electronics."
ASAM-2015-00385,1997-08-09T03:39:00,1997,8,4.2612,99.359,Strait of Malacca,Container Ship,Hijacked,0,20,Unknown,"Container Ship attacked by Indonesian coastal gang in narrow channel. MOA: crew rob & flee in <30 min. Weapons observed: knives/machetes. vessel hijacked, crew of 17 taken to coastal anchorage; 20 crew taken hostage; ransom demand transmitted within 72h."
ASAM-2016-00386,2011-12-21T22:05:00,2011,12,6.1561,122.126,Sulu Sea,Container Ship,Fired Upon,1,0,Unknown,"Container Ship attacked by Abu Sayyaf maritime cell underway in transit lane. MOA: abduction of fishing crew. Weapons observed: knives/machetes. master engaged evasive maneuvers, RPG and small arms fire received; 1 crew sustained injuries."
ASAM-2017-00387,2018-10-01T05:51:00,2018,10,5.9292,121.6888,Sulu Sea,Bulk Carrier,Boarded,0,0,Knives,"Bulk Carrier attacked by Abu Sayyaf maritime cell approx 251nm offshore. MOA: M16 + RPG armed boarding. Weapons observed: small arms. boarders rifled bridge & masters cabin, stole cash and electronics."
ASAM-2018-00388,2020-03-03T23:15:00,2020,3,3.3084,5.6768,Gulf of Guinea,Tug & Barge,Boarded,1,5,AK-47,"Tug & Barge attacked by Nigerian kidnap-for-ransom cell approx 90nm offshore. MOA: tanker product theft (siphon). Weapons observed: small arms. boarders rifled bridge & masters cabin, stole cash and electronics; 1 crew sustained injuries; 5 crew taken hostage; ransom demand transmitted within 72h."
ASAM-2019-00389,2013-01-21T16:40:00,2013,1,3.1333,99.5459,Strait of Malacca,LPG/LNG Tanker,Fired Upon,0,0,Small arms,"LPG/LNG Tanker attacked by Indonesian coastal gang approx 160nm offshore. MOA: fast skiff rob at narrow channel. Weapons observed: M16 + RPG. master engaged evasive maneuvers, RPG and small arms fire received."
ASAM-2020-00390,2001-05-21T20:14:00,2001,5,5.0317,3.2225,Gulf of Guinea,RoRo Vehicle Carrier,Hijacked,0,26,Knives,"RoRo Vehicle Carrier attacked by Niger Delta militant offshoot in narrow channel. MOA: AK-47 + GPMG armed boarding. Weapons observed: RPG-7. vessel hijacked, crew of 22 taken to coastal anchorage; 26 crew taken hostage; ransom demand transmitted within 72h."
ASAM-2021-00391,1997-05-02T21:23:00,1997,5,13.8515,47.9978,Gulf of Aden,General Cargo,Boarded,0,0,Small arms,"General Cargo attacked by Hobyo-Harardhere PAG underway in transit lane. MOA: AK-47 small arms suppression. Weapons observed: RPG-7. boarders rifled bridge & masters cabin, stole cash and electronics."
ASAM-2022-00392,2008-12-01T03:20:00,2008,12,12.7369,47.5754,Gulf of Aden,General Cargo,Suspicious Approach,0,0,Knives,General Cargo attacked by Puntland-based PAG underway in transit lane. MOA: AK-47 small arms suppression. Weapons observed: M16 + RPG. unidentified skiff shadowed vessel for 18 minutes before withdrawing.
ASAM-2023-00393,2006-03-27T22:58:00,2006,3,6.9852,119.083,Sulu Sea,General Cargo,Attempted,0,0,Knives,General Cargo attacked by Abu Sayyaf maritime cell underway in transit lane. MOA: speedboat intercept tug & barge. Weapons observed: knives/machetes. approach broken off after master sounded alarm and engaged firehoses.
ASAM-2024-00394,2010-07-26T21:15:00,2010,7,13.0048,49.5333,Gulf of Aden,Fishing Vessel,Boarded,0,0,Knives,"Fishing Vessel attacked by Puntland-based PAG underway in transit lane. MOA: AK-47 small arms suppression. Weapons observed: AK-47. boarders rifled bridge & masters cabin, stole cash and electronics."
ASAM-2025-00395,2003-09-24T03:51:00,2003,9,14.751,49.3042,Gulf of Aden,Container Ship,Suspicious Approach,0,0,RPG,Container Ship attacked by Puntland-based PAG underway in transit lane. MOA: mothership-launched skiff swarm. Weapons observed: AK-47. unidentified skiff shadowed vessel for 18 minutes before withdrawing.
ASAM-1993-00396,2005-02-08T10:36:00,2005,2,4.3724,99.1972,Strait of Malacca,Bulk Carrier,Suspicious Approach,0,0,RPG,Bulk Carrier attacked by Riau Archipelago armed robbers approx 255nm offshore. MOA: fast skiff rob at narrow channel. Weapons observed: small arms. unidentified skiff shadowed vessel for 18 minutes before withdrawing.
ASAM-1994-00397,2019-07-03T22:28:00,2019,7,5.5875,4.2377,Gulf of Guinea,Crude Oil Tanker,Boarded,1,1,Knives,"Crude Oil Tanker attacked by Nigerian kidnap-for-ransom cell at anchorage. MOA: fast attack craft >150nm offshore. Weapons observed: knives/machetes. boarders rifled bridge & masters cabin, stole cash and electronics; 3 crew sustained injuries; 1 crew taken hostage; ransom demand transmitted within 72h."
ASAM-1995-00398,2021-12-09T22:41:00,2021,12,4.1676,5.2431,Gulf of Guinea,Fishing Vessel,Boarded,0,1,Unknown,"Fishing Vessel attacked by Bakassi Strike Force remnant underway in transit lane. MOA: fast attack craft >150nm offshore. Weapons observed: AK-47. boarders rifled bridge & masters cabin, stole cash and electronics; 1 crew taken hostage; ransom demand transmitted within 72h."
ASAM-1996-00399,2018-09-15T08:59:00,2018,9,4.4563,7.6755,Gulf of Guinea,Bulk Carrier,Boarded,0,3,Small arms,"Bulk Carrier attacked by Bakassi Strike Force remnant at anchorage. MOA: AK-47 + GPMG armed boarding. Weapons observed: small arms. boarders rifled bridge & masters cabin, stole cash and electronics; 3 crew taken hostage; ransom demand transmitted within 72h."
ASAM-1997-00400,2005-09-27T05:09:00,2005,9,11.4226,47.2347,Gulf of Aden,Bulk Carrier,Attempted,0,0,RPG,Bulk Carrier attacked by Puntland-based PAG underway in transit lane. MOA: mothership-launched skiff swarm. Weapons observed: AK-47. approach broken off after master sounded alarm and engaged firehoses.
ASAM-1998-00401,2020-07-08T05:10:00,2020,7,2.5626,5.8728,Gulf of Guinea,RoRo Vehicle Carrier,Suspicious Approach,0,0,Knives,RoRo Vehicle Carrier attacked by Niger Delta militant offshoot in narrow channel. MOA: AK-47 + GPMG armed boarding. Weapons observed: AK-47. unidentified skiff shadowed vessel for 18 minutes before withdrawing.
ASAM-1999-00402,2004-06-21T03:44:00,2004,6,3.4443,99.8952,Strait of Malacca,Bulk Carrier,Fired Upon,0,0,AK-47,"Bulk Carrier attacked by Riau Archipelago armed robbers in narrow channel. MOA: crew rob & flee in <30 min. Weapons observed: knives/machetes. master engaged evasive maneuvers, RPG and small arms fire received."
ASAM-2000-00403,2006-09-07T03:51:00,2006,9,5.0889,101.4242,Strait of Malacca,Fishing Vessel,Attempted,0,0,Unknown,Fishing Vessel attacked by Riau Archipelago armed robbers approx 76nm offshore. MOA: crew rob & flee in <30 min. Weapons observed: small arms. approach broken off after master sounded alarm and engaged firehoses.
ASAM-2001-00404,2016-07-24T12:16:00,2016,7,7.3351,122.8141,Sulu Sea,Chemical Tanker,Boarded,0,0,Knives,"Chemical Tanker attacked by Sulu archipelago kidnapping ring approx 110nm offshore. MOA: abduction of fishing crew. Weapons observed: small arms. boarders rifled bridge & masters cabin, stole cash and electronics."
ASAM-2002-00405,2003-03-28T19:42:00,2003,3,3.3948,103.1207,Strait of Malacca,Chemical Tanker,Hijacked,0,12,Knives,"Chemical Tanker attacked by Riau Archipelago armed robbers underway in transit lane. MOA: fast skiff rob at narrow channel. Weapons observed: AK-47. vessel hijacked, crew of 26 taken to coastal anchorage; 12 crew taken hostage; ransom demand transmitted within 72h."
ASAM-2003-00406,2021-05-27T05:45:00,2021,5,2.5211,3.9652,Gulf of Guinea,Crude Oil Tanker,Boarded,0,0,Knives,"Crude Oil Tanker attacked by Bakassi Strike Force remnant at anchorage. MOA: tanker product theft (siphon). Weapons observed: small arms. boarders rifled bridge & masters cabin, stole cash and electronics."
ASAM-2004-00407,2000-04-15T12:41:00,2000,4,6.0047,119.3283,Sulu Sea,Bulk Carrier,Boarded,1,0,RPG,"Bulk Carrier attacked by BIFF splinter group in narrow channel. MOA: M16 + RPG armed boarding. Weapons observed: RPG-7. boarders rifled bridge & masters cabin, stole cash and electronics; 2 crew sustained injuries."
ASAM-2005-00408,2019-05-05T02:27:00,2019,5,9.75,-66.4052,Caribbean / Venezuelan,Yacht,Attempted,0,0,Knives,Yacht attacked by Venezuelan coastal gang at anchorage. MOA: small arms intimidation. Weapons observed: AK-47. approach broken off after master sounded alarm and engaged firehoses.
ASAM-2006-00409,2017-03-28T18:52:00,2017,3,6.8143,119.8639,Sulu Sea,Fishing Vessel,Suspicious Approach,0,0,Unknown,Fishing Vessel attacked by Abu Sayyaf maritime cell underway in transit lane. MOA: abduction of fishing crew. Weapons observed: AK-47. unidentified skiff shadowed vessel for 18 minutes before withdrawing.
ASAM-2007-00410,2004-12-23T09:16:00,2004,12,2.5472,101.6654,Strait of Malacca,Bulk Carrier,Boarded,0,2,Unknown,"Bulk Carrier attacked by Free Aceh splinter (historical) underway in transit lane. MOA: fast skiff rob at narrow channel. Weapons observed: knives/machetes. boarders rifled bridge & masters cabin, stole cash and electronics; 2 crew taken hostage; ransom demand transmitted within 72h."
ASAM-2008-00411,2018-03-02T01:28:00,2018,3,6.7871,120.1004,Sulu Sea,Crude Oil Tanker,Hijacked,0,26,RPG,"Crude Oil Tanker attacked by Abu Sayyaf maritime cell underway in transit lane. MOA: hostage transfer to Jolo island camps. Weapons observed: RPG-7. vessel hijacked, crew of 12 taken to coastal anchorage; 26 crew taken hostage; ransom demand transmitted within 72h."
ASAM-2009-00412,2005-06-14T00:40:00,2005,6,12.4552,49.4379,Gulf of Aden,Offshore Supply,Attempted,0,0,AK-47,Offshore Supply attacked by Hobyo-Harardhere PAG at anchorage. MOA: grappling hook boarding at low freeboard. Weapons observed: AK-47. approach broken off after master sounded alarm and engaged firehoses.
ASAM-2010-00413,2020-07-10T03:42:00,2020,7,2.6371,3.2776,Gulf of Guinea,Chemical Tanker,Attempted,0,0,Unknown,Chemical Tanker attacked by Bakassi Strike Force remnant underway in transit lane. MOA: tanker product theft (siphon). Weapons observed: RPG-7. approach broken off after master sounded alarm and engaged firehoses.
ASAM-2011-00414,2010-07-08T23:31:00,2010,7,15.3384,46.9994,Gulf of Aden,Fishing Vessel,Fired Upon,0,0,Knives,"Fishing Vessel attacked by Hobyo-Harardhere PAG underway in transit lane. MOA: mothership-launched skiff swarm. Weapons observed: knives/machetes. master engaged evasive maneuvers, RPG and small arms fire received."
ASAM-2012-00415,2014-11-23T18:28:00,2014,11,10.45,114.7241,South China Sea,Container Ship,Fired Upon,0,0,Knives,"Container Ship attacked by Filipino anchor-rob crew underway in transit lane. MOA: stealth anchorage boarding. Weapons observed: AK-47. master engaged evasive maneuvers, RPG and small arms fire received."
ASAM-2013-00416,2008-04-03T03:11:00,2008,4,13.5987,50.6999,Gulf of Aden,Crude Oil Tanker,Hijacked,0,15,RPG,"Crude Oil Tanker attacked by Somali pirate skiff network approx 245nm offshore. MOA: AK-47 small arms suppression. Weapons observed: M16 + RPG. vessel hijacked, crew of 12 taken to coastal anchorage; 15 crew taken hostage; ransom demand transmitted within 72h."
ASAM-2014-00417,2021-01-26T16:17:00,2021,1,6.2233,6.6439,Gulf of Guinea,General Cargo,Attempted,0,0,RPG,General Cargo attacked by Nigerian kidnap-for-ransom cell at anchorage. MOA: AK-47 + GPMG armed boarding. Weapons observed: small arms. approach broken off after master sounded alarm and engaged firehoses.
ASAM-2015-00418,2019-07-27T03:00:00,2019,7,3.8918,5.1093,Gulf of Guinea,Yacht,Suspicious Approach,1,0,Knives,Yacht attacked by Niger Delta militant offshoot at anchorage. MOA: tanker product theft (siphon). Weapons observed: M16 + RPG. unidentified skiff shadowed vessel for 18 minutes before withdrawing; 4 crew sustained injuries.
ASAM-2016-00419,2003-11-13T04:39:00,2003,11,4.5093,100.5138,Strait of Malacca,Bulk Carrier,Attempted,0,0,Small arms,Bulk Carrier attacked by Free Aceh splinter (historical) underway in transit lane. MOA: fast skiff rob at narrow channel. Weapons observed: AK-47. approach broken off after master sounded alarm and engaged firehoses.
ASAM-2017-00420,2012-05-14T21:51:00,2012,5,12.2063,42.118,Gulf of Aden,LPG/LNG Tanker,Boarded,0,0,AK-47,"LPG/LNG Tanker attacked by Puntland-based PAG approx 58nm offshore. MOA: grappling hook boarding at low freeboard. Weapons observed: knives/machetes. boarders rifled bridge & masters cabin, stole cash and electronics."
ASAM-2018-00421,2020-09-16T01:24:00,2020,9,5.4347,119.7162,Sulu Sea,Yacht,Attempted,0,0,AK-47,Yacht attacked by Abu Sayyaf maritime cell in narrow channel. MOA: speedboat intercept tug & barge. Weapons observed: knives/machetes. approach broken off after master sounded alarm and engaged firehoses.
ASAM-2019-00422,2008-03-10T22:56:00,2008,3,12.8892,47.132,Gulf of Aden,Bulk Carrier,Fired Upon,0,0,Knives,"Bulk Carrier attacked by Hobyo-Harardhere PAG underway in transit lane. MOA: mothership-launched skiff swarm. Weapons observed: small arms. master engaged evasive maneuvers, RPG and small arms fire received."
ASAM-2020-00423,2006-10-10T19:55:00,2006,10,3.6598,101.9655,Strait of Malacca,Bulk Carrier,Attempted,0,0,Unknown,"Bulk Carrier attacked by Riau Archipelago armed robbers underway in transit lane. MOA: knife-armed boarders, no firearms. Weapons observed: small arms. approach broken off after master sounded alarm and engaged firehoses."
ASAM-2021-00424,2017-02-27T23:17:00,2017,2,5.9669,120.211,Sulu Sea,General Cargo,Boarded,0,0,Knives,"General Cargo attacked by BIFF splinter group at anchorage. MOA: speedboat intercept tug & barge. Weapons observed: small arms. boarders rifled bridge & masters cabin, stole cash and electronics."
ASAM-2022-00425,2016-09-18T22:21:00,2016,9,13.4083,49.7179,Gulf of Aden,Bulk Carrier,Attempted,0,0,Small arms,Bulk Carrier attacked by Puntland-based PAG underway in transit lane. MOA: grappling hook boarding at low freeboard. Weapons observed: AK-47. approach broken off after master sounded alarm and engaged firehoses.
ASAM-2023-00426,2012-07-18T04:03:00,2012,7,6.7728,122.1414,Sulu Sea,Offshore Supply,Boarded,0,0,Knives,"Offshore Supply attacked by Sulu archipelago kidnapping ring in narrow channel. MOA: speedboat intercept tug & barge. Weapons observed: AK-47. boarders rifled bridge & masters cabin, stole cash and electronics."
ASAM-2024-00427,2003-07-15T23:26:00,2003,7,2.7692,101.2371,Strait of Malacca,Fishing Vessel,Boarded,0,0,AK-47,"Fishing Vessel attacked by Free Aceh splinter (historical) underway in transit lane. MOA: knife-armed boarders, no firearms. Weapons observed: AK-47. boarders rifled bridge & masters cabin, stole cash and electronics."
ASAM-2025-00428,1995-12-24T21:03:00,1995,12,12.8402,46.8402,Gulf of Aden,Offshore Supply,Attempted,0,0,Unknown,Offshore Supply attacked by Puntland-based PAG approx 250nm offshore. MOA: mothership-launched skiff swarm. Weapons observed: M16 + RPG. approach broken off after master sounded alarm and engaged firehoses.
ASAM-1993-00429,2005-05-23T13:03:00,2005,5,2.9785,100.9611,Strait of Malacca,Offshore Supply,Boarded,0,0,Knives,"Offshore Supply attacked by Indonesian coastal gang in narrow channel. MOA: knife-armed boarders, no firearms. Weapons observed: RPG-7. boarders rifled bridge & masters cabin, stole cash and electronics."
ASAM-1994-00430,2008-05-28T23:09:00,2008,5,6.1488,123.6412,Sulu Sea,Bulk Carrier,Boarded,0,0,Knives,"Bulk Carrier attacked by Sulu archipelago kidnapping ring underway in transit lane. MOA: hostage transfer to Jolo island camps. Weapons observed: AK-47. boarders rifled bridge & masters cabin, stole cash and electronics."
ASAM-1995-00431,2005-07-27T05:08:00,2005,7,4.2846,99.4059,Strait of Malacca,Container Ship,Boarded,0,0,RPG,"Container Ship attacked by Riau Archipelago armed robbers in narrow channel. MOA: knife-armed boarders, no firearms. Weapons observed: knives/machetes. boarders rifled bridge & masters cabin, stole cash and electronics."
ASAM-1996-00432,2017-04-05T03:28:00,2017,4,11.0063,-65.5452,Caribbean / Venezuelan,Crude Oil Tanker,Fired Upon,1,0,Small arms,"Crude Oil Tanker attacked by Trinidad-Tobago smuggler crew in narrow channel. MOA: yacht boarding at anchorage. Weapons observed: small arms. master engaged evasive maneuvers, RPG and small arms fire received; 4 crew sustained injuries."
ASAM-1997-00433,2018-12-21T03:08:00,2018,12,5.6899,6.2425,Gulf of Guinea,Crude Oil Tanker,Attempted,0,0,Unknown,Crude Oil Tanker attacked by Nigerian kidnap-for-ransom cell at anchorage. MOA: fast attack craft >150nm offshore. Weapons observed: knives/machetes. approach broken off after master sounded alarm and engaged firehoses.
ASAM-1998-00434,2019-03-20T01:01:00,2019,3,-0.5338,4.7585,Gulf of Guinea,Bulk Carrier,Attempted,0,0,Unknown,Bulk Carrier attacked by Niger Delta militant offshoot in narrow channel. MOA: tanker product theft (siphon). Weapons observed: AK-47. approach broken off after master sounded alarm and engaged firehoses.
ASAM-1999-00435,2018-03-05T23:54:00,2018,3,9.6521,-63.9372,Caribbean / Venezuelan,Chemical Tanker,Attempted,0,0,Unknown,Chemical Tanker attacked by Venezuelan coastal gang in narrow channel. MOA: small arms intimidation. Weapons observed: AK-47. approach broken off after master sounded alarm and engaged firehoses.
ASAM-2000-00436,2009-02-13T21:36:00,2009,2,13.9969,46.0208,Gulf of Aden,Tug & Barge,Attempted,0,0,Small arms,Tug & Barge attacked by Hobyo-Harardhere PAG approx 142nm offshore. MOA: RPG warning shot then boarding. Weapons observed: M16 + RPG. approach broken off after master sounded alarm and engaged firehoses.
ASAM-2001-00437,2003-09-28T03:47:00,2003,9,3.7807,101.3695,Strait of Malacca,Crude Oil Tanker,Attempted,0,0,Unknown,Crude Oil Tanker attacked by Riau Archipelago armed robbers in narrow channel. MOA: nighttime stealth boarding at anchorage. Weapons observed: RPG-7. approach broken off after master sounded alarm and engaged firehoses.
ASAM-2002-00438,2006-04-27T13:46:00,2006,4,4.3306,101.2573,Strait of Malacca,Fishing Vessel,Boarded,1,0,Knives,"Fishing Vessel attacked by Free Aceh splinter (historical) in narrow channel. MOA: crew rob & flee in <30 min. Weapons observed: RPG-7. boarders rifled bridge & masters cabin, stole cash and electronics; 2 crew sustained injuries."
ASAM-2003-00439,2017-06-15T05:52:00,2017,6,5.3747,120.943,Sulu Sea,General Cargo,Suspicious Approach,0,0,AK-47,General Cargo attacked by Abu Sayyaf maritime cell underway in transit lane. MOA: speedboat intercept tug & barge. Weapons observed: M16 + RPG. unidentified skiff shadowed vessel for 18 minutes before withdrawing.
ASAM-2004-00440,2016-05-14T21:15:00,2016,5,6.3001,121.3201,Sulu Sea,Chemical Tanker,Hijacked,1,17,Knives,"Chemical Tanker attacked by Sulu archipelago kidnapping ring in narrow channel. MOA: abduction of fishing crew. Weapons observed: AK-47. vessel hijacked, crew of 20 taken to coastal anchorage; 4 crew sustained injuries; 17 crew taken hostage; ransom demand transmitted within 72h."
ASAM-2005-00441,2014-02-20T19:19:00,2014,2,10.235,111.9568,South China Sea,Chemical Tanker,Boarded,0,0,RPG,"Chemical Tanker attacked by Vietnamese coastal robbers in narrow channel. MOA: stealth anchorage boarding. Weapons observed: RPG-7. boarders rifled bridge & masters cabin, stole cash and electronics."
ASAM-2006-00442,2015-10-11T01:51:00,2015,10,7.2354,112.9754,South China Sea,Offshore Supply,Attempted,0,0,Knives,Offshore Supply attacked by Filipino anchor-rob crew approx 148nm offshore. MOA: stealth anchorage boarding. Weapons observed: AK-47. approach broken off after master sounded alarm and engaged firehoses.
ASAM-2007-00443,2019-01-10T02:45:00,2019,1,2.8243,5.7228,Gulf of Guinea,Tug & Barge,Boarded,0,0,Unknown,"Tug & Barge attacked by Nigerian kidnap-for-ransom cell in narrow channel. MOA: AK-47 + GPMG armed boarding. Weapons observed: M16 + RPG. boarders rifled bridge & masters cabin, stole cash and electronics."
ASAM-2008-00444,2017-12-13T22:31:00,2017,12,6.4192,119.1439,Sulu Sea,Bulk Carrier,Boarded,0,0,Knives,"Bulk Carrier attacked by Abu Sayyaf maritime cell in narrow channel. MOA: hostage transfer to Jolo island camps. Weapons observed: M16 + RPG. boarders rifled bridge & masters cabin, stole cash and electronics."
ASAM-2009-00445,2019-11-03T03:44:00,2019,11,4.973,6.3544,Gulf of Guinea,Chemical Tanker,Fired Upon,1,0,Small arms,"Chemical Tanker attacked by Niger Delta militant offshoot underway in transit lane. MOA: AK-47 + GPMG armed boarding. Weapons observed: small arms. master engaged evasive maneuvers, RPG and small arms fire received; 3 crew sustained injuries."
ASAM-2010-00446,2009-12-23T01:29:00,2009,12,14.6233,49.5421,Gulf of Aden,Crude Oil Tanker,Attempted,0,0,Unknown,Crude Oil Tanker attacked by Hobyo-Harardhere PAG approx 89nm offshore. MOA: RPG warning shot then boarding. Weapons observed: RPG-7. approach broken off after master sounded alarm and engaged firehoses.
ASAM-2011-00447,1999-09-16T02:25:00,1999,9,5.6654,119.9876,Sulu Sea,Chemical Tanker,Boarded,0,0,Knives,"Chemical Tanker attacked by BIFF splinter group at anchorage. MOA: M16 + RPG armed boarding. Weapons observed: knives/machetes. boarders rifled bridge & masters cabin, stole cash and electronics."
ASAM-2012-00448,2005-12-21T01:08:00,2005,12,14.2544,47.0562,Gulf of Aden,Bulk Carrier,Hijacked,1,14,AK-47,"Bulk Carrier attacked by Puntland-based PAG approx 28nm offshore. MOA: RPG warning shot then boarding. Weapons observed: RPG-7. vessel hijacked, crew of 13 taken to coastal anchorage; 4 crew sustained injuries; 14 crew taken hostage; ransom demand transmitted within 72h."
ASAM-2013-00449,2010-11-10T12:37:00,2010,11,3.499,100.7763,Strait of Malacca,General Cargo,Boarded,0,0,RPG,"General Cargo attacked by Indonesian coastal gang in narrow channel. MOA: crew rob & flee in <30 min. Weapons observed: RPG-7. boarders rifled bridge & masters cabin, stole cash and electronics."
ASAM-2014-00450,2004-05-18T21:15:00,2004,5,3.7205,101.7766,Strait of Malacca,Crude Oil Tanker,Suspicious Approach,0,0,Knives,"Crude Oil Tanker attacked by Free Aceh splinter (historical) approx 160nm offshore. MOA: knife-armed boarders, no firearms. Weapons observed: RPG-7. unidentified skiff shadowed vessel for 18 minutes before withdrawing."
ASAM-2015-00451,2008-10-01T22:25:00,2008,10,13.6901,48.969,Gulf of Aden,Chemical Tanker,Boarded,0,1,Unknown,"Chemical Tanker attacked by Hobyo-Harardhere PAG at anchorage. MOA: mothership-launched skiff swarm. Weapons observed: M16 + RPG. boarders rifled bridge & masters cabin, stole cash and electronics; 1 crew taken hostage; ransom demand transmitted within 72h."
ASAM-2016-00452,2011-03-06T14:30:00,2011,3,13.1149,50.0658,Gulf of Aden,Chemical Tanker,Boarded,0,0,Knives,"Chemical Tanker attacked by Puntland-based PAG at anchorage. MOA: RPG warning shot then boarding. Weapons observed: knives/machetes. boarders rifled bridge & masters cabin, stole cash and electronics."
ASAM-2017-00453,2018-01-09T21:41:00,2018,1,1.2495,6.8499,Gulf of Guinea,Container Ship,Hijacked,0,9,Knives,"Container Ship attacked by Nigerian kidnap-for-ransom cell underway in transit lane. MOA: AK-47 + GPMG armed boarding. Weapons observed: small arms. vessel hijacked, crew of 13 taken to coastal anchorage; 9 crew taken hostage; ransom demand transmitted within 72h."
ASAM-2018-00454,2003-05-11T17:54:00,2003,5,10.9565,48.3373,Gulf of Aden,Offshore Supply,Attempted,0,0,RPG,Offshore Supply attacked by Puntland-based PAG at anchorage. MOA: AK-47 small arms suppression. Weapons observed: RPG-7. approach broken off after master sounded alarm and engaged firehoses.
ASAM-2019-00455,2010-08-04T04:46:00,2010,8,11.6366,46.6701,Gulf of Aden,Chemical Tanker,Boarded,0,0,AK-47,"Chemical Tanker attacked by Somali pirate skiff network approx 118nm offshore. MOA: RPG warning shot then boarding. Weapons observed: M16 + RPG. boarders rifled bridge & masters cabin, stole cash and electronics."
ASAM-2020-00456,2021-07-28T01:31:00,2021,7,8.6238,114.3729,South China Sea,Crude Oil Tanker,Boarded,0,0,Unknown,"Crude Oil Tanker attacked by Vietnamese coastal robbers approx 103nm offshore. MOA: stealth anchorage boarding. Weapons observed: small arms. boarders rifled bridge & masters cabin, stole cash and electronics."
ASAM-2021-00457,2006-09-10T23:44:00,2006,9,4.2492,99.8612,Strait of Malacca,Container Ship,Boarded,0,0,Knives,"Container Ship attacked by Indonesian coastal gang approx 40nm offshore. MOA: crew rob & flee in <30 min. Weapons observed: M16 + RPG. boarders rifled bridge & masters cabin, stole cash and electronics."
ASAM-2022-00458,2016-01-23T23:49:00,2016,1,12.7671,46.668,Gulf of Aden,Chemical Tanker,Boarded,1,0,Unknown,"Chemical Tanker attacked by Hobyo-Harardhere PAG at anchorage. MOA: grappling hook boarding at low freeboard. Weapons observed: AK-47. boarders rifled bridge & masters cabin, stole cash and electronics; 4 crew sustained injuries."
ASAM-2023-00459,2019-06-15T19:29:00,2019,6,4.2756,6.7678,Gulf of Guinea,Crude Oil Tanker,Attempted,0,0,Knives,Crude Oil Tanker attacked by Niger Delta militant offshoot in narrow channel. MOA: tanker product theft (siphon). Weapons observed: RPG-7. approach broken off after master sounded alarm and engaged firehoses.
ASAM-2024-00460,2008-01-03T17:46:00,2008,1,13.8922,49.3214,Gulf of Aden,Container Ship,Attempted,0,0,AK-47,Container Ship attacked by Hobyo-Harardhere PAG at anchorage. MOA: grappling hook boarding at low freeboard. Weapons observed: AK-47. approach broken off after master sounded alarm and engaged firehoses.
ASAM-2025-00461,2020-08-11T23:45:00,2020,8,3.7335,5.5528,Gulf of Guinea,General Cargo,Boarded,0,0,AK-47,"General Cargo attacked by Nigerian kidnap-for-ransom cell underway in transit lane. MOA: AK-47 + GPMG armed boarding. Weapons observed: small arms. boarders rifled bridge & masters cabin, stole cash and electronics."
ASAM-1993-00462,2006-10-20T01:16:00,2006,10,3.6608,98.9876,Strait of Malacca,Fishing Vessel,Boarded,0,0,Knives,"Fishing Vessel attacked by Free Aceh splinter (historical) approx 106nm offshore. MOA: fast skiff rob at narrow channel. Weapons observed: M16 + RPG. boarders rifled bridge & masters cabin, stole cash and electronics."
ASAM-1994-00463,2023-12-20T06:23:00,2023,12,5.726,119.7878,Sulu Sea,Yacht,Fired Upon,0,0,AK-47,"Yacht attacked by Sulu archipelago kidnapping ring at anchorage. MOA: hostage transfer to Jolo island camps. Weapons observed: small arms. master engaged evasive maneuvers, RPG and small arms fire received."
ASAM-1995-00464,2018-01-05T22:29:00,2018,1,5.8527,120.0884,Sulu Sea,Container Ship,Boarded,0,0,Unknown,"Container Ship attacked by Abu Sayyaf maritime cell at anchorage. MOA: M16 + RPG armed boarding. Weapons observed: M16 + RPG. boarders rifled bridge & masters cabin, stole cash and electronics."
ASAM-1996-00465,2004-08-22T06:25:00,2004,8,3.6769,100.2239,Strait of Malacca,Container Ship,Fired Upon,0,0,AK-47,"Container Ship attacked by Free Aceh splinter (historical) in narrow channel. MOA: fast skiff rob at narrow channel. Weapons observed: knives/machetes. master engaged evasive maneuvers, RPG and small arms fire received."
ASAM-1997-00466,2018-06-28T19:50:00,2018,6,10.477,109.021,South China Sea,Container Ship,Fired Upon,0,0,AK-47,"Container Ship attacked by Vietnamese coastal robbers in narrow channel. MOA: product theft (diesel siphoning). Weapons observed: small arms. master engaged evasive maneuvers, RPG and small arms fire received."
ASAM-1998-00467,2009-11-26T18:42:00,2009,11,12.4008,50.4809,Gulf of Aden,General Cargo,Boarded,0,0,RPG,"General Cargo attacked by Somali pirate skiff network underway in transit lane. MOA: RPG warning shot then boarding. Weapons observed: RPG-7. boarders rifled bridge & masters cabin, stole cash and electronics."
ASAM-1999-00468,2006-10-18T01:02:00,2006,10,3.1257,101.3078,Strait of Malacca,Bulk Carrier,Fired Upon,0,0,Knives,"Bulk Carrier attacked by Indonesian coastal gang in narrow channel. MOA: fast skiff rob at narrow channel. Weapons observed: M16 + RPG. master engaged evasive maneuvers, RPG and small arms fire received."
ASAM-2000-00469,2010-02-10T23:35:00,2010,2,11.6256,48.5531,Gulf of Aden,Tug & Barge,Hijacked,0,24,RPG,"Tug & Barge attacked by Puntland-based PAG at anchorage. MOA: grappling hook boarding at low freeboard. Weapons observed: AK-47. vessel hijacked, crew of 14 taken to coastal anchorage; 24 crew taken hostage; ransom demand transmitted within 72h."
ASAM-2001-00470,2012-12-13T04:56:00,2012,12,13.1879,48.4427,Gulf of Aden,General Cargo,Boarded,1,0,Small arms,"General Cargo attacked by Hobyo-Harardhere PAG approx 118nm offshore. MOA: grappling hook boarding at low freeboard. Weapons observed: knives/machetes. boarders rifled bridge & masters cabin, stole cash and electronics; 4 crew sustained injuries."
ASAM-2002-00471,2008-07-09T13:44:00,2008,7,11.5334,49.5328,Gulf of Aden,Container Ship,Boarded,0,0,RPG,"Container Ship attacked by Hobyo-Harardhere PAG underway in transit lane. MOA: grappling hook boarding at low freeboard. Weapons observed: small arms. boarders rifled bridge & masters cabin, stole cash and electronics."
ASAM-2003-00472,2019-10-28T01:06:00,2019,10,3.3611,101.2056,Strait of Malacca,Fishing Vessel,Boarded,0,1,AK-47,"Fishing Vessel attacked by Indonesian coastal gang approx 195nm offshore. MOA: knife-armed boarders, no firearms. Weapons observed: knives/machetes. boarders rifled bridge & masters cabin, stole cash and electronics; 1 crew taken hostage; ransom demand transmitted within 72h."
ASAM-2004-00473,2020-03-16T19:11:00,2020,3,3.9934,5.4345,Gulf of Guinea,Bulk Carrier,Boarded,0,0,RPG,"Bulk Carrier attacked by Bakassi Strike Force remnant in narrow channel. MOA: AK-47 + GPMG armed boarding. Weapons observed: small arms. boarders rifled bridge & masters cabin, stole cash and electronics."
ASAM-2005-00474,2016-06-25T18:04:00,2016,6,6.0441,119.9196,Sulu Sea,Container Ship,Attempted,0,0,Small arms,Container Ship attacked by Sulu archipelago kidnapping ring at anchorage. MOA: M16 + RPG armed boarding. Weapons observed: AK-47. approach broken off after master sounded alarm and engaged firehoses.
ASAM-2006-00475,2005-06-07T23:09:00,2005,6,5.4973,100.454,Strait of Malacca,Container Ship,Attempted,0,0,Small arms,Container Ship attacked by Indonesian coastal gang in narrow channel. MOA: crew rob & flee in <30 min. Weapons observed: RPG-7. approach broken off after master sounded alarm and engaged firehoses.
ASAM-2007-00476,2003-10-25T03:54:00,2003,10,4.8338,101.9911,Strait of Malacca,Crude Oil Tanker,Boarded,0,0,Small arms,"Crude Oil Tanker attacked by Riau Archipelago armed robbers in narrow channel. MOA: nighttime stealth boarding at anchorage. Weapons observed: AK-47. boarders rifled bridge & masters cabin, stole cash and electronics."
ASAM-2008-00477,2012-05-01T02:33:00,2012,5,13.172,49.2305,Gulf of Aden,Chemical Tanker,Attempted,1,0,Unknown,Chemical Tanker attacked by Somali pirate skiff network approx 56nm offshore. MOA: RPG warning shot then boarding. Weapons observed: AK-47. approach broken off after master sounded alarm and engaged firehoses; 3 crew sustained injuries.
ASAM-2009-00478,2004-03-10T02:12:00,2004,3,3.5658,98.681,Strait of Malacca,Bulk Carrier,Attempted,0,0,RPG,"Bulk Carrier attacked by Riau Archipelago armed robbers underway in transit lane. MOA: knife-armed boarders, no firearms. Weapons observed: knives/machetes. approach broken off after master sounded alarm and engaged firehoses."
ASAM-2010-00479,2012-03-16T01:35:00,2012,3,15.1344,47.5692,Gulf of Aden,Bulk Carrier,Attempted,0,0,Unknown,Bulk Carrier attacked by Somali pirate skiff network in narrow channel. MOA: grappling hook boarding at low freeboard. Weapons observed: AK-47. approach broken off after master sounded alarm and engaged firehoses.
ASAM-2011-00480,2018-03-25T17:37:00,2018,3,6.075,122.4443,Sulu Sea,Bulk Carrier,Fired Upon,0,0,Small arms,"Bulk Carrier attacked by Abu Sayyaf maritime cell in narrow channel. MOA: M16 + RPG armed boarding. Weapons observed: AK-47. master engaged evasive maneuvers, RPG and small arms fire received."
ASAM-2012-00481,2020-10-16T18:02:00,2020,10,3.104,100.6362,Strait of Malacca,Crude Oil Tanker,Boarded,1,0,AK-47,"Crude Oil Tanker attacked by Indonesian coastal gang in narrow channel. MOA: knife-armed boarders, no firearms. Weapons observed: knives/machetes. boarders rifled bridge & masters cabin, stole cash and electronics; 1 crew sustained injuries."
ASAM-2013-00482,2009-07-12T03:32:00,2009,7,14.2266,50.244,Gulf of Aden,General Cargo,Boarded,0,4,Unknown,"General Cargo attacked by Puntland-based PAG approx 213nm offshore. MOA: AK-47 small arms suppression. Weapons observed: small arms. boarders rifled bridge & masters cabin, stole cash and electronics; 4 crew taken hostage; ransom demand transmitted within 72h."
ASAM-2014-00483,2006-09-18T03:34:00,2006,9,3.1134,98.9997,Strait of Malacca,Chemical Tanker,Boarded,0,0,AK-47,"Chemical Tanker attacked by Free Aceh splinter (historical) underway in transit lane. MOA: fast skiff rob at narrow channel. Weapons observed: knives/machetes. boarders rifled bridge & masters cabin, stole cash and electronics."
ASAM-2015-00484,2004-09-10T22:23:00,2004,9,2.5617,102.8964,Strait of Malacca,LPG/LNG Tanker,Boarded,1,0,Small arms,"LPG/LNG Tanker attacked by Indonesian coastal gang in narrow channel. MOA: fast skiff rob at narrow channel. Weapons observed: RPG-7. boarders rifled bridge & masters cabin, stole cash and electronics; 1 crew sustained injuries."
ASAM-2016-00485,1993-12-07T03:21:00,1993,12,12.834,48.7343,Gulf of Aden,Yacht,Suspicious Approach,0,0,RPG,Yacht attacked by Somali pirate skiff network at anchorage. MOA: AK-47 small arms suppression. Weapons observed: small arms. unidentified skiff shadowed vessel for 18 minutes before withdrawing.
ASAM-2017-00486,2021-11-28T20:02:00,2021,11,5.6015,7.5781,Gulf of Guinea,Crude Oil Tanker,Attempted,0,0,Unknown,Crude Oil Tanker attacked by Nigerian kidnap-for-ransom cell underway in transit lane. MOA: kidnap-for-ransom of officers. Weapons observed: AK-47. approach broken off after master sounded alarm and engaged firehoses.
ASAM-2018-00487,2012-05-01T04:09:00,2012,5,13.7653,49.2023,Gulf of Aden,Bulk Carrier,Fired Upon,0,0,Knives,"Bulk Carrier attacked by Hobyo-Harardhere PAG underway in transit lane. MOA: AK-47 small arms suppression. Weapons observed: small arms. master engaged evasive maneuvers, RPG and small arms fire received."
ASAM-2019-00488,1994-11-13T23:57:00,1994,11,6.4695,120.2642,Sulu Sea,Yacht,Hijacked,0,14,Small arms,"Yacht attacked by BIFF splinter group underway in transit lane. MOA: M16 + RPG armed boarding. Weapons observed: M16 + RPG. vessel hijacked, crew of 19 taken to coastal anchorage; 14 crew taken hostage; ransom demand transmitted within 72h."
ASAM-2020-00489,2010-03-25T18:16:00,2010,3,15.007,51.6307,Gulf of Aden,Fishing Vessel,Fired Upon,0,0,AK-47,"Fishing Vessel attacked by Puntland-based PAG underway in transit lane. MOA: AK-47 small arms suppression. Weapons observed: RPG-7. master engaged evasive maneuvers, RPG and small arms fire received."
ASAM-2021-00490,1995-10-10T20:06:00,1995,10,3.9738,5.0847,Gulf of Guinea,Container Ship,Attempted,0,0,Small arms,Container Ship attacked by Bakassi Strike Force remnant approx 225nm offshore. MOA: kidnap-for-ransom of officers. Weapons observed: RPG-7. approach broken off after master sounded alarm and engaged firehoses.
ASAM-2022-00491,1996-07-09T16:28:00,1996,7,10.4196,113.2912,South China Sea,Chemical Tanker,Boarded,1,0,Small arms,"Chemical Tanker attacked by Filipino anchor-rob crew approx 223nm offshore. MOA: stealth anchorage boarding. Weapons observed: AK-47. boarders rifled bridge & masters cabin, stole cash and electronics; 1 crew sustained injuries."
ASAM-2023-00492,2014-11-10T19:24:00,2014,11,10.9993,108.9688,South China Sea,Bulk Carrier,Attempted,1,0,Small arms,Bulk Carrier attacked by Filipino anchor-rob crew underway in transit lane. MOA: stealth anchorage boarding. Weapons observed: RPG-7. approach broken off after master sounded alarm and engaged firehoses; 3 crew sustained injuries.
ASAM-2024-00493,2019-12-23T21:44:00,2019,12,12.7552,46.5285,Gulf of Aden,Tug & Barge,Attempted,0,0,RPG,Tug & Barge attacked by Hobyo-Harardhere PAG at anchorage. MOA: AK-47 small arms suppression. Weapons observed: knives/machetes. approach broken off after master sounded alarm and engaged firehoses.
ASAM-2025-00494,2004-09-23T18:06:00,2004,9,3.3209,99.4861,Strait of Malacca,LPG/LNG Tanker,Hijacked,0,10,Unknown,"LPG/LNG Tanker attacked by Riau Archipelago armed robbers at anchorage. MOA: fast skiff rob at narrow channel. Weapons observed: AK-47. vessel hijacked, crew of 17 taken to coastal anchorage; 10 crew taken hostage; ransom demand transmitted within 72h."
ASAM-1993-00495,2004-10-24T21:58:00,2004,10,4.5564,102.395,Strait of Malacca,Container Ship,Boarded,0,0,RPG,"Container Ship attacked by Free Aceh splinter (historical) approx 95nm offshore. MOA: nighttime stealth boarding at anchorage. Weapons observed: small arms. boarders rifled bridge & masters cabin, stole cash and electronics."
ASAM-1994-00496,2005-09-16T03:24:00,2005,9,3.8709,100.2536,Strait of Malacca,Bulk Carrier,Fired Upon,0,0,Small arms,"Bulk Carrier attacked by Indonesian coastal gang approx 161nm offshore. MOA: knife-armed boarders, no firearms. Weapons observed: knives/machetes. master engaged evasive maneuvers, RPG and small arms fire received."
ASAM-1995-00497,2009-04-27T23:01:00,2009,4,10.2251,113.1275,South China Sea,Crude Oil Tanker,Boarded,0,0,Small arms,"Crude Oil Tanker attacked by Vietnamese coastal robbers at anchorage. MOA: stealth anchorage boarding. Weapons observed: RPG-7. boarders rifled bridge & masters cabin, stole cash and electronics."
ASAM-1996-00498,2010-09-10T04:01:00,2010,9,10.0199,-65.8469,Caribbean / Venezuelan,Container Ship,Attempted,0,0,AK-47,Container Ship attacked by Trinidad-Tobago smuggler crew in narrow channel. MOA: crew theft + minor injuries. Weapons observed: RPG-7. approach broken off after master sounded alarm and engaged firehoses.
ASAM-1997-00499,2006-01-13T14:49:00,2006,1,2.8382,99.0733,Strait of Malacca,General Cargo,Hijacked,0,26,Knives,"General Cargo attacked by Indonesian coastal gang approx 161nm offshore. MOA: crew rob & flee in <30 min. Weapons observed: AK-47. vessel hijacked, crew of 26 taken to coastal anchorage; 26 crew taken hostage; ransom demand transmitted within 72h."
ASAM-1998-00500,2003-06-03T15:10:00,2003,6,4.4866,1.6364,Gulf of Guinea,General Cargo,Boarded,1,0,Unknown,"General Cargo attacked by Niger Delta militant offshoot in narrow channel. MOA: fast attack craft >150nm offshore. Weapons observed: M16 + RPG. boarders rifled bridge & masters cabin, stole cash and electronics; 1 crew sustained injuries."
ASAM-1999-00501,2001-04-09T07:05:00,2001,4,14.2973,51.2584,Gulf of Aden,General Cargo,Boarded,1,0,AK-47,"General Cargo attacked by Somali pirate skiff network approx 194nm offshore. MOA: mothership-launched skiff swarm. Weapons observed: knives/machetes. boarders rifled bridge & masters cabin, stole cash and electronics; 4 crew sustained injuries."
ASAM-2000-00502,1993-10-25T02:57:00,1993,10,11.1469,-64.9564,Caribbean / Venezuelan,Container Ship,Boarded,0,0,Knives,"Container Ship attacked by Trinidad-Tobago smuggler crew underway in transit lane. MOA: crew theft + minor injuries. Weapons observed: AK-47. boarders rifled bridge & masters cabin, stole cash and electronics."
ASAM-2001-00503,2014-05-15T01:49:00,2014,5,10.2397,109.8298,South China Sea,Tug & Barge,Boarded,0,0,RPG,"Tug & Barge attacked by Filipino anchor-rob crew approx 83nm offshore. MOA: product theft (diesel siphoning). Weapons observed: RPG-7. boarders rifled bridge & masters cabin, stole cash and electronics."
ASAM-2002-00504,2016-01-02T05:26:00,2016,1,4.9389,121.9474,Sulu Sea,Container Ship,Boarded,0,1,RPG,"Container Ship attacked by Abu Sayyaf maritime cell in narrow channel. MOA: hostage transfer to Jolo island camps. Weapons observed: RPG-7. boarders rifled bridge & masters cabin, stole cash and electronics; 1 crew taken hostage; ransom demand transmitted within 72h."
ASAM-2003-00505,2020-11-20T20:40:00,2020,11,3.8472,5.2274,Gulf of Guinea,RoRo Vehicle Carrier,Fired Upon,1,0,AK-47,"RoRo Vehicle Carrier attacked by Bakassi Strike Force remnant approx 264nm offshore. MOA: AK-47 + GPMG armed boarding. Weapons observed: M16 + RPG. master engaged evasive maneuvers, RPG and small arms fire received; 1 crew sustained injuries."
ASAM-2004-00506,2005-03-28T01:42:00,2005,3,3.8708,100.9931,Strait of Malacca,General Cargo,Attempted,0,0,AK-47,General Cargo attacked by Riau Archipelago armed robbers approx 36nm offshore. MOA: nighttime stealth boarding at anchorage. Weapons observed: RPG-7. approach broken off after master sounded alarm and engaged firehoses.
ASAM-2005-00507,2018-04-05T01:33:00,2018,4,6.4365,120.4959,Sulu Sea,Container Ship,Boarded,1,0,Small arms,"Container Ship attacked by BIFF splinter group approx 18nm offshore. MOA: speedboat intercept tug & barge. Weapons observed: RPG-7. boarders rifled bridge & masters cabin, stole cash and electronics; 4 crew sustained injuries."
ASAM-2006-00508,2018-08-12T06:32:00,2018,8,5.5647,121.3236,Sulu Sea,Crude Oil Tanker,Suspicious Approach,0,0,Unknown,Crude Oil Tanker attacked by Abu Sayyaf maritime cell in narrow channel. MOA: abduction of fishing crew. Weapons observed: knives/machetes. unidentified skiff shadowed vessel for 18 minutes before withdrawing.
ASAM-2007-00509,2003-02-26T01:24:00,2003,2,5.9301,120.8738,Sulu Sea,Bulk Carrier,Attempted,0,0,RPG,Bulk Carrier attacked by Sulu archipelago kidnapping ring underway in transit lane. MOA: hostage transfer to Jolo island camps. Weapons observed: AK-47. approach broken off after master sounded alarm and engaged firehoses.
ASAM-2008-00510,2015-02-02T19:50:00,2015,2,10.8741,113.4983,South China Sea,Tug & Barge,Boarded,0,0,Knives,"Tug & Barge attacked by Vietnamese coastal robbers underway in transit lane. MOA: stealth anchorage boarding. Weapons observed: RPG-7. boarders rifled bridge & masters cabin, stole cash and electronics."
ASAM-2009-00511,1993-08-07T03:57:00,1993,8,3.015,100.2699,Strait of Malacca,Offshore Supply,Hijacked,0,10,AK-47,"Offshore Supply attacked by Indonesian coastal gang in narrow channel. MOA: crew rob & flee in <30 min. Weapons observed: M16 + RPG. vessel hijacked, crew of 25 taken to coastal anchorage; 10 crew taken hostage; ransom demand transmitted within 72h."
ASAM-2010-00512,2005-11-18T07:21:00,2005,11,3.3798,101.6863,Strait of Malacca,Bulk Carrier,Hijacked,0,8,AK-47,"Bulk Carrier attacked by Indonesian coastal gang in narrow channel. MOA: fast skiff rob at narrow channel. Weapons observed: knives/machetes. vessel hijacked, crew of 13 taken to coastal anchorage; 8 crew taken hostage; ransom demand transmitted within 72h."
ASAM-2011-00513,2004-07-03T23:17:00,2004,7,5.3049,101.8922,Strait of Malacca,LPG/LNG Tanker,Suspicious Approach,0,0,Knives,LPG/LNG Tanker attacked by Riau Archipelago armed robbers at anchorage. MOA: fast skiff rob at narrow channel. Weapons observed: small arms. unidentified skiff shadowed vessel for 18 minutes before withdrawing.
ASAM-2012-00514,2017-01-18T23:31:00,2017,1,5.2569,118.8293,Sulu Sea,Fishing Vessel,Fired Upon,0,0,Knives,"Fishing Vessel attacked by Abu Sayyaf maritime cell underway in transit lane. MOA: speedboat intercept tug & barge. Weapons observed: RPG-7. master engaged evasive maneuvers, RPG and small arms fire received."
ASAM-2013-00515,2014-12-20T02:53:00,2014,12,12.8298,48.5328,Gulf of Aden,Fishing Vessel,Boarded,0,0,Knives,"Fishing Vessel attacked by Somali pirate skiff network in narrow channel. MOA: grappling hook boarding at low freeboard. Weapons observed: knives/machetes. boarders rifled bridge & masters cabin, stole cash and electronics."
ASAM-2014-00516,2008-08-23T22:57:00,2008,8,13.9367,52.1457,Gulf of Aden,Chemical Tanker,Boarded,1,0,Small arms,"Chemical Tanker attacked by Hobyo-Harardhere PAG at anchorage. MOA: AK-47 small arms suppression. Weapons observed: small arms. boarders rifled bridge & masters cabin, stole cash and electronics; 4 crew sustained injuries."
ASAM-2015-00517,2009-08-28T02:44:00,2009,8,13.6179,47.3502,Gulf of Aden,Fishing Vessel,Boarded,1,0,Small arms,"Fishing Vessel attacked by Puntland-based PAG in narrow channel. MOA: AK-47 small arms suppression. Weapons observed: RPG-7. boarders rifled bridge & masters cabin, stole cash and electronics; 2 crew sustained injuries."
ASAM-2016-00518,2004-10-10T11:54:00,2004,10,4.1464,100.7336,Strait of Malacca,Offshore Supply,Suspicious Approach,0,0,Knives,Offshore Supply attacked by Free Aceh splinter (historical) approx 40nm offshore. MOA: fast skiff rob at narrow channel. Weapons observed: M16 + RPG. unidentified skiff shadowed vessel for 18 minutes before withdrawing.
ASAM-2017-00519,2003-04-14T17:39:00,2003,4,2.8305,100.2962,Strait of Malacca,Container Ship,Attempted,0,0,RPG,Container Ship attacked by Indonesian coastal gang underway in transit lane. MOA: nighttime stealth boarding at anchorage. Weapons observed: AK-47. approach broken off after master sounded alarm and engaged firehoses.
ASAM-2018-00520,2015-01-04T19:01:00,2015,1,11.2977,113.7588,South China Sea,Chemical Tanker,Boarded,0,0,Knives,"Chemical Tanker attacked by Filipino anchor-rob crew in narrow channel. MOA: stealth anchorage boarding. Weapons observed: M16 + RPG. boarders rifled bridge & masters cabin, stole cash and electronics."
ASAM-2019-00521,2025-11-14T03:36:00,2025,11,4.0701,101.9974,Strait of Malacca,Fishing Vessel,Hijacked,1,25,Small arms,"Fishing Vessel attacked by Free Aceh splinter (historical) approx 45nm offshore. MOA: knife-armed boarders, no firearms. Weapons observed: M16 + RPG. vessel hijacked, crew of 19 taken to coastal anchorage; 3 crew sustained injuries; 25 crew taken hostage; ransom demand transmitted within 72h."
ASAM-2020-00522,2003-12-22T07:13:00,2003,12,3.9426,101.9192,Strait of Malacca,Bulk Carrier,Boarded,0,0,RPG,"Bulk Carrier attacked by Free Aceh splinter (historical) at anchorage. MOA: knife-armed boarders, no firearms. Weapons observed: AK-47. boarders rifled bridge & masters cabin, stole cash and electronics."
ASAM-2021-00523,2023-11-01T14:34:00,2023,11,13.2976,48.4183,Gulf of Aden,Container Ship,Boarded,0,0,RPG,"Container Ship attacked by Somali pirate skiff network in narrow channel. MOA: RPG warning shot then boarding. Weapons observed: M16 + RPG. boarders rifled bridge & masters cabin, stole cash and electronics."
ASAM-2022-00524,2012-12-11T02:13:00,2012,12,7.488,4.2916,Gulf of Guinea,Bulk Carrier,Boarded,0,0,AK-47,"Bulk Carrier attacked by Niger Delta militant offshoot at anchorage. MOA: AK-47 + GPMG armed boarding. Weapons observed: knives/machetes. boarders rifled bridge & masters cabin, stole cash and electronics."
ASAM-2023-00525,2013-01-11T02:47:00,2013,1,10.0025,110.9844,South China Sea,General Cargo,Boarded,0,0,Unknown,"General Cargo attacked by Filipino anchor-rob crew approx 153nm offshore. MOA: product theft (diesel siphoning). Weapons observed: RPG-7. boarders rifled bridge & masters cabin, stole cash and electronics."
ASAM-2024-00526,1999-10-18T19:27:00,1999,10,3.633,100.7522,Strait of Malacca,Bulk Carrier,Attempted,0,0,Small arms,Bulk Carrier attacked by Indonesian coastal gang at anchorage. MOA: crew rob & flee in <30 min. Weapons observed: RPG-7. approach broken off after master sounded alarm and engaged firehoses.
ASAM-2025-00527,2004-04-18T10:52:00,2004,4,2.4034,99.3669,Strait of Malacca,General Cargo,Attempted,0,0,Knives,General Cargo attacked by Indonesian coastal gang at anchorage. MOA: crew rob & flee in <30 min. Weapons observed: RPG-7. approach broken off after master sounded alarm and engaged firehoses.
ASAM-1993-00528,2000-02-22T21:05:00,2000,2,12.9079,48.6885,Gulf of Aden,Bulk Carrier,Boarded,0,0,RPG,"Bulk Carrier attacked by Somali pirate skiff network at anchorage. MOA: RPG warning shot then boarding. Weapons observed: AK-47. boarders rifled bridge & masters cabin, stole cash and electronics."
ASAM-1994-00529,2004-06-01T05:17:00,2004,6,2.1317,101.2533,Strait of Malacca,Fishing Vessel,Boarded,0,0,RPG,"Fishing Vessel attacked by Riau Archipelago armed robbers underway in transit lane. MOA: crew rob & flee in <30 min. Weapons observed: small arms. boarders rifled bridge & masters cabin, stole cash and electronics."
ASAM-1995-00530,2009-02-10T20:48:00,2009,2,12.9129,46.6561,Gulf of Aden,Chemical Tanker,Fired Upon,1,0,Knives,"Chemical Tanker attacked by Hobyo-Harardhere PAG underway in transit lane. MOA: mothership-launched skiff swarm. Weapons observed: AK-47. master engaged evasive maneuvers, RPG and small arms fire received; 1 crew sustained injuries."
ASAM-1996-00531,2018-01-11T11:35:00,2018,1,5.6193,119.7384,Sulu Sea,Chemical Tanker,Boarded,1,2,AK-47,"Chemical Tanker attacked by BIFF splinter group underway in transit lane. MOA: M16 + RPG armed boarding. Weapons observed: RPG-7. boarders rifled bridge & masters cabin, stole cash and electronics; 3 crew sustained injuries; 2 crew taken hostage; ransom demand transmitted within 72h."
ASAM-1997-00532,2008-09-22T08:27:00,2008,9,12.2847,48.6299,Gulf of Aden,Offshore Supply,Boarded,0,0,Unknown,"Offshore Supply attacked by Puntland-based PAG in narrow channel. MOA: mothership-launched skiff swarm. Weapons observed: small arms. boarders rifled bridge & masters cabin, stole cash and electronics."
ASAM-1998-00533,2018-12-28T00:27:00,2018,12,6.1341,121.0569,Sulu Sea,General Cargo,Boarded,0,0,Small arms,"General Cargo attacked by Sulu archipelago kidnapping ring underway in transit lane. MOA: abduction of fishing crew. Weapons observed: RPG-7. boarders rifled bridge & masters cabin, stole cash and electronics."
ASAM-1999-00534,1999-01-09T03:58:00,1999,1,5.2599,120.2132,Sulu Sea,Fishing Vessel,Suspicious Approach,0,0,Knives,Fishing Vessel attacked by Sulu archipelago kidnapping ring at anchorage. MOA: speedboat intercept tug & barge. Weapons observed: AK-47. unidentified skiff shadowed vessel for 18 minutes before withdrawing.
ASAM-2000-00535,2021-04-26T02:51:00,2021,4,5.7564,7.3869,Gulf of Guinea,Container Ship,Suspicious Approach,0,0,Knives,Container Ship attacked by Nigerian kidnap-for-ransom cell at anchorage. MOA: fast attack craft >150nm offshore. Weapons observed: small arms. unidentified skiff shadowed vessel for 18 minutes before withdrawing.
ASAM-2001-00536,2011-12-17T03:24:00,2011,12,12.4662,48.1326,Gulf of Aden,Container Ship,Hijacked,0,18,AK-47,"Container Ship attacked by Puntland-based PAG in narrow channel. MOA: RPG warning shot then boarding. Weapons observed: small arms. vessel hijacked, crew of 14 taken to coastal anchorage; 18 crew taken hostage; ransom demand transmitted within 72h."
ASAM-2002-00537,2025-08-16T00:22:00,2025,8,6.0961,117.5692,Sulu Sea,General Cargo,Attempted,0,0,Knives,General Cargo attacked by Sulu archipelago kidnapping ring underway in transit lane. MOA: abduction of fishing crew. Weapons observed: knives/machetes. approach broken off after master sounded alarm and engaged firehoses.
ASAM-2003-00538,1997-05-06T02:14:00,1997,5,4.0137,102.2867,Strait of Malacca,RoRo Vehicle Carrier,Boarded,1,0,Unknown,"RoRo Vehicle Carrier attacked by Indonesian coastal gang at anchorage. MOA: crew rob & flee in <30 min. Weapons observed: knives/machetes. boarders rifled bridge & masters cabin, stole cash and electronics; 4 crew sustained injuries."
ASAM-2004-00539,2010-03-02T01:19:00,2010,3,13.573,48.6548,Gulf of Aden,LPG/LNG Tanker,Boarded,1,0,RPG,"LPG/LNG Tanker attacked by Hobyo-Harardhere PAG at anchorage. MOA: grappling hook boarding at low freeboard. Weapons observed: AK-47. boarders rifled bridge & masters cabin, stole cash and electronics; 1 crew sustained injuries."
ASAM-2005-00540,2012-01-02T01:03:00,2012,1,13.6823,48.4576,Gulf of Aden,Chemical Tanker,Boarded,1,0,AK-47,"Chemical Tanker attacked by Hobyo-Harardhere PAG in narrow channel. MOA: AK-47 small arms suppression. Weapons observed: knives/machetes. boarders rifled bridge & masters cabin, stole cash and electronics; 3 crew sustained injuries."
ASAM-2006-00541,1994-04-08T20:36:00,1994,4,11.6083,48.5348,Gulf of Aden,Tug & Barge,Suspicious Approach,0,0,Knives,Tug & Barge attacked by Somali pirate skiff network in narrow channel. MOA: RPG warning shot then boarding. Weapons observed: knives/machetes. unidentified skiff shadowed vessel for 18 minutes before withdrawing.
ASAM-2007-00542,2009-06-07T03:05:00,2009,6,12.8574,47.7957,Gulf of Aden,Bulk Carrier,Attempted,0,0,Small arms,Bulk Carrier attacked by Hobyo-Harardhere PAG underway in transit lane. MOA: RPG warning shot then boarding. Weapons observed: small arms. approach broken off after master sounded alarm and engaged firehoses.
ASAM-2008-00543,2016-07-18T04:02:00,2016,7,11.8392,49.3608,Gulf of Aden,Tug & Barge,Attempted,0,0,Small arms,Tug & Barge attacked by Puntland-based PAG approx 280nm offshore. MOA: RPG warning shot then boarding. Weapons observed: small arms. approach broken off after master sounded alarm and engaged firehoses.
ASAM-2009-00544,2009-04-27T20:59:00,2009,4,2.9462,100.029,Strait of Malacca,Chemical Tanker,Boarded,0,0,Knives,"Chemical Tanker attacked by Free Aceh splinter (historical) underway in transit lane. MOA: crew rob & flee in <30 min. Weapons observed: AK-47. boarders rifled bridge & masters cabin, stole cash and electronics."
ASAM-2010-00545,1996-11-09T22:57:00,1996,11,3.3175,5.8207,Gulf of Guinea,LPG/LNG Tanker,Boarded,0,3,Small arms,"LPG/LNG Tanker attacked by Bakassi Strike Force remnant in narrow channel. MOA: kidnap-for-ransom of officers. Weapons observed: RPG-7. boarders rifled bridge & masters cabin, stole cash and electronics; 3 crew taken hostage; ransom demand transmitted within 72h."
ASAM-2011-00546,2018-12-02T21:29:00,2018,12,3.9132,4.9741,Gulf of Guinea,Bulk Carrier,Boarded,0,2,Unknown,"Bulk Carrier attacked by Niger Delta militant offshoot underway in transit lane. MOA: kidnap-for-ransom of officers. Weapons observed: M16 + RPG. boarders rifled bridge & masters cabin, stole cash and electronics; 2 crew taken hostage; ransom demand transmitted within 72h."
ASAM-2012-00547,2008-02-05T22:38:00,2008,2,11.9098,49.2121,Gulf of Aden,Tug & Barge,Hijacked,0,24,RPG,"Tug & Barge attacked by Hobyo-Harardhere PAG approx 21nm offshore. MOA: RPG warning shot then boarding. Weapons observed: RPG-7. vessel hijacked, crew of 20 taken to coastal anchorage; 24 crew taken hostage; ransom demand transmitted within 72h."
ASAM-2013-00548,2009-10-05T05:47:00,2009,10,12.297,49.67,Gulf of Aden,Fishing Vessel,Attempted,0,0,RPG,Fishing Vessel attacked by Puntland-based PAG underway in transit lane. MOA: AK-47 small arms suppression. Weapons observed: AK-47. approach broken off after master sounded alarm and engaged firehoses.
ASAM-2014-00549,2018-02-27T02:16:00,2018,2,7.0086,118.9916,Sulu Sea,Container Ship,Fired Upon,0,0,AK-47,"Container Ship attacked by Abu Sayyaf maritime cell approx 161nm offshore. MOA: M16 + RPG armed boarding. Weapons observed: RPG-7. master engaged evasive maneuvers, RPG and small arms fire received."
ASAM-2015-00550,2007-03-19T04:25:00,2007,3,13.0536,50.5959,Gulf of Aden,Chemical Tanker,Attempted,0,0,Knives,Chemical Tanker attacked by Puntland-based PAG approx 192nm offshore. MOA: mothership-launched skiff swarm. Weapons observed: M16 + RPG. approach broken off after master sounded alarm and engaged firehoses.
ASAM-2016-00551,2008-02-10T21:22:00,2008,2,13.7639,50.0417,Gulf of Aden,Bulk Carrier,Attempted,0,0,RPG,Bulk Carrier attacked by Somali pirate skiff network underway in transit lane. MOA: AK-47 small arms suppression. Weapons observed: RPG-7. approach broken off after master sounded alarm and engaged firehoses.
ASAM-2017-00552,2016-02-10T21:55:00,2016,2,3.765,103.3823,Strait of Malacca,Offshore Supply,Boarded,0,0,Small arms,"Offshore Supply attacked by Riau Archipelago armed robbers underway in transit lane. MOA: crew rob & flee in <30 min. Weapons observed: AK-47. boarders rifled bridge & masters cabin, stole cash and electronics."
ASAM-2018-00553,2021-01-05T19:43:00,2021,1,3.1635,3.9359,Gulf of Guinea,Container Ship,Attempted,0,0,RPG,Container Ship attacked by Bakassi Strike Force remnant in narrow channel. MOA: tanker product theft (siphon). Weapons observed: knives/machetes. approach broken off after master sounded alarm and engaged firehoses.
ASAM-2019-00554,2016-04-02T00:31:00,2016,4,3.6208,99.9364,Strait of Malacca,General Cargo,Boarded,0,0,RPG,"General Cargo attacked by Indonesian coastal gang approx 241nm offshore. MOA: crew rob & flee in <30 min. Weapons observed: AK-47. boarders rifled bridge & masters cabin, stole cash and electronics."
ASAM-2020-00555,2014-02-27T20:27:00,2014,2,10.4154,112.4112,South China Sea,Fishing Vessel,Attempted,0,0,AK-47,Fishing Vessel attacked by Vietnamese coastal robbers underway in transit lane. MOA: product theft (diesel siphoning). Weapons observed: knives/machetes. approach broken off after master sounded alarm and engaged firehoses.
ASAM-2021-00556,2008-02-08T05:29:00,2008,2,10.5941,113.0228,South China Sea,Chemical Tanker,Boarded,1,0,Unknown,"Chemical Tanker attacked by Filipino anchor-rob crew in narrow channel. MOA: stealth anchorage boarding. Weapons observed: RPG-7. boarders rifled bridge & masters cabin, stole cash and electronics; 2 crew sustained injuries."
ASAM-2022-00557,2020-04-02T02:10:00,2020,4,3.4952,7.6894,Gulf of Guinea,Chemical Tanker,Attempted,0,0,Small arms,Chemical Tanker attacked by Niger Delta militant offshoot in narrow channel. MOA: tanker product theft (siphon). Weapons observed: AK-47. approach broken off after master sounded alarm and engaged firehoses.
ASAM-2023-00558,2019-06-13T09:12:00,2019,6,3.717,5.1189,Gulf of Guinea,Chemical Tanker,Boarded,1,0,AK-47,"Chemical Tanker attacked by Niger Delta militant offshoot in narrow channel. MOA: kidnap-for-ransom of officers. Weapons observed: RPG-7. boarders rifled bridge & masters cabin, stole cash and electronics; 2 crew sustained injuries."
ASAM-2024-00559,2012-11-08T17:39:00,2012,11,14.0606,48.5651,Gulf of Aden,General Cargo,Attempted,0,0,Knives,General Cargo attacked by Somali pirate skiff network underway in transit lane. MOA: AK-47 small arms suppression. Weapons observed: M16 + RPG. approach broken off after master sounded alarm and engaged firehoses.
ASAM-2025-00560,2018-10-24T19:04:00,2018,10,5.5484,10.2627,Gulf of Guinea,LPG/LNG Tanker,Attempted,0,0,Knives,LPG/LNG Tanker attacked by Nigerian kidnap-for-ransom cell at anchorage. MOA: AK-47 + GPMG armed boarding. Weapons observed: M16 + RPG. approach broken off after master sounded alarm and engaged firehoses.
ASAM-1993-00561,2009-06-19T01:20:00,2009,6,1.6369,4.1394,Gulf of Guinea,Bulk Carrier,Fired Upon,0,0,Knives,"Bulk Carrier attacked by Nigerian kidnap-for-ransom cell underway in transit lane. MOA: kidnap-for-ransom of officers. Weapons observed: knives/machetes. master engaged evasive maneuvers, RPG and small arms fire received."
ASAM-1994-00562,2010-12-09T00:44:00,2010,12,14.9482,51.3254,Gulf of Aden,LPG/LNG Tanker,Boarded,0,0,RPG,"LPG/LNG Tanker attacked by Hobyo-Harardhere PAG approx 173nm offshore. MOA: grappling hook boarding at low freeboard. Weapons observed: M16 + RPG. boarders rifled bridge & masters cabin, stole cash and electronics."
ASAM-1995-00563,2020-04-25T02:33:00,2020,4,4.194,2.7408,Gulf of Guinea,Container Ship,Boarded,0,0,Knives,"Container Ship attacked by Niger Delta militant offshoot approx 76nm offshore. MOA: fast attack craft >150nm offshore. Weapons observed: AK-47. boarders rifled bridge & masters cabin, stole cash and electronics."
ASAM-1996-00564,2006-09-12T07:15:00,2006,9,3.5205,99.531,Strait of Malacca,Fishing Vessel,Fired Upon,0,0,AK-47,"Fishing Vessel attacked by Riau Archipelago armed robbers approx 201nm offshore. MOA: fast skiff rob at narrow channel. Weapons observed: AK-47. master engaged evasive maneuvers, RPG and small arms fire received."
ASAM-1997-00565,2014-04-16T22:40:00,2014,4,9.5019,109.4652,South China Sea,General Cargo,Boarded,0,0,RPG,"General Cargo attacked by Filipino anchor-rob crew in narrow channel. MOA: stealth anchorage boarding. Weapons observed: RPG-7. boarders rifled bridge & masters cabin, stole cash and electronics."
ASAM-1998-00566,2017-12-06T22:22:00,2017,12,9.3329,-65.9129,Caribbean / Venezuelan,Container Ship,Attempted,0,0,RPG,Container Ship attacked by Venezuelan coastal gang at anchorage. MOA: yacht boarding at anchorage. Weapons observed: AK-47. approach broken off after master sounded alarm and engaged firehoses.
ASAM-1999-00567,2008-09-21T02:34:00,2008,9,11.8218,-65.5035,Caribbean / Venezuelan,Fishing Vessel,Attempted,0,0,Unknown,Fishing Vessel attacked by Trinidad-Tobago smuggler crew in narrow channel. MOA: yacht boarding at anchorage. Weapons observed: RPG-7. approach broken off after master sounded alarm and engaged firehoses.
ASAM-2000-00568,2008-06-20T03:43:00,2008,6,6.2765,121.0999,Sulu Sea,Chemical Tanker,Attempted,0,0,Knives,Chemical Tanker attacked by BIFF splinter group underway in transit lane. MOA: abduction of fishing crew. Weapons observed: M16 + RPG. approach broken off after master sounded alarm and engaged firehoses.
ASAM-2001-00569,2011-01-12T21:41:00,2011,1,11.568,49.2849,Gulf of Aden,Container Ship,Boarded,0,0,Unknown,"Container Ship attacked by Puntland-based PAG underway in transit lane. MOA: mothership-launched skiff swarm. Weapons observed: M16 + RPG. boarders rifled bridge & masters cabin, stole cash and electronics."
ASAM-2002-00570,2017-05-07T02:19:00,2017,5,3.8107,3.8619,Gulf of Guinea,Chemical Tanker,Attempted,0,0,RPG,Chemical Tanker attacked by Bakassi Strike Force remnant underway in transit lane. MOA: AK-47 + GPMG armed boarding. Weapons observed: M16 + RPG. approach broken off after master sounded alarm and engaged firehoses.
ASAM-2003-00571,2019-07-05T16:53:00,2019,7,13.4749,-65.8281,Caribbean / Venezuelan,Container Ship,Attempted,0,0,Small arms,Container Ship attacked by Trinidad-Tobago smuggler crew underway in transit lane. MOA: small arms intimidation. Weapons observed: AK-47. approach broken off after master sounded alarm and engaged firehoses.
ASAM-2004-00572,2009-04-15T05:54:00,2009,4,12.8783,53.4109,Gulf of Aden,General Cargo,Boarded,1,0,AK-47,"General Cargo attacked by Puntland-based PAG at anchorage. MOA: AK-47 small arms suppression. Weapons observed: RPG-7. boarders rifled bridge & masters cabin, stole cash and electronics; 2 crew sustained injuries."
ASAM-2005-00573,2000-08-06T01:09:00,2000,8,11.2811,47.5234,Gulf of Aden,Crude Oil Tanker,Attempted,0,0,Unknown,Crude Oil Tanker attacked by Somali pirate skiff network in narrow channel. MOA: grappling hook boarding at low freeboard. Weapons observed: AK-47. approach broken off after master sounded alarm and engaged firehoses.
ASAM-2006-00574,1994-02-21T05:54:00,1994,2,5.4943,3.4013,Gulf of Guinea,Crude Oil Tanker,Boarded,0,0,RPG,"Crude Oil Tanker attacked by Bakassi Strike Force remnant approx 196nm offshore. MOA: kidnap-for-ransom of officers. Weapons observed: small arms. boarders rifled bridge & masters cabin, stole cash and electronics."
ASAM-2007-00575,2012-11-13T02:31:00,2012,11,14.6138,49.0154,Gulf of Aden,Offshore Supply,Boarded,0,0,Unknown,"Offshore Supply attacked by Hobyo-Harardhere PAG underway in transit lane. MOA: mothership-launched skiff swarm. Weapons observed: AK-47. boarders rifled bridge & masters cabin, stole cash and electronics."
ASAM-2008-00576,2006-11-16T04:43:00,2006,11,3.6865,4.2097,Gulf of Guinea,General Cargo,Boarded,0,0,RPG,"General Cargo attacked by Nigerian kidnap-for-ransom cell underway in transit lane. MOA: kidnap-for-ransom of officers. Weapons observed: small arms. boarders rifled bridge & masters cabin, stole cash and electronics."
ASAM-2009-00577,2019-01-11T02:33:00,2019,1,2.7769,5.0965,Gulf of Guinea,Yacht,Attempted,0,0,RPG,Yacht attacked by Niger Delta militant offshoot underway in transit lane. MOA: tanker product theft (siphon). Weapons observed: M16 + RPG. approach broken off after master sounded alarm and engaged firehoses.
ASAM-2010-00578,2011-03-17T03:48:00,2011,3,2.9038,99.2144,Strait of Malacca,General Cargo,Boarded,0,0,Small arms,"General Cargo attacked by Riau Archipelago armed robbers underway in transit lane. MOA: crew rob & flee in <30 min. Weapons observed: knives/machetes. boarders rifled bridge & masters cabin, stole cash and electronics."
ASAM-2011-00579,2016-04-11T03:10:00,2016,4,6.0147,122.0141,Sulu Sea,Crude Oil Tanker,Boarded,1,0,Small arms,"Crude Oil Tanker attacked by Sulu archipelago kidnapping ring underway in transit lane. MOA: M16 + RPG armed boarding. Weapons observed: M16 + RPG. boarders rifled bridge & masters cabin, stole cash and electronics; 2 crew sustained injuries."
ASAM-2012-00580,2008-12-18T05:54:00,2008,12,12.7723,50.4675,Gulf of Aden,Tug & Barge,Attempted,0,0,RPG,Tug & Barge attacked by Hobyo-Harardhere PAG approx 130nm offshore. MOA: AK-47 small arms suppression. Weapons observed: knives/machetes. approach broken off after master sounded alarm and engaged firehoses.
ASAM-2013-00581,2011-01-13T06:29:00,2011,1,13.3825,47.4342,Gulf of Aden,Offshore Supply,Suspicious Approach,0,0,Knives,Offshore Supply attacked by Somali pirate skiff network at anchorage. MOA: grappling hook boarding at low freeboard. Weapons observed: knives/machetes. unidentified skiff shadowed vessel for 18 minutes before withdrawing.
ASAM-2014-00582,2010-02-21T05:35:00,2010,2,10.5359,46.0112,Gulf of Aden,Chemical Tanker,Boarded,0,6,AK-47,"Chemical Tanker attacked by Somali pirate skiff network in narrow channel. MOA: mothership-launched skiff swarm. Weapons observed: knives/machetes. boarders rifled bridge & masters cabin, stole cash and electronics; 6 crew taken hostage; ransom demand transmitted within 72h."
ASAM-2015-00583,2018-06-16T06:15:00,2018,6,6.2987,119.9382,Sulu Sea,Bulk Carrier,Boarded,0,0,AK-47,"Bulk Carrier attacked by Sulu archipelago kidnapping ring approx 275nm offshore. MOA: M16 + RPG armed boarding. Weapons observed: knives/machetes. boarders rifled bridge & masters cabin, stole cash and electronics."
ASAM-2016-00584,2005-11-22T01:33:00,2005,11,4.5056,98.4547,Strait of Malacca,Container Ship,Fired Upon,1,0,RPG,"Container Ship attacked by Riau Archipelago armed robbers at anchorage. MOA: crew rob & flee in <30 min. Weapons observed: RPG-7. master engaged evasive maneuvers, RPG and small arms fire received; 4 crew sustained injuries."
ASAM-2017-00585,2021-09-19T02:59:00,2021,9,11.5495,49.0646,Gulf of Aden,LPG/LNG Tanker,Attempted,0,0,RPG,LPG/LNG Tanker attacked by Somali pirate skiff network in narrow channel. MOA: grappling hook boarding at low freeboard. Weapons observed: knives/machetes. approach broken off after master sounded alarm and engaged firehoses.
ASAM-2018-00586,2011-03-02T01:24:00,2011,3,11.814,53.2167,Gulf of Aden,Bulk Carrier,Attempted,1,0,Small arms,Bulk Carrier attacked by Hobyo-Harardhere PAG in narrow channel. MOA: RPG warning shot then boarding. Weapons observed: knives/machetes. approach broken off after master sounded alarm and engaged firehoses; 4 crew sustained injuries.
ASAM-2019-00587,1999-12-27T01:00:00,1999,12,3.4399,101.3964,Strait of Malacca,Chemical Tanker,Hijacked,0,21,RPG,"Chemical Tanker attacked by Free Aceh splinter (historical) approx 215nm offshore. MOA: crew rob & flee in <30 min. Weapons observed: knives/machetes. vessel hijacked, crew of 14 taken to coastal anchorage; 21 crew taken hostage; ransom demand transmitted within 72h."
ASAM-2020-00588,2011-06-23T20:35:00,2011,6,14.845,50.6297,Gulf of Aden,Chemical Tanker,Attempted,0,0,Knives,Chemical Tanker attacked by Hobyo-Harardhere PAG at anchorage. MOA: grappling hook boarding at low freeboard. Weapons observed: RPG-7. approach broken off after master sounded alarm and engaged firehoses.
ASAM-2021-00589,2003-06-07T08:11:00,2003,6,12.2203,49.9747,Gulf of Aden,Container Ship,Boarded,0,0,Knives,"Container Ship attacked by Puntland-based PAG underway in transit lane. MOA: grappling hook boarding at low freeboard. Weapons observed: small arms. boarders rifled bridge & masters cabin, stole cash and electronics."
ASAM-2022-00590,1995-04-09T20:51:00,1995,4,11.9385,49.9494,Gulf of Aden,Crude Oil Tanker,Boarded,1,0,Knives,"Crude Oil Tanker attacked by Hobyo-Harardhere PAG in narrow channel. MOA: grappling hook boarding at low freeboard. Weapons observed: RPG-7. boarders rifled bridge & masters cabin, stole cash and electronics; 2 crew sustained injuries."
ASAM-2023-00591,1998-06-03T03:44:00,1998,6,3.7788,99.1234,Strait of Malacca,General Cargo,Suspicious Approach,0,0,Small arms,General Cargo attacked by Indonesian coastal gang underway in transit lane. MOA: crew rob & flee in <30 min. Weapons observed: knives/machetes. unidentified skiff shadowed vessel for 18 minutes before withdrawing.
ASAM-2024-00592,2008-10-12T22:07:00,2008,10,5.3092,119.0776,Sulu Sea,General Cargo,Boarded,0,0,AK-47,"General Cargo attacked by Sulu archipelago kidnapping ring in narrow channel. MOA: M16 + RPG armed boarding. Weapons observed: small arms. boarders rifled bridge & masters cabin, stole cash and electronics."
ASAM-2025-00593,2014-10-02T16:25:00,2014,10,11.5391,-65.137,Caribbean / Venezuelan,Bulk Carrier,Boarded,0,0,Unknown,"Bulk Carrier attacked by Venezuelan coastal gang in narrow channel. MOA: crew theft + minor injuries. Weapons observed: AK-47. boarders rifled bridge & masters cabin, stole cash and electronics."
ASAM-1993-00594,2024-10-23T10:55:00,2024,10,12.9382,49.9908,Gulf of Aden,Chemical Tanker,Hijacked,1,11,Unknown,"Chemical Tanker attacked by Hobyo-Harardhere PAG underway in transit lane. MOA: RPG warning shot then boarding. Weapons observed: small arms. vessel hijacked, crew of 21 taken to coastal anchorage; 2 crew sustained injuries; 11 crew taken hostage; ransom demand transmitted within 72h."
ASAM-1994-00595,2015-10-26T20:17:00,2015,10,9.8893,113.8928,South China Sea,Bulk Carrier,Hijacked,0,24,Knives,"Bulk Carrier attacked by Filipino anchor-rob crew underway in transit lane. MOA: stealth anchorage boarding. Weapons observed: AK-47. vessel hijacked, crew of 21 taken to coastal anchorage; 24 crew taken hostage; ransom demand transmitted within 72h."
ASAM-1995-00596,2019-12-10T04:45:00,2019,12,10.7088,-63.0165,Caribbean / Venezuelan,Tug & Barge,Boarded,0,0,Small arms,"Tug & Barge attacked by Trinidad-Tobago smuggler crew approx 181nm offshore. MOA: crew theft + minor injuries. Weapons observed: M16 + RPG. boarders rifled bridge & masters cabin, stole cash and electronics."
ASAM-1996-00597,2006-02-08T02:42:00,2006,2,4.0884,99.2317,Strait of Malacca,Crude Oil Tanker,Boarded,1,0,Small arms,"Crude Oil Tanker attacked by Riau Archipelago armed robbers approx 85nm offshore. MOA: crew rob & flee in <30 min. Weapons observed: knives/machetes. boarders rifled bridge & masters cabin, stole cash and electronics; 3 crew sustained injuries."
ASAM-1997-00598,2019-11-22T19:28:00,2019,11,8.7141,113.9292,South China Sea,Yacht,Fired Upon,0,0,Small arms,"Yacht attacked by Filipino anchor-rob crew in narrow channel. MOA: stealth anchorage boarding. Weapons observed: M16 + RPG. master engaged evasive maneuvers, RPG and small arms fire received."
ASAM-1998-00599,2010-10-21T23:31:00,2010,10,12.9304,49.1794,Gulf of Aden,Tug & Barge,Boarded,0,2,RPG,"Tug & Barge attacked by Hobyo-Harardhere PAG at anchorage. MOA: AK-47 small arms suppression. Weapons observed: AK-47. boarders rifled bridge & masters cabin, stole cash and electronics; 2 crew taken hostage; ransom demand transmitted within 72h."
ASAM-1999-00600,2001-06-16T04:13:00,2001,6,3.1568,11.3967,Gulf of Guinea,Crude Oil Tanker,Fired Upon,0,0,Knives,"Crude Oil Tanker attacked by Bakassi Strike Force remnant at anchorage. MOA: AK-47 + GPMG armed boarding. Weapons observed: M16 + RPG. master engaged evasive maneuvers, RPG and small arms fire received."
ASAM-2000-00601,2003-10-15T10:17:00,2003,10,13.3471,46.5349,Gulf of Aden,Bulk Carrier,Suspicious Approach,0,0,RPG,Bulk Carrier attacked by Somali pirate skiff network in narrow channel. MOA: grappling hook boarding at low freeboard. Weapons observed: AK-47. unidentified skiff shadowed vessel for 18 minutes before withdrawing.
ASAM-2001-00602,1998-02-01T12:32:00,1998,2,12.9615,48.4633,Gulf of Aden,LPG/LNG Tanker,Boarded,1,0,Unknown,"LPG/LNG Tanker attacked by Somali pirate skiff network underway in transit lane. MOA: mothership-launched skiff swarm. Weapons observed: M16 + RPG. boarders rifled bridge & masters cabin, stole cash and electronics; 2 crew sustained injuries."
ASAM-2002-00603,2004-10-28T00:54:00,2004,10,13.1819,49.4589,Gulf of Aden,Bulk Carrier,Fired Upon,0,0,Small arms,"Bulk Carrier attacked by Puntland-based PAG in narrow channel. MOA: RPG warning shot then boarding. Weapons observed: knives/machetes. master engaged evasive maneuvers, RPG and small arms fire received."
ASAM-2003-00604,2011-05-15T23:51:00,2011,5,13.5983,47.8498,Gulf of Aden,Chemical Tanker,Hijacked,1,17,AK-47,"Chemical Tanker attacked by Somali pirate skiff network in narrow channel. MOA: mothership-launched skiff swarm. Weapons observed: RPG-7. vessel hijacked, crew of 12 taken to coastal anchorage; 2 crew sustained injuries; 17 crew taken hostage; ransom demand transmitted within 72h."
ASAM-2004-00605,2004-04-07T03:18:00,2004,4,1.7701,102.5312,Strait of Malacca,Bulk Carrier,Suspicious Approach,0,0,Unknown,"Bulk Carrier attacked by Riau Archipelago armed robbers at anchorage. MOA: knife-armed boarders, no firearms. Weapons observed: M16 + RPG. unidentified skiff shadowed vessel for 18 minutes before withdrawing."
ASAM-2005-00606,2003-02-10T17:48:00,2003,2,1.683,7.3099,Gulf of Guinea,Chemical Tanker,Boarded,0,0,Knives,"Chemical Tanker attacked by Bakassi Strike Force remnant underway in transit lane. MOA: tanker product theft (siphon). Weapons observed: M16 + RPG. boarders rifled bridge & masters cabin, stole cash and electronics."
ASAM-2006-00607,2020-04-17T06:29:00,2020,4,5.9429,8.0111,Gulf of Guinea,General Cargo,Boarded,0,0,AK-47,"General Cargo attacked by Bakassi Strike Force remnant approx 214nm offshore. MOA: tanker product theft (siphon). Weapons observed: small arms. boarders rifled bridge & masters cabin, stole cash and electronics."
ASAM-2007-00608,2016-11-19T05:23:00,2016,11,10.0433,113.5116,South China Sea,Container Ship,Boarded,0,6,RPG,"Container Ship attacked by Filipino anchor-rob crew in narrow channel. MOA: product theft (diesel siphoning). Weapons observed: knives/machetes. boarders rifled bridge & masters cabin, stole cash and electronics; 6 crew taken hostage; ransom demand transmitted within 72h."
ASAM-2008-00609,2018-05-13T19:21:00,2018,5,6.1527,119.4586,Sulu Sea,LPG/LNG Tanker,Boarded,1,0,RPG,"LPG/LNG Tanker attacked by BIFF splinter group underway in transit lane. MOA: M16 + RPG armed boarding. Weapons observed: M16 + RPG. boarders rifled bridge & masters cabin, stole cash and electronics; 3 crew sustained injuries."
ASAM-2009-00610,1999-06-08T11:49:00,1999,6,13.5012,48.0106,Gulf of Aden,RoRo Vehicle Carrier,Attempted,0,0,Small arms,RoRo Vehicle Carrier attacked by Hobyo-Harardhere PAG in narrow channel. MOA: AK-47 small arms suppression. Weapons observed: knives/machetes. approach broken off after master sounded alarm and engaged firehoses.
ASAM-2010-00611,2014-12-04T02:42:00,2014,12,3.723,2.894,Gulf of Guinea,Chemical Tanker,Attempted,0,0,Knives,Chemical Tanker attacked by Niger Delta militant offshoot underway in transit lane. MOA: AK-47 + GPMG armed boarding. Weapons observed: M16 + RPG. approach broken off after master sounded alarm and engaged firehoses.
ASAM-2011-00612,2006-01-16T04:29:00,2006,1,3.0156,100.5787,Strait of Malacca,RoRo Vehicle Carrier,Boarded,0,0,AK-47,"RoRo Vehicle Carrier attacked by Indonesian coastal gang approx 139nm offshore. MOA: crew rob & flee in <30 min. Weapons observed: knives/machetes. boarders rifled bridge & masters cabin, stole cash and electronics."
ASAM-2012-00613,2005-10-24T13:36:00,2005,10,5.2603,100.5931,Strait of Malacca,LPG/LNG Tanker,Attempted,0,0,AK-47,LPG/LNG Tanker attacked by Indonesian coastal gang in narrow channel. MOA: fast skiff rob at narrow channel. Weapons observed: RPG-7. approach broken off after master sounded alarm and engaged firehoses.
ASAM-2013-00614,1994-09-05T04:12:00,1994,9,4.4492,100.0935,Strait of Malacca,Yacht,Boarded,0,6,RPG,"Yacht attacked by Riau Archipelago armed robbers in narrow channel. MOA: knife-armed boarders, no firearms. Weapons observed: AK-47. boarders rifled bridge & masters cabin, stole cash and electronics; 6 crew taken hostage; ransom demand transmitted within 72h."
ASAM-2014-00615,2019-08-08T22:08:00,2019,8,2.7815,5.0971,Gulf of Guinea,Fishing Vessel,Boarded,0,0,Unknown,"Fishing Vessel attacked by Bakassi Strike Force remnant at anchorage. MOA: tanker product theft (siphon). Weapons observed: AK-47. boarders rifled bridge & masters cabin, stole cash and electronics."
ASAM-2015-00616,2024-11-03T14:31:00,2024,11,10.3878,47.894,Gulf of Aden,Fishing Vessel,Suspicious Approach,0,0,Unknown,Fishing Vessel attacked by Somali pirate skiff network in narrow channel. MOA: AK-47 small arms suppression. Weapons observed: knives/machetes. unidentified skiff shadowed vessel for 18 minutes before withdrawing.
ASAM-2016-00617,2021-12-14T21:49:00,2021,12,4.618,3.2492,Gulf of Guinea,Bulk Carrier,Suspicious Approach,0,0,Knives,Bulk Carrier attacked by Niger Delta militant offshoot underway in transit lane. MOA: tanker product theft (siphon). Weapons observed: small arms. unidentified skiff shadowed vessel for 18 minutes before withdrawing.
ASAM-2017-00618,2004-09-12T12:24:00,2004,9,14.4082,52.3306,Gulf of Aden,Crude Oil Tanker,Attempted,0,0,RPG,Crude Oil Tanker attacked by Puntland-based PAG underway in transit lane. MOA: RPG warning shot then boarding. Weapons observed: knives/machetes. approach broken off after master sounded alarm and engaged firehoses.
ASAM-2018-00619,2018-04-24T04:39:00,2018,4,6.119,120.7243,Sulu Sea,Chemical Tanker,Boarded,0,0,Knives,"Chemical Tanker attacked by Sulu archipelago kidnapping ring underway in transit lane. MOA: hostage transfer to Jolo island camps. Weapons observed: AK-47. boarders rifled bridge & masters cabin, stole cash and electronics."
ASAM-2019-00620,2009-01-21T20:35:00,2009,1,5.1092,1.5052,Gulf of Guinea,Container Ship,Attempted,0,0,Unknown,Container Ship attacked by Bakassi Strike Force remnant in narrow channel. MOA: fast attack craft >150nm offshore. Weapons observed: knives/machetes. approach broken off after master sounded alarm and engaged firehoses.
ASAM-2020-00621,2004-04-08T08:05:00,2004,4,4.0079,99.8112,Strait of Malacca,LPG/LNG Tanker,Attempted,0,0,Knives,LPG/LNG Tanker attacked by Riau Archipelago armed robbers at anchorage. MOA: crew rob & flee in <30 min. Weapons observed: RPG-7. approach broken off after master sounded alarm and engaged firehoses.
ASAM-2021-00622,2012-07-03T03:29:00,2012,7,13.8797,49.3484,Gulf of Aden,Crude Oil Tanker,Attempted,0,0,Unknown,Crude Oil Tanker attacked by Puntland-based PAG in narrow channel. MOA: AK-47 small arms suppression. Weapons observed: small arms. approach broken off after master sounded alarm and engaged firehoses.
ASAM-2022-00623,2001-04-08T16:53:00,2001,4,13.1778,50.8563,Gulf of Aden,Chemical Tanker,Boarded,0,0,Knives,"Chemical Tanker attacked by Puntland-based PAG in narrow channel. MOA: AK-47 small arms suppression. Weapons observed: M16 + RPG. boarders rifled bridge & masters cabin, stole cash and electronics."
ASAM-2023-00624,2021-08-19T02:01:00,2021,8,5.9246,119.4633,Sulu Sea,Yacht,Boarded,1,3,Small arms,"Yacht attacked by BIFF splinter group approx 276nm offshore. MOA: hostage transfer to Jolo island camps. Weapons observed: small arms. boarders rifled bridge & masters cabin, stole cash and electronics; 3 crew sustained injuries; 3 crew taken hostage; ransom demand transmitted within 72h."
ASAM-2024-00625,2000-05-09T03:23:00,2000,5,5.5685,121.4003,Sulu Sea,Bulk Carrier,Boarded,0,4,RPG,"Bulk Carrier attacked by Sulu archipelago kidnapping ring in narrow channel. MOA: abduction of fishing crew. Weapons observed: M16 + RPG. boarders rifled bridge & masters cabin, stole cash and electronics; 4 crew taken hostage; ransom demand transmitted within 72h."
ASAM-2025-00626,2012-09-12T03:07:00,2012,9,14.821,46.7074,Gulf of Aden,Chemical Tanker,Fired Upon,0,0,Knives,"Chemical Tanker attacked by Hobyo-Harardhere PAG at anchorage. MOA: mothership-launched skiff swarm. Weapons observed: RPG-7. master engaged evasive maneuvers, RPG and small arms fire received."
ASAM-1993-00627,2016-06-22T09:36:00,2016,6,7.707,115.5471,South China Sea,Container Ship,Boarded,0,6,AK-47,"Container Ship attacked by Filipino anchor-rob crew in narrow channel. MOA: product theft (diesel siphoning). Weapons observed: small arms. boarders rifled bridge & masters cabin, stole cash and electronics; 6 crew taken hostage; ransom demand transmitted within 72h."
ASAM-1994-00628,2001-08-06T22:03:00,2001,8,12.4402,49.0893,Gulf of Aden,Container Ship,Boarded,0,2,AK-47,"Container Ship attacked by Hobyo-Harardhere PAG at anchorage. MOA: mothership-launched skiff swarm. Weapons observed: M16 + RPG. boarders rifled bridge & masters cabin, stole cash and electronics; 2 crew taken hostage; ransom demand transmitted within 72h."
ASAM-1995-00629,2005-06-11T08:08:00,2005,6,4.4461,100.9988,Strait of Malacca,Bulk Carrier,Boarded,0,0,Unknown,"Bulk Carrier attacked by Indonesian coastal gang approx 127nm offshore. MOA: fast skiff rob at narrow channel. Weapons observed: RPG-7. boarders rifled bridge & masters cabin, stole cash and electronics."
ASAM-1996-00630,2018-10-03T02:29:00,2018,10,6.096,120.6264,Sulu Sea,General Cargo,Boarded,0,0,Small arms,"General Cargo attacked by BIFF splinter group in narrow channel. MOA: hostage transfer to Jolo island camps. Weapons observed: M16 + RPG. boarders rifled bridge & masters cabin, stole cash and electronics."
ASAM-1997-00631,2012-12-14T20:21:00,2012,12,13.0849,47.6319,Gulf of Aden,Chemical Tanker,Boarded,0,0,AK-47,"Chemical Tanker attacked by Somali pirate skiff network approx 64nm offshore. MOA: mothership-launched skiff swarm. Weapons observed: knives/machetes. boarders rifled bridge & masters cabin, stole cash and electronics."
ASAM-1998-00632,2016-10-12T02:10:00,2016,10,6.0581,119.3282,Sulu Sea,Container Ship,Attempted,0,0,AK-47,Container Ship attacked by Sulu archipelago kidnapping ring at anchorage. MOA: hostage transfer to Jolo island camps. Weapons observed: knives/machetes. approach broken off after master sounded alarm and engaged firehoses.
ASAM-1999-00633,2007-04-14T02:22:00,2007,4,14.0729,50.3951,Gulf of Aden,Container Ship,Boarded,0,0,Knives,"Container Ship attacked by Hobyo-Harardhere PAG at anchorage. MOA: RPG warning shot then boarding. Weapons observed: knives/machetes. boarders rifled bridge & masters cabin, stole cash and electronics."
ASAM-2000-00634,2011-11-16T19:52:00,2011,11,12.4013,50.3522,Gulf of Aden,Offshore Supply,Boarded,0,0,Knives,"Offshore Supply attacked by Hobyo-Harardhere PAG underway in transit lane. MOA: mothership-launched skiff swarm. Weapons observed: knives/machetes. boarders rifled bridge & masters cabin, stole cash and electronics."
ASAM-2001-00635,2018-10-18T21:25:00,2018,10,12.8435,46.8005,Gulf of Aden,General Cargo,Attempted,0,0,RPG,General Cargo attacked by Hobyo-Harardhere PAG in narrow channel. MOA: RPG warning shot then boarding. Weapons observed: AK-47. approach broken off after master sounded alarm and engaged firehoses.
ASAM-2002-00636,1993-02-23T04:55:00,1993,2,9.2301,113.6245,South China Sea,Tug & Barge,Attempted,0,0,RPG,Tug & Barge attacked by Vietnamese coastal robbers in narrow channel. MOA: product theft (diesel siphoning). Weapons observed: knives/machetes. approach broken off after master sounded alarm and engaged firehoses.
ASAM-2003-00637,2007-10-28T21:05:00,2007,10,12.1796,48.3871,Gulf of Aden,Yacht,Boarded,0,0,AK-47,"Yacht attacked by Somali pirate skiff network underway in transit lane. MOA: grappling hook boarding at low freeboard. Weapons observed: knives/machetes. boarders rifled bridge & masters cabin, stole cash and electronics."
ASAM-2004-00638,2004-08-19T21:29:00,2004,8,3.1044,101.2471,Strait of Malacca,Bulk Carrier,Attempted,0,0,Knives,"Bulk Carrier attacked by Indonesian coastal gang underway in transit lane. MOA: knife-armed boarders, no firearms. Weapons observed: AK-47. approach broken off after master sounded alarm and engaged firehoses."
ASAM-2005-00639,2009-06-15T00:07:00,2009,6,13.0886,49.973,Gulf of Aden,Chemical Tanker,Attempted,0,0,Knives,Chemical Tanker attacked by Hobyo-Harardhere PAG in narrow channel. MOA: RPG warning shot then boarding. Weapons observed: small arms. approach broken off after master sounded alarm and engaged firehoses.
ASAM-2006-00640,2003-11-17T14:32:00,2003,11,2.8305,101.3653,Strait of Malacca,Fishing Vessel,Boarded,0,0,RPG,"Fishing Vessel attacked by Free Aceh splinter (historical) underway in transit lane. MOA: crew rob & flee in <30 min. Weapons observed: RPG-7. boarders rifled bridge & masters cabin, stole cash and electronics."
ASAM-2007-00641,2003-03-21T05:10:00,2003,3,1.0679,101.5418,Strait of Malacca,Bulk Carrier,Boarded,0,0,Knives,"Bulk Carrier attacked by Indonesian coastal gang approx 72nm offshore. MOA: knife-armed boarders, no firearms. Weapons observed: M16 + RPG. boarders rifled bridge & masters cabin, stole cash and electronics."
ASAM-2008-00642,2009-02-27T06:47:00,2009,2,5.365,120.7735,Sulu Sea,Bulk Carrier,Hijacked,1,17,Knives,"Bulk Carrier attacked by Sulu archipelago kidnapping ring in narrow channel. MOA: M16 + RPG armed boarding. Weapons observed: M16 + RPG. vessel hijacked, crew of 24 taken to coastal anchorage; 2 crew sustained injuries; 17 crew taken hostage; ransom demand transmitted within 72h."
ASAM-2009-00643,2002-06-02T20:34:00,2002,6,9.8511,116.5155,South China Sea,Crude Oil Tanker,Attempted,0,0,AK-47,Crude Oil Tanker attacked by Vietnamese coastal robbers underway in transit lane. MOA: stealth anchorage boarding. Weapons observed: AK-47. approach broken off after master sounded alarm and engaged firehoses.
ASAM-2010-00644,1993-04-24T03:13:00,1993,4,5.8821,118.8385,Sulu Sea,Tug & Barge,Boarded,0,0,Knives,"Tug & Barge attacked by BIFF splinter group at anchorage. MOA: hostage transfer to Jolo island camps. Weapons observed: M16 + RPG. boarders rifled bridge & masters cabin, stole cash and electronics."
ASAM-2011-00645,2021-01-07T05:50:00,2021,1,5.8405,119.8338,Sulu Sea,Container Ship,Attempted,0,0,RPG,Container Ship attacked by Abu Sayyaf maritime cell underway in transit lane. MOA: hostage transfer to Jolo island camps. Weapons observed: RPG-7. approach broken off after master sounded alarm and engaged firehoses.
ASAM-2012-00646,2025-10-27T18:01:00,2025,10,3.5351,98.5904,Strait of Malacca,Container Ship,Attempted,0,0,Knives,Container Ship attacked by Riau Archipelago armed robbers underway in transit lane. MOA: fast skiff rob at narrow channel. Weapons observed: small arms. approach broken off after master sounded alarm and engaged firehoses.
ASAM-2013-00647,2021-07-27T19:42:00,2021,7,3.147,5.54,Gulf of Guinea,Chemical Tanker,Attempted,0,0,Knives,Chemical Tanker attacked by Niger Delta militant offshoot underway in transit lane. MOA: tanker product theft (siphon). Weapons observed: M16 + RPG. approach broken off after master sounded alarm and engaged firehoses.
ASAM-2014-00648,2006-06-26T02:37:00,2006,6,3.1683,101.9237,Strait of Malacca,Tug & Barge,Fired Upon,1,0,Small arms,"Tug & Barge attacked by Free Aceh splinter (historical) in narrow channel. MOA: fast skiff rob at narrow channel. Weapons observed: small arms. master engaged evasive maneuvers, RPG and small arms fire received; 4 crew sustained injuries."
ASAM-2015-00649,2003-07-27T21:34:00,2003,7,3.6695,4.3318,Gulf of Guinea,General Cargo,Boarded,1,0,Unknown,"General Cargo attacked by Niger Delta militant offshoot at anchorage. MOA: tanker product theft (siphon). Weapons observed: RPG-7. boarders rifled bridge & masters cabin, stole cash and electronics; 1 crew sustained injuries."
ASAM-2016-00650,1997-06-03T12:59:00,1997,6,5.3816,7.7976,Gulf of Guinea,LPG/LNG Tanker,Suspicious Approach,0,0,Small arms,LPG/LNG Tanker attacked by Niger Delta militant offshoot at anchorage. MOA: tanker product theft (siphon). Weapons observed: M16 + RPG. unidentified skiff shadowed vessel for 18 minutes before withdrawing.
ASAM-2017-00651,2015-09-01T03:13:00,2015,9,3.0722,5.8401,Gulf of Guinea,General Cargo,Boarded,1,0,Knives,"General Cargo attacked by Nigerian kidnap-for-ransom cell underway in transit lane. MOA: fast attack craft >150nm offshore. Weapons observed: AK-47. boarders rifled bridge & masters cabin, stole cash and electronics; 1 crew sustained injuries."
ASAM-2018-00652,2016-01-17T00:48:00,2016,1,11.0372,110.7434,South China Sea,Crude Oil Tanker,Boarded,0,0,Small arms,"Crude Oil Tanker attacked by Filipino anchor-rob crew in narrow channel. MOA: product theft (diesel siphoning). Weapons observed: AK-47. boarders rifled bridge & masters cabin, stole cash and electronics."
ASAM-2019-00653,2004-06-17T02:13:00,2004,6,2.8078,102.6893,Strait of Malacca,Tug & Barge,Fired Upon,0,0,Knives,"Tug & Barge attacked by Indonesian coastal gang in narrow channel. MOA: nighttime stealth boarding at anchorage. Weapons observed: AK-47. master engaged evasive maneuvers, RPG and small arms fire received."
ASAM-2020-00654,2016-09-13T02:28:00,2016,9,8.1534,113.0087,South China Sea,General Cargo,Attempted,0,0,RPG,General Cargo attacked by Filipino anchor-rob crew underway in transit lane. MOA: stealth anchorage boarding. Weapons observed: RPG-7. approach broken off after master sounded alarm and engaged firehoses.
ASAM-2021-00655,2016-10-16T22:25:00,2016,10,6.2523,120.6962,Sulu Sea,Tug & Barge,Boarded,0,0,Unknown,"Tug & Barge attacked by Sulu archipelago kidnapping ring in narrow channel. MOA: hostage transfer to Jolo island camps. Weapons observed: AK-47. boarders rifled bridge & masters cabin, stole cash and electronics."
ASAM-2022-00656,2023-03-03T00:43:00,2023,3,1.781,4.7631,Gulf of Guinea,Container Ship,Boarded,0,0,Small arms,"Container Ship attacked by Niger Delta militant offshoot approx 21nm offshore. MOA: tanker product theft (siphon). Weapons observed: M16 + RPG. boarders rifled bridge & masters cabin, stole cash and electronics."
ASAM-2023-00657,2019-12-19T03:25:00,2019,12,4.6162,5.5049,Gulf of Guinea,General Cargo,Boarded,0,0,Knives,"General Cargo attacked by Nigerian kidnap-for-ransom cell underway in transit lane. MOA: AK-47 + GPMG armed boarding. Weapons observed: AK-47. boarders rifled bridge & masters cabin, stole cash and electronics."
ASAM-2024-00658,2009-03-09T04:53:00,2009,3,12.527,48.4488,Gulf of Aden,Container Ship,Attempted,0,0,AK-47,Container Ship attacked by Puntland-based PAG in narrow channel. MOA: AK-47 small arms suppression. Weapons observed: knives/machetes. approach broken off after master sounded alarm and engaged firehoses.
ASAM-2025-00659,2002-03-12T21:40:00,2002,3,6.5559,7.6542,Gulf of Guinea,Chemical Tanker,Attempted,0,0,Knives,Chemical Tanker attacked by Nigerian kidnap-for-ransom cell underway in transit lane. MOA: tanker product theft (siphon). Weapons observed: RPG-7. approach broken off after master sounded alarm and engaged firehoses.
ASAM-1993-00660,2003-04-11T21:02:00,2003,4,3.5792,101.4516,Strait of Malacca,Fishing Vessel,Fired Upon,0,0,AK-47,"Fishing Vessel attacked by Free Aceh splinter (historical) at anchorage. MOA: nighttime stealth boarding at anchorage. Weapons observed: RPG-7. master engaged evasive maneuvers, RPG and small arms fire received."
ASAM-1994-00661,2020-02-23T02:17:00,2020,2,0.8529,7.227,Gulf of Guinea,Tug & Barge,Fired Upon,0,0,Small arms,"Tug & Barge attacked by Niger Delta militant offshoot approx 106nm offshore. MOA: fast attack craft >150nm offshore. Weapons observed: knives/machetes. master engaged evasive maneuvers, RPG and small arms fire received."
ASAM-1995-00662,2018-04-25T03:41:00,2018,4,3.2892,101.519,Strait of Malacca,Fishing Vessel,Boarded,0,0,Knives,"Fishing Vessel attacked by Free Aceh splinter (historical) at anchorage. MOA: crew rob & flee in <30 min. Weapons observed: AK-47. boarders rifled bridge & masters cabin, stole cash and electronics."
ASAM-1996-00663,2005-02-08T03:53:00,2005,2,12.2048,49.2446,Gulf of Aden,General Cargo,Attempted,0,0,AK-47,General Cargo attacked by Puntland-based PAG in narrow channel. MOA: grappling hook boarding at low freeboard. Weapons observed: knives/machetes. approach broken off after master sounded alarm and engaged firehoses.
ASAM-1997-00664,2004-06-18T02:25:00,2004,6,12.0415,51.9376,Gulf of Aden,Offshore Supply,Attempted,0,0,RPG,Offshore Supply attacked by Somali pirate skiff network approx 231nm offshore. MOA: grappling hook boarding at low freeboard. Weapons observed: M16 + RPG. approach broken off after master sounded alarm and engaged firehoses.
ASAM-1998-00665,2012-03-28T08:24:00,2012,3,14.9238,51.9003,Gulf of Aden,General Cargo,Boarded,0,0,Unknown,"General Cargo attacked by Puntland-based PAG underway in transit lane. MOA: grappling hook boarding at low freeboard. Weapons observed: AK-47. boarders rifled bridge & masters cabin, stole cash and electronics."
ASAM-1999-00666,2010-10-16T04:45:00,2010,10,5.7637,118.8021,Sulu Sea,Chemical Tanker,Hijacked,1,17,Small arms,"Chemical Tanker attacked by BIFF splinter group at anchorage. MOA: abduction of fishing crew. Weapons observed: knives/machetes. vessel hijacked, crew of 21 taken to coastal anchorage; 2 crew sustained injuries; 17 crew taken hostage; ransom demand transmitted within 72h."
ASAM-2000-00667,2009-12-21T18:45:00,2009,12,13.6149,46.7115,Gulf of Aden,Crude Oil Tanker,Fired Upon,0,0,AK-47,"Crude Oil Tanker attacked by Somali pirate skiff network at anchorage. MOA: grappling hook boarding at low freeboard. Weapons observed: AK-47. master engaged evasive maneuvers, RPG and small arms fire received."
ASAM-2001-00668,2018-07-18T22:46:00,2018,7,7.46,121.6326,Sulu Sea,LPG/LNG Tanker,Suspicious Approach,0,0,Small arms,LPG/LNG Tanker attacked by BIFF splinter group underway in transit lane. MOA: speedboat intercept tug & barge. Weapons observed: small arms. unidentified skiff shadowed vessel for 18 minutes before withdrawing.
ASAM-2002-00669,2017-12-10T23:12:00,2017,12,4.9593,120.9316,Sulu Sea,Fishing Vessel,Attempted,0,0,Unknown,Fishing Vessel attacked by Abu Sayyaf maritime cell in narrow channel. MOA: M16 + RPG armed boarding. Weapons observed: M16 + RPG. approach broken off after master sounded alarm and engaged firehoses.
ASAM-2003-00670,2019-08-18T01:32:00,2019,8,12.9549,-66.7723,Caribbean / Venezuelan,Bulk Carrier,Boarded,0,0,Small arms,"Bulk Carrier attacked by Venezuelan coastal gang at anchorage. MOA: crew theft + minor injuries. Weapons observed: M16 + RPG. boarders rifled bridge & masters cabin, stole cash and electronics."
ASAM-2004-00671,2019-08-27T02:05:00,2019,8,4.6606,5.2412,Gulf of Guinea,Crude Oil Tanker,Attempted,1,0,AK-47,Crude Oil Tanker attacked by Niger Delta militant offshoot underway in transit lane. MOA: AK-47 + GPMG armed boarding. Weapons observed: AK-47. approach broken off after master sounded alarm and engaged firehoses; 2 crew sustained injuries.
ASAM-2005-00672,2004-08-17T21:31:00,2004,8,3.503,101.1563,Strait of Malacca,Container Ship,Boarded,0,3,Knives,"Container Ship attacked by Indonesian coastal gang in narrow channel. MOA: nighttime stealth boarding at anchorage. Weapons observed: knives/machetes. boarders rifled bridge & masters cabin, stole cash and electronics; 3 crew taken hostage; ransom demand transmitted within 72h."
ASAM-2006-00673,2017-10-19T07:51:00,2017,10,10.2491,-65.4268,Caribbean / Venezuelan,RoRo Vehicle Carrier,Attempted,0,0,Knives,RoRo Vehicle Carrier attacked by Venezuelan coastal gang in narrow channel. MOA: small arms intimidation. Weapons observed: AK-47. approach broken off after master sounded alarm and engaged firehoses.
ASAM-2007-00674,2018-04-11T04:21:00,2018,4,0.6644,5.9323,Gulf of Guinea,Chemical Tanker,Fired Upon,0,0,Unknown,"Chemical Tanker attacked by Bakassi Strike Force remnant in narrow channel. MOA: tanker product theft (siphon). Weapons observed: AK-47. master engaged evasive maneuvers, RPG and small arms fire received."
ASAM-2008-00675,2006-07-14T04:23:00,2006,7,3.5898,99.7979,Strait of Malacca,Tug & Barge,Boarded,0,6,RPG,"Tug & Barge attacked by Free Aceh splinter (historical) at anchorage. MOA: fast skiff rob at narrow channel. Weapons observed: M16 + RPG. boarders rifled bridge & masters cabin, stole cash and electronics; 6 crew taken hostage; ransom demand transmitted within 72h."
ASAM-2009-00676,2010-02-04T22:10:00,2010,2,11.8039,48.163,Gulf of Aden,Chemical Tanker,Boarded,0,0,Unknown,"Chemical Tanker attacked by Somali pirate skiff network in narrow channel. MOA: mothership-launched skiff swarm. Weapons observed: knives/machetes. boarders rifled bridge & masters cabin, stole cash and electronics."
ASAM-2010-00677,2021-05-04T19:35:00,2021,5,3.5889,99.2404,Strait of Malacca,Crude Oil Tanker,Boarded,0,0,AK-47,"Crude Oil Tanker attacked by Free Aceh splinter (historical) underway in transit lane. MOA: crew rob & flee in <30 min. Weapons observed: small arms. boarders rifled bridge & masters cabin, stole cash and electronics."
ASAM-2011-00678,2020-12-25T23:02:00,2020,12,6.5169,7.4521,Gulf of Guinea,Container Ship,Attempted,0,0,RPG,Container Ship attacked by Nigerian kidnap-for-ransom cell at anchorage. MOA: fast attack craft >150nm offshore. Weapons observed: M16 + RPG. approach broken off after master sounded alarm and engaged firehoses.
ASAM-2012-00679,2012-01-05T19:17:00,2012,1,3.5886,102.2137,Strait of Malacca,General Cargo,Attempted,0,0,Knives,"General Cargo attacked by Free Aceh splinter (historical) underway in transit lane. MOA: knife-armed boarders, no firearms. Weapons observed: M16 + RPG. approach broken off after master sounded alarm and engaged firehoses."
ASAM-2013-00680,2019-07-19T05:15:00,2019,7,4.7174,5.6354,Gulf of Guinea,Container Ship,Attempted,0,0,Unknown,Container Ship attacked by Niger Delta militant offshoot underway in transit lane. MOA: fast attack craft >150nm offshore. Weapons observed: knives/machetes. approach broken off after master sounded alarm and engaged firehoses.
ASAM-2014-00681,2020-01-04T14:29:00,2020,1,1.253,4.836,Gulf of Guinea,Fishing Vessel,Boarded,0,0,Unknown,"Fishing Vessel attacked by Bakassi Strike Force remnant in narrow channel. MOA: kidnap-for-ransom of officers. Weapons observed: M16 + RPG. boarders rifled bridge & masters cabin, stole cash and electronics."
ASAM-2015-00682,2015-06-20T13:51:00,2015,6,6.5262,114.4782,South China Sea,Yacht,Fired Upon,0,0,Small arms,"Yacht attacked by Vietnamese coastal robbers in narrow channel. MOA: product theft (diesel siphoning). Weapons observed: M16 + RPG. master engaged evasive maneuvers, RPG and small arms fire received."
ASAM-2016-00683,2004-09-07T06:40:00,2004,9,3.6465,100.7028,Strait of Malacca,Bulk Carrier,Attempted,0,0,Small arms,Bulk Carrier attacked by Free Aceh splinter (historical) in narrow channel. MOA: nighttime stealth boarding at anchorage. Weapons observed: small arms. approach broken off after master sounded alarm and engaged firehoses.
ASAM-2017-00684,2018-05-16T03:25:00,2018,5,5.8926,120.032,Sulu Sea,Bulk Carrier,Boarded,0,0,AK-47,"Bulk Carrier attacked by Sulu archipelago kidnapping ring approx 279nm offshore. MOA: hostage transfer to Jolo island camps. Weapons observed: M16 + RPG. boarders rifled bridge & masters cabin, stole cash and electronics."
ASAM-2018-00685,2017-10-16T22:34:00,2017,10,3.6286,8.4486,Gulf of Guinea,Bulk Carrier,Boarded,0,0,Knives,"Bulk Carrier attacked by Bakassi Strike Force remnant in narrow channel. MOA: fast attack craft >150nm offshore. Weapons observed: M16 + RPG. boarders rifled bridge & masters cabin, stole cash and electronics."
ASAM-2019-00686,2022-09-15T22:40:00,2022,9,12.9175,50.2817,Gulf of Aden,General Cargo,Boarded,0,4,Unknown,"General Cargo attacked by Hobyo-Harardhere PAG in narrow channel. MOA: mothership-launched skiff swarm. Weapons observed: small arms. boarders rifled bridge & masters cabin, stole cash and electronics; 4 crew taken hostage; ransom demand transmitted within 72h."
ASAM-2020-00687,2010-01-05T00:25:00,2010,1,14.5506,49.1742,Gulf of Aden,Offshore Supply,Fired Upon,0,0,Knives,"Offshore Supply attacked by Somali pirate skiff network approx 168nm offshore. MOA: mothership-launched skiff swarm. Weapons observed: M16 + RPG. master engaged evasive maneuvers, RPG and small arms fire received."
ASAM-2021-00688,2000-04-24T04:26:00,2000,4,2.6788,101.3495,Strait of Malacca,LPG/LNG Tanker,Fired Upon,0,0,Unknown,"LPG/LNG Tanker attacked by Indonesian coastal gang underway in transit lane. MOA: crew rob & flee in <30 min. Weapons observed: knives/machetes. master engaged evasive maneuvers, RPG and small arms fire received."
ASAM-2022-00689,2016-10-01T22:22:00,2016,10,6.2182,119.0234,Sulu Sea,Chemical Tanker,Hijacked,0,13,AK-47,"Chemical Tanker attacked by Sulu archipelago kidnapping ring underway in transit lane. MOA: hostage transfer to Jolo island camps. Weapons observed: M16 + RPG. vessel hijacked, crew of 25 taken to coastal anchorage; 13 crew taken hostage; ransom demand transmitted within 72h."
ASAM-2023-00690,2012-05-23T05:20:00,2012,5,14.1853,50.6742,Gulf of Aden,Bulk Carrier,Attempted,0,0,AK-47,Bulk Carrier attacked by Hobyo-Harardhere PAG in narrow channel. MOA: RPG warning shot then boarding. Weapons observed: M16 + RPG. approach broken off after master sounded alarm and engaged firehoses.
ASAM-2024-00691,1999-09-22T00:10:00,1999,9,3.3339,101.6609,Strait of Malacca,Bulk Carrier,Fired Upon,0,0,Knives,"Bulk Carrier attacked by Free Aceh splinter (historical) underway in transit lane. MOA: nighttime stealth boarding at anchorage. Weapons observed: M16 + RPG. master engaged evasive maneuvers, RPG and small arms fire received."
ASAM-2025-00692,1994-07-26T04:19:00,1994,7,2.1601,0.8253,Gulf of Guinea,Crude Oil Tanker,Attempted,0,0,Small arms,Crude Oil Tanker attacked by Nigerian kidnap-for-ransom cell approx 270nm offshore. MOA: kidnap-for-ransom of officers. Weapons observed: AK-47. approach broken off after master sounded alarm and engaged firehoses.
ASAM-1993-00693,2010-08-08T03:43:00,2010,8,12.3138,53.1675,Gulf of Aden,Crude Oil Tanker,Hijacked,0,9,Small arms,"Crude Oil Tanker attacked by Hobyo-Harardhere PAG at anchorage. MOA: RPG warning shot then boarding. Weapons observed: RPG-7. vessel hijacked, crew of 24 taken to coastal anchorage; 9 crew taken hostage; ransom demand transmitted within 72h."
ASAM-1994-00694,2020-05-21T04:28:00,2020,5,4.6184,6.175,Gulf of Guinea,Bulk Carrier,Boarded,0,0,AK-47,"Bulk Carrier attacked by Nigerian kidnap-for-ransom cell in narrow channel. MOA: kidnap-for-ransom of officers. Weapons observed: M16 + RPG. boarders rifled bridge & masters cabin, stole cash and electronics."
ASAM-1995-00695,2018-12-11T22:52:00,2018,12,13.0339,47.1368,Gulf of Aden,Bulk Carrier,Boarded,0,0,AK-47,"Bulk Carrier attacked by Hobyo-Harardhere PAG underway in transit lane. MOA: AK-47 small arms suppression. Weapons observed: RPG-7. boarders rifled bridge & masters cabin, stole cash and electronics."
ASAM-1996-00696,2008-11-04T01:52:00,2008,11,11.0409,48.349,Gulf of Aden,General Cargo,Boarded,1,0,Small arms,"General Cargo attacked by Somali pirate skiff network at anchorage. MOA: grappling hook boarding at low freeboard. Weapons observed: M16 + RPG. boarders rifled bridge & masters cabin, stole cash and electronics; 4 crew sustained injuries."
ASAM-1997-00697,2025-01-24T20:12:00,2025,1,3.9219,100.312,Strait of Malacca,Container Ship,Fired Upon,0,0,RPG,"Container Ship attacked by Riau Archipelago armed robbers approx 63nm offshore. MOA: knife-armed boarders, no firearms. Weapons observed: small arms. master engaged evasive maneuvers, RPG and small arms fire received."
ASAM-1998-00698,2020-01-25T04:45:00,2020,1,4.6942,6.5991,Gulf of Guinea,Yacht,Boarded,0,0,AK-47,"Yacht attacked by Niger Delta militant offshoot in narrow channel. MOA: AK-47 + GPMG armed boarding. Weapons observed: small arms. boarders rifled bridge & masters cabin, stole cash and electronics."
ASAM-1999-00699,2008-10-28T02:54:00,2008,10,12.5719,47.8856,Gulf of Aden,Bulk Carrier,Boarded,0,0,Unknown,"Bulk Carrier attacked by Somali pirate skiff network in narrow channel. MOA: mothership-launched skiff swarm. Weapons observed: knives/machetes. boarders rifled bridge & masters cabin, stole cash and electronics."
ASAM-2000-00700,2018-06-08T08:03:00,2018,6,6.1093,121.4687,Sulu Sea,Fishing Vessel,Attempted,0,0,Small arms,Fishing Vessel attacked by Sulu archipelago kidnapping ring approx 52nm offshore. MOA: hostage transfer to Jolo island camps. Weapons observed: M16 + RPG. approach broken off after master sounded alarm and engaged firehoses.
ASAM-2001-00701,2012-01-17T21:06:00,2012,1,13.8725,50.0348,Gulf of Aden,Chemical Tanker,Boarded,0,0,RPG,"Chemical Tanker attacked by Puntland-based PAG in narrow channel. MOA: mothership-launched skiff swarm. Weapons observed: RPG-7. boarders rifled bridge & masters cabin, stole cash and electronics."
ASAM-2002-00702,2011-03-02T23:39:00,2011,3,4.309,8.4737,Gulf of Guinea,Chemical Tanker,Boarded,0,0,Unknown,"Chemical Tanker attacked by Nigerian kidnap-for-ransom cell approx 39nm offshore. MOA: AK-47 + GPMG armed boarding. Weapons observed: AK-47. boarders rifled bridge & masters cabin, stole cash and electronics."
ASAM-2003-00703,2011-06-11T02:38:00,2011,6,5.3884,6.1867,Gulf of Guinea,Crude Oil Tanker,Boarded,0,0,Small arms,"Crude Oil Tanker attacked by Nigerian kidnap-for-ransom cell in narrow channel. MOA: AK-47 + GPMG armed boarding. Weapons observed: knives/machetes. boarders rifled bridge & masters cabin, stole cash and electronics."
ASAM-2004-00704,2016-03-28T20:22:00,2016,3,6.2445,119.8949,Sulu Sea,Crude Oil Tanker,Attempted,0,0,Unknown,Crude Oil Tanker attacked by Abu Sayyaf maritime cell in narrow channel. MOA: M16 + RPG armed boarding. Weapons observed: AK-47. approach broken off after master sounded alarm and engaged firehoses.
ASAM-2005-00705,2012-05-04T15:24:00,2012,5,11.4678,48.8041,Gulf of Aden,Crude Oil Tanker,Boarded,0,0,Knives,"Crude Oil Tanker attacked by Hobyo-Harardhere PAG in narrow channel. MOA: RPG warning shot then boarding. Weapons observed: M16 + RPG. boarders rifled bridge & masters cabin, stole cash and electronics."
ASAM-2006-00706,2003-02-19T21:16:00,2003,2,8.7875,113.2868,South China Sea,Fishing Vessel,Boarded,0,0,Unknown,"Fishing Vessel attacked by Filipino anchor-rob crew in narrow channel. MOA: stealth anchorage boarding. Weapons observed: M16 + RPG. boarders rifled bridge & masters cabin, stole cash and electronics."
ASAM-2007-00707,1997-04-11T21:53:00,1997,4,9.5105,115.388,South China Sea,Crude Oil Tanker,Fired Upon,0,0,AK-47,"Crude Oil Tanker attacked by Vietnamese coastal robbers underway in transit lane. MOA: stealth anchorage boarding. Weapons observed: knives/machetes. master engaged evasive maneuvers, RPG and small arms fire received."
ASAM-2008-00708,2001-02-24T06:02:00,2001,2,2.9461,9.3439,Gulf of Guinea,Bulk Carrier,Fired Upon,0,0,AK-47,"Bulk Carrier attacked by Bakassi Strike Force remnant approx 201nm offshore. MOA: AK-47 + GPMG armed boarding. Weapons observed: small arms. master engaged evasive maneuvers, RPG and small arms fire received."
ASAM-2009-00709,2019-10-17T12:31:00,2019,10,13.1327,49.1318,Gulf of Aden,LPG/LNG Tanker,Attempted,1,0,AK-47,LPG/LNG Tanker attacked by Somali pirate skiff network underway in transit lane. MOA: grappling hook boarding at low freeboard. Weapons observed: M16 + RPG. approach broken off after master sounded alarm and engaged firehoses; 4 crew sustained injuries.
ASAM-2010-00710,2006-12-24T19:21:00,2006,12,4.838,99.2627,Strait of Malacca,Offshore Supply,Suspicious Approach,0,0,RPG,Offshore Supply attacked by Indonesian coastal gang underway in transit lane. MOA: crew rob & flee in <30 min. Weapons observed: AK-47. unidentified skiff shadowed vessel for 18 minutes before withdrawing.
ASAM-2011-00711,2008-02-26T02:17:00,2008,2,14.6255,47.7223,Gulf of Aden,Crude Oil Tanker,Attempted,0,0,AK-47,Crude Oil Tanker attacked by Puntland-based PAG underway in transit lane. MOA: RPG warning shot then boarding. Weapons observed: knives/machetes. approach broken off after master sounded alarm and engaged firehoses.
ASAM-2012-00712,2021-05-24T02:13:00,2021,5,4.335,5.7257,Gulf of Guinea,General Cargo,Attempted,0,0,Unknown,General Cargo attacked by Bakassi Strike Force remnant approx 169nm offshore. MOA: kidnap-for-ransom of officers. Weapons observed: small arms. approach broken off after master sounded alarm and engaged firehoses.
ASAM-2013-00713,2000-11-17T20:31:00,2000,11,-0.1543,5.6781,Gulf of Guinea,Fishing Vessel,Hijacked,0,24,AK-47,"Fishing Vessel attacked by Bakassi Strike Force remnant at anchorage. MOA: AK-47 + GPMG armed boarding. Weapons observed: RPG-7. vessel hijacked, crew of 23 taken to coastal anchorage; 24 crew taken hostage; ransom demand transmitted within 72h."
ASAM-2014-00714,2023-10-09T17:43:00,2023,10,13.4027,46.5255,Gulf of Aden,RoRo Vehicle Carrier,Attempted,0,0,Knives,RoRo Vehicle Carrier attacked by Somali pirate skiff network underway in transit lane. MOA: mothership-launched skiff swarm. Weapons observed: small arms. approach broken off after master sounded alarm and engaged firehoses.
ASAM-2015-00715,2017-06-24T13:48:00,2017,6,10.2646,-65.775,Caribbean / Venezuelan,Container Ship,Fired Upon,1,0,Unknown,"Container Ship attacked by Trinidad-Tobago smuggler crew underway in transit lane. MOA: crew theft + minor injuries. Weapons observed: knives/machetes. master engaged evasive maneuvers, RPG and small arms fire received; 3 crew sustained injuries."
ASAM-2016-00716,2017-01-19T21:20:00,2017,1,10.7286,-63.9842,Caribbean / Venezuelan,Crude Oil Tanker,Boarded,1,3,Small arms,"Crude Oil Tanker attacked by Trinidad-Tobago smuggler crew approx 280nm offshore. MOA: small arms intimidation. Weapons observed: RPG-7. boarders rifled bridge & masters cabin, stole cash and electronics; 2 crew sustained injuries; 3 crew taken hostage; ransom demand transmitted within 72h."
ASAM-2017-00717,2019-12-12T02:15:00,2019,12,2.955,7.3206,Gulf of Guinea,Bulk Carrier,Boarded,1,0,Knives,"Bulk Carrier attacked by Bakassi Strike Force remnant underway in transit lane. MOA: AK-47 + GPMG armed boarding. Weapons observed: AK-47. boarders rifled bridge & masters cabin, stole cash and electronics; 3 crew sustained injuries."
ASAM-2018-00718,2018-01-28T22:35:00,2018,1,6.0897,119.5993,Sulu Sea,Bulk Carrier,Attempted,0,0,Unknown,Bulk Carrier attacked by Sulu archipelago kidnapping ring at anchorage. MOA: speedboat intercept tug & barge. Weapons observed: AK-47. approach broken off after master sounded alarm and engaged firehoses.
ASAM-2019-00719,2018-06-05T17:18:00,2018,6,9.8337,113.6832,South China Sea,Crude Oil Tanker,Boarded,0,0,Small arms,"Crude Oil Tanker attacked by Filipino anchor-rob crew underway in transit lane. MOA: stealth anchorage boarding. Weapons observed: knives/machetes. boarders rifled bridge & masters cabin, stole cash and electronics."
ASAM-2020-00720,2022-12-19T03:49:00,2022,12,5.3061,121.6035,Sulu Sea,Container Ship,Attempted,0,0,RPG,Container Ship attacked by Abu Sayyaf maritime cell approx 231nm offshore. MOA: M16 + RPG armed boarding. Weapons observed: AK-47. approach broken off after master sounded alarm and engaged firehoses.
ASAM-2021-00721,2016-09-18T19:57:00,2016,9,8.3521,113.3122,South China Sea,Chemical Tanker,Fired Upon,0,0,Unknown,"Chemical Tanker attacked by Vietnamese coastal robbers at anchorage. MOA: product theft (diesel siphoning). Weapons observed: small arms. master engaged evasive maneuvers, RPG and small arms fire received."
ASAM-2022-00722,2003-01-28T04:13:00,2003,1,2.8476,99.1856,Strait of Malacca,Crude Oil Tanker,Fired Upon,0,0,RPG,"Crude Oil Tanker attacked by Free Aceh splinter (historical) in narrow channel. MOA: crew rob & flee in <30 min. Weapons observed: small arms. master engaged evasive maneuvers, RPG and small arms fire received."
ASAM-2023-00723,2011-06-17T12:46:00,2011,6,1.0597,5.7384,Gulf of Guinea,Container Ship,Attempted,0,0,Unknown,Container Ship attacked by Niger Delta militant offshoot in narrow channel. MOA: AK-47 + GPMG armed boarding. Weapons observed: small arms. approach broken off after master sounded alarm and engaged firehoses.
ASAM-2024-00724,2017-04-26T03:01:00,2017,4,12.6895,-62.8388,Caribbean / Venezuelan,Bulk Carrier,Fired Upon,0,0,AK-47,"Bulk Carrier attacked by Venezuelan coastal gang underway in transit lane. MOA: small arms intimidation. Weapons observed: knives/machetes. master engaged evasive maneuvers, RPG and small arms fire received."
ASAM-2025-00725,2016-06-18T23:34:00,2016,6,5.3521,120.7225,Sulu Sea,Fishing Vessel,Boarded,1,5,Unknown,"Fishing Vessel attacked by Abu Sayyaf maritime cell approx 155nm offshore. MOA: M16 + RPG armed boarding. Weapons observed: M16 + RPG. boarders rifled bridge & masters cabin, stole cash and electronics; 4 crew sustained injuries; 5 crew taken hostage; ransom demand transmitted within 72h."
ASAM-1993-00726,2017-09-10T20:09:00,2017,9,5.1003,121.3185,Sulu Sea,Bulk Carrier,Attempted,0,0,RPG,Bulk Carrier attacked by Abu Sayyaf maritime cell underway in transit lane. MOA: M16 + RPG armed boarding. Weapons observed: AK-47. approach broken off after master sounded alarm and engaged firehoses.
ASAM-1994-00727,2008-10-07T22:04:00,2008,10,4.5481,101.3033,Strait of Malacca,Bulk Carrier,Boarded,1,0,AK-47,"Bulk Carrier attacked by Indonesian coastal gang at anchorage. MOA: knife-armed boarders, no firearms. Weapons observed: RPG-7. boarders rifled bridge & masters cabin, stole cash and electronics; 1 crew sustained injuries."
ASAM-1995-00728,2016-07-08T19:00:00,2016,7,13.2987,48.2112,Gulf of Aden,Yacht,Boarded,0,0,Knives,"Yacht attacked by Somali pirate skiff network underway in transit lane. MOA: mothership-launched skiff swarm. Weapons observed: M16 + RPG. boarders rifled bridge & masters cabin, stole cash and electronics."
ASAM-1996-00729,2009-06-24T01:14:00,2009,6,12.8363,49.6429,Gulf of Aden,Fishing Vessel,Boarded,0,4,AK-47,"Fishing Vessel attacked by Hobyo-Harardhere PAG underway in transit lane. MOA: RPG warning shot then boarding. Weapons observed: small arms. boarders rifled bridge & masters cabin, stole cash and electronics; 4 crew taken hostage; ransom demand transmitted within 72h."
ASAM-1997-00730,2004-12-18T22:26:00,2004,12,1.5821,4.2703,Gulf of Guinea,Container Ship,Fired Upon,0,0,Small arms,"Container Ship attacked by Nigerian kidnap-for-ransom cell approx 98nm offshore. MOA: tanker product theft (siphon). Weapons observed: AK-47. master engaged evasive maneuvers, RPG and small arms fire received."
ASAM-1998-00731,2005-04-13T17:59:00,2005,4,3.7665,100.7212,Strait of Malacca,Crude Oil Tanker,Hijacked,1,8,Small arms,"Crude Oil Tanker attacked by Riau Archipelago armed robbers in narrow channel. MOA: crew rob & flee in <30 min. Weapons observed: AK-47. vessel hijacked, crew of 18 taken to coastal anchorage; 3 crew sustained injuries; 8 crew taken hostage; ransom demand transmitted within 72h."
ASAM-1999-00732,2014-04-26T18:06:00,2014,4,9.5326,113.4061,South China Sea,Tug & Barge,Boarded,0,0,Knives,"Tug & Barge attacked by Vietnamese coastal robbers approx 137nm offshore. MOA: product theft (diesel siphoning). Weapons observed: small arms. boarders rifled bridge & masters cabin, stole cash and electronics."
ASAM-2000-00733,2012-06-03T03:59:00,2012,6,12.6994,49.5026,Gulf of Aden,Yacht,Fired Upon,1,0,RPG,"Yacht attacked by Somali pirate skiff network at anchorage. MOA: mothership-launched skiff swarm. Weapons observed: RPG-7. master engaged evasive maneuvers, RPG and small arms fire received; 3 crew sustained injuries."
ASAM-2001-00734,2021-07-15T23:00:00,2021,7,6.3102,6.8325,Gulf of Guinea,Container Ship,Attempted,0,0,Small arms,Container Ship attacked by Bakassi Strike Force remnant in narrow channel. MOA: kidnap-for-ransom of officers. Weapons observed: RPG-7. approach broken off after master sounded alarm and engaged firehoses.
ASAM-2002-00735,2017-05-27T19:32:00,2017,5,6.22,119.6165,Sulu Sea,General Cargo,Fired Upon,0,0,RPG,"General Cargo attacked by Sulu archipelago kidnapping ring in narrow channel. MOA: abduction of fishing crew. Weapons observed: M16 + RPG. master engaged evasive maneuvers, RPG and small arms fire received."
ASAM-2003-00736,2004-08-16T09:13:00,2004,8,5.9249,121.0917,Sulu Sea,Container Ship,Fired Upon,0,0,AK-47,"Container Ship attacked by BIFF splinter group in narrow channel. MOA: M16 + RPG armed boarding. Weapons observed: AK-47. master engaged evasive maneuvers, RPG and small arms fire received."
ASAM-2004-00737,2020-01-27T23:52:00,2020,1,6.8614,4.1153,Gulf of Guinea,Bulk Carrier,Fired Upon,1,0,Knives,"Bulk Carrier attacked by Nigerian kidnap-for-ransom cell approx 141nm offshore. MOA: kidnap-for-ransom of officers. Weapons observed: small arms. master engaged evasive maneuvers, RPG and small arms fire received; 4 crew sustained injuries."
ASAM-2005-00738,2012-01-21T21:10:00,2012,1,12.7241,52.2515,Gulf of Aden,Crude Oil Tanker,Hijacked,0,13,Knives,"Crude Oil Tanker attacked by Puntland-based PAG underway in transit lane. MOA: grappling hook boarding at low freeboard. Weapons observed: RPG-7. vessel hijacked, crew of 27 taken to coastal anchorage; 13 crew taken hostage; ransom demand transmitted within 72h."
ASAM-2006-00739,2024-02-15T20:06:00,2024,2,14.5989,50.4487,Gulf of Aden,Yacht,Boarded,0,0,Small arms,"Yacht attacked by Puntland-based PAG underway in transit lane. MOA: AK-47 small arms suppression. Weapons observed: RPG-7. boarders rifled bridge & masters cabin, stole cash and electronics."
ASAM-2007-00740,2012-03-25T21:46:00,2012,3,5.7869,120.7903,Sulu Sea,Bulk Carrier,Boarded,1,0,AK-47,"Bulk Carrier attacked by Sulu archipelago kidnapping ring underway in transit lane. MOA: hostage transfer to Jolo island camps. Weapons observed: M16 + RPG. boarders rifled bridge & masters cabin, stole cash and electronics; 3 crew sustained injuries."
ASAM-2008-00741,2002-09-14T11:00:00,2002,9,5.5822,4.061,Gulf of Guinea,Fishing Vessel,Fired Upon,0,0,RPG,"Fishing Vessel attacked by Niger Delta militant offshoot approx 18nm offshore. MOA: tanker product theft (siphon). Weapons observed: knives/machetes. master engaged evasive maneuvers, RPG and small arms fire received."
ASAM-2009-00742,2005-08-19T18:26:00,2005,8,2.3118,99.3923,Strait of Malacca,Fishing Vessel,Attempted,0,0,RPG,Fishing Vessel attacked by Indonesian coastal gang at anchorage. MOA: nighttime stealth boarding at anchorage. Weapons observed: M16 + RPG. approach broken off after master sounded alarm and engaged firehoses.
ASAM-2010-00743,2018-03-21T15:54:00,2018,3,3.9587,3.4697,Gulf of Guinea,Bulk Carrier,Boarded,0,0,AK-47,"Bulk Carrier attacked by Bakassi Strike Force remnant at anchorage. MOA: tanker product theft (siphon). Weapons observed: AK-47. boarders rifled bridge & masters cabin, stole cash and electronics."
ASAM-2011-00744,2018-12-06T00:30:00,2018,12,10.197,-63.1712,Caribbean / Venezuelan,Crude Oil Tanker,Hijacked,0,17,RPG,"Crude Oil Tanker attacked by Trinidad-Tobago smuggler crew at anchorage. MOA: crew theft + minor injuries. Weapons observed: small arms. vessel hijacked, crew of 12 taken to coastal anchorage; 17 crew taken hostage; ransom demand transmitted within 72h."
ASAM-2012-00745,2008-11-19T19:45:00,2008,11,4.3639,102.0383,Strait of Malacca,Bulk Carrier,Boarded,0,0,AK-47,"Bulk Carrier attacked by Free Aceh splinter (historical) underway in transit lane. MOA: fast skiff rob at narrow channel. Weapons observed: small arms. boarders rifled bridge & masters cabin, stole cash and electronics."
ASAM-2013-00746,1997-01-20T18:25:00,1997,1,2.4308,3.3577,Gulf of Guinea,Tug & Barge,Attempted,1,0,Unknown,Tug & Barge attacked by Bakassi Strike Force remnant at anchorage. MOA: AK-47 + GPMG armed boarding. Weapons observed: knives/machetes. approach broken off after master sounded alarm and engaged firehoses; 1 crew sustained injuries.
ASAM-2014-00747,2016-09-23T17:07:00,2016,9,11.0881,115.974,South China Sea,Container Ship,Fired Upon,0,0,Small arms,"Container Ship attacked by Filipino anchor-rob crew underway in transit lane. MOA: stealth anchorage boarding. Weapons observed: small arms. master engaged evasive maneuvers, RPG and small arms fire received."
ASAM-2015-00748,2019-05-23T21:35:00,2019,5,3.3765,99.9976,Strait of Malacca,LPG/LNG Tanker,Fired Upon,0,0,RPG,"LPG/LNG Tanker attacked by Riau Archipelago armed robbers approx 268nm offshore. MOA: crew rob & flee in <30 min. Weapons observed: small arms. master engaged evasive maneuvers, RPG and small arms fire received."
ASAM-2016-00749,2015-11-18T08:25:00,2015,11,8.8446,112.7832,South China Sea,LPG/LNG Tanker,Attempted,0,0,RPG,LPG/LNG Tanker attacked by Filipino anchor-rob crew at anchorage. MOA: stealth anchorage boarding. Weapons observed: AK-47. approach broken off after master sounded alarm and engaged firehoses.
ASAM-2017-00750,2003-07-02T00:35:00,2003,7,3.2541,101.3049,Strait of Malacca,Tug & Barge,Fired Upon,0,0,Knives,"Tug & Barge attacked by Indonesian coastal gang underway in transit lane. MOA: crew rob & flee in <30 min. Weapons observed: knives/machetes. master engaged evasive maneuvers, RPG and small arms fire received."
ASAM-2018-00751,2021-02-11T04:22:00,2021,2,6.1454,120.4773,Sulu Sea,Chemical Tanker,Hijacked,0,8,Unknown,"Chemical Tanker attacked by Abu Sayyaf maritime cell at anchorage. MOA: speedboat intercept tug & barge. Weapons observed: M16 + RPG. vessel hijacked, crew of 21 taken to coastal anchorage; 8 crew taken hostage; ransom demand transmitted within 72h."
ASAM-2019-00752,2015-09-02T21:36:00,2015,9,9.5682,-65.6033,Caribbean / Venezuelan,Bulk Carrier,Attempted,0,0,Unknown,Bulk Carrier attacked by Trinidad-Tobago smuggler crew in narrow channel. MOA: crew theft + minor injuries. Weapons observed: RPG-7. approach broken off after master sounded alarm and engaged firehoses.
ASAM-2020-00753,1998-12-21T09:59:00,1998,12,13.0825,50.7868,Gulf of Aden,General Cargo,Boarded,0,0,RPG,"General Cargo attacked by Hobyo-Harardhere PAG in narrow channel. MOA: AK-47 small arms suppression. Weapons observed: M16 + RPG. boarders rifled bridge & masters cabin, stole cash and electronics."
ASAM-2021-00754,2003-01-20T20:08:00,2003,1,3.3409,102.622,Strait of Malacca,Chemical Tanker,Fired Upon,1,0,Unknown,"Chemical Tanker attacked by Free Aceh splinter (historical) approx 90nm offshore. MOA: crew rob & flee in <30 min. Weapons observed: knives/machetes. master engaged evasive maneuvers, RPG and small arms fire received; 1 crew sustained injuries."
ASAM-2022-00755,2004-06-28T20:01:00,2004,6,3.0061,99.0758,Strait of Malacca,Chemical Tanker,Hijacked,0,18,AK-47,"Chemical Tanker attacked by Riau Archipelago armed robbers at anchorage. MOA: knife-armed boarders, no firearms. Weapons observed: knives/machetes. vessel hijacked, crew of 25 taken to coastal anchorage; 18 crew taken hostage; ransom demand transmitted within 72h."
ASAM-2023-00756,1997-08-11T08:31:00,1997,8,0.4065,3.9787,Gulf of Guinea,Crude Oil Tanker,Boarded,0,4,Unknown,"Crude Oil Tanker attacked by Nigerian kidnap-for-ransom cell in narrow channel. MOA: fast attack craft >150nm offshore. Weapons observed: AK-47. boarders rifled bridge & masters cabin, stole cash and electronics; 4 crew taken hostage; ransom demand transmitted within 72h."
ASAM-2024-00757,2017-04-26T04:24:00,2017,4,6.0799,120.1103,Sulu Sea,Bulk Carrier,Fired Upon,0,0,Small arms,"Bulk Carrier attacked by Sulu archipelago kidnapping ring at anchorage. MOA: abduction of fishing crew. Weapons observed: RPG-7. master engaged evasive maneuvers, RPG and small arms fire received."
ASAM-2025-00758,1999-07-23T13:30:00,1999,7,6.4719,5.7581,Gulf of Guinea,Bulk Carrier,Attempted,0,0,AK-47,Bulk Carrier attacked by Bakassi Strike Force remnant in narrow channel. MOA: AK-47 + GPMG armed boarding. Weapons observed: small arms. approach broken off after master sounded alarm and engaged firehoses.
ASAM-1993-00759,2018-04-16T02:14:00,2018,4,5.2992,1.6094,Gulf of Guinea,Chemical Tanker,Boarded,1,2,AK-47,"Chemical Tanker attacked by Nigerian kidnap-for-ransom cell approx 203nm offshore. MOA: kidnap-for-ransom of officers. Weapons observed: M16 + RPG. boarders rifled bridge & masters cabin, stole cash and electronics; 4 crew sustained injuries; 2 crew taken hostage; ransom demand transmitted within 72h."
ASAM-1994-00760,2006-09-16T04:40:00,2006,9,3.6226,100.1367,Strait of Malacca,General Cargo,Boarded,0,0,Unknown,"General Cargo attacked by Indonesian coastal gang approx 76nm offshore. MOA: crew rob & flee in <30 min. Weapons observed: RPG-7. boarders rifled bridge & masters cabin, stole cash and electronics."
ASAM-1995-00761,2012-05-25T21:36:00,2012,5,10.9504,-65.2803,Caribbean / Venezuelan,Container Ship,Boarded,1,0,Knives,"Container Ship attacked by Trinidad-Tobago smuggler crew approx 238nm offshore. MOA: yacht boarding at anchorage. Weapons observed: RPG-7. boarders rifled bridge & masters cabin, stole cash and electronics; 1 crew sustained injuries."
ASAM-1996-00762,2004-06-07T07:52:00,2004,6,4.4488,101.3998,Strait of Malacca,Container Ship,Boarded,0,0,Unknown,"Container Ship attacked by Free Aceh splinter (historical) underway in transit lane. MOA: fast skiff rob at narrow channel. Weapons observed: M16 + RPG. boarders rifled bridge & masters cabin, stole cash and electronics."
ASAM-1997-00763,2014-09-06T15:08:00,2014,9,9.2685,107.5142,South China Sea,Bulk Carrier,Attempted,0,0,Knives,Bulk Carrier attacked by Filipino anchor-rob crew in narrow channel. MOA: stealth anchorage boarding. Weapons observed: knives/machetes. approach broken off after master sounded alarm and engaged firehoses.
ASAM-1998-00764,2021-09-11T21:38:00,2021,9,13.7767,48.9071,Gulf of Aden,Container Ship,Boarded,1,0,RPG,"Container Ship attacked by Hobyo-Harardhere PAG underway in transit lane. MOA: mothership-launched skiff swarm. Weapons observed: M16 + RPG. boarders rifled bridge & masters cabin, stole cash and electronics; 1 crew sustained injuries."
ASAM-1999-00765,2005-12-07T05:25:00,2005,12,3.5069,101.4721,Strait of Malacca,Container Ship,Boarded,1,0,Knives,"Container Ship attacked by Free Aceh splinter (historical) in narrow channel. MOA: knife-armed boarders, no firearms. Weapons observed: AK-47. boarders rifled bridge & masters cabin, stole cash and electronics; 3 crew sustained injuries."
ASAM-2000-00766,2012-06-26T22:49:00,2012,6,12.1729,46.6126,Gulf of Aden,Bulk Carrier,Fired Upon,0,0,Unknown,"Bulk Carrier attacked by Hobyo-Harardhere PAG in narrow channel. MOA: grappling hook boarding at low freeboard. Weapons observed: AK-47. master engaged evasive maneuvers, RPG and small arms fire received."
ASAM-2001-00767,2013-08-17T21:01:00,2013,8,4.2492,101.7522,Strait of Malacca,Container Ship,Fired Upon,0,0,Small arms,"Container Ship attacked by Riau Archipelago armed robbers approx 101nm offshore. MOA: crew rob & flee in <30 min. Weapons observed: knives/machetes. master engaged evasive maneuvers, RPG and small arms fire received."
ASAM-2002-00768,2018-06-09T22:32:00,2018,6,2.6994,2.9883,Gulf of Guinea,Container Ship,Hijacked,0,21,RPG,"Container Ship attacked by Bakassi Strike Force remnant underway in transit lane. MOA: fast attack craft >150nm offshore. Weapons observed: knives/machetes. vessel hijacked, crew of 27 taken to coastal anchorage; 21 crew taken hostage; ransom demand transmitted within 72h."
ASAM-2003-00769,2014-02-19T15:37:00,2014,2,6.4563,110.4226,South China Sea,Container Ship,Hijacked,1,21,AK-47,"Container Ship attacked by Filipino anchor-rob crew underway in transit lane. MOA: product theft (diesel siphoning). Weapons observed: AK-47. vessel hijacked, crew of 21 taken to coastal anchorage; 3 crew sustained injuries; 21 crew taken hostage; ransom demand transmitted within 72h."
ASAM-2004-00770,2021-01-12T10:01:00,2021,1,8.0173,3.2921,Gulf of Guinea,Container Ship,Attempted,0,0,AK-47,Container Ship attacked by Nigerian kidnap-for-ransom cell at anchorage. MOA: fast attack craft >150nm offshore. Weapons observed: small arms. approach broken off after master sounded alarm and engaged firehoses.
ASAM-2005-00771,2014-06-24T18:37:00,2014,6,5.4131,5.9334,Gulf of Guinea,Fishing Vessel,Boarded,0,0,AK-47,"Fishing Vessel attacked by Niger Delta militant offshoot approx 225nm offshore. MOA: fast attack craft >150nm offshore. Weapons observed: knives/machetes. boarders rifled bridge & masters cabin, stole cash and electronics."
ASAM-2006-00772,2000-05-22T00:05:00,2000,5,5.0031,5.4356,Gulf of Guinea,Container Ship,Attempted,0,0,Unknown,Container Ship attacked by Bakassi Strike Force remnant at anchorage. MOA: AK-47 + GPMG armed boarding. Weapons observed: knives/machetes. approach broken off after master sounded alarm and engaged firehoses.
ASAM-2007-00773,2008-02-18T18:10:00,2008,2,12.8946,48.2383,Gulf of Aden,Chemical Tanker,Fired Upon,0,0,RPG,"Chemical Tanker attacked by Somali pirate skiff network approx 205nm offshore. MOA: AK-47 small arms suppression. Weapons observed: RPG-7. master engaged evasive maneuvers, RPG and small arms fire received."
ASAM-2008-00774,2018-03-11T13:28:00,2018,3,10.1709,-63.6048,Caribbean / Venezuelan,Fishing Vessel,Boarded,0,0,Knives,"Fishing Vessel attacked by Trinidad-Tobago smuggler crew in narrow channel. MOA: small arms intimidation. Weapons observed: AK-47. boarders rifled bridge & masters cabin, stole cash and electronics."
ASAM-2009-00775,2009-03-28T04:34:00,2009,3,12.7825,50.1066,Gulf of Aden,Fishing Vessel,Boarded,0,0,Small arms,"Fishing Vessel attacked by Hobyo-Harardhere PAG underway in transit lane. MOA: RPG warning shot then boarding. Weapons observed: AK-47. boarders rifled bridge & masters cabin, stole cash and electronics."
ASAM-2010-00776,2009-03-23T04:26:00,2009,3,12.1137,46.9844,Gulf of Aden,Crude Oil Tanker,Attempted,0,0,Unknown,Crude Oil Tanker attacked by Puntland-based PAG underway in transit lane. MOA: mothership-launched skiff swarm. Weapons observed: knives/machetes. approach broken off after master sounded alarm and engaged firehoses.
ASAM-2011-00777,2010-08-04T04:49:00,2010,8,11.1463,50.3844,Gulf of Aden,Crude Oil Tanker,Attempted,0,0,Small arms,Crude Oil Tanker attacked by Somali pirate skiff network underway in transit lane. MOA: RPG warning shot then boarding. Weapons observed: RPG-7. approach broken off after master sounded alarm and engaged firehoses.
ASAM-2012-00778,2006-12-16T04:14:00,2006,12,3.6502,99.6181,Strait of Malacca,Chemical Tanker,Attempted,0,0,Unknown,Chemical Tanker attacked by Riau Archipelago armed robbers in narrow channel. MOA: nighttime stealth boarding at anchorage. Weapons observed: knives/machetes. approach broken off after master sounded alarm and engaged firehoses.
ASAM-2013-00779,2002-01-25T05:59:00,2002,1,13.5518,47.1793,Gulf of Aden,Tug & Barge,Attempted,0,0,Small arms,Tug & Barge attacked by Somali pirate skiff network underway in transit lane. MOA: RPG warning shot then boarding. Weapons observed: small arms. approach broken off after master sounded alarm and engaged firehoses.
ASAM-2014-00780,2016-04-08T02:33:00,2016,4,9.6169,111.985,South China Sea,Yacht,Attempted,0,0,RPG,Yacht attacked by Vietnamese coastal robbers underway in transit lane. MOA: product theft (diesel siphoning). Weapons observed: knives/machetes. approach broken off after master sounded alarm and engaged firehoses.
ASAM-2015-00781,2014-06-27T19:37:00,2014,6,8.52,112.1363,South China Sea,Yacht,Boarded,1,0,Small arms,"Yacht attacked by Vietnamese coastal robbers at anchorage. MOA: product theft (diesel siphoning). Weapons observed: M16 + RPG. boarders rifled bridge & masters cabin, stole cash and electronics; 1 crew sustained injuries."
ASAM-2016-00782,2022-12-10T18:11:00,2022,12,10.373,112.1669,South China Sea,Crude Oil Tanker,Hijacked,0,18,AK-47,"Crude Oil Tanker attacked by Filipino anchor-rob crew approx 216nm offshore. MOA: stealth anchorage boarding. Weapons observed: RPG-7. vessel hijacked, crew of 23 taken to coastal anchorage; 18 crew taken hostage; ransom demand transmitted within 72h."
ASAM-2017-00783,2016-09-05T04:16:00,2016,9,5.6709,120.869,Sulu Sea,Yacht,Suspicious Approach,0,0,AK-47,Yacht attacked by Sulu archipelago kidnapping ring at anchorage. MOA: speedboat intercept tug & barge. Weapons observed: M16 + RPG. unidentified skiff shadowed vessel for 18 minutes before withdrawing.
ASAM-2018-00784,2019-12-08T19:04:00,2019,12,3.908,6.721,Gulf of Guinea,Container Ship,Suspicious Approach,0,0,AK-47,Container Ship attacked by Bakassi Strike Force remnant in narrow channel. MOA: tanker product theft (siphon). Weapons observed: M16 + RPG. unidentified skiff shadowed vessel for 18 minutes before withdrawing.
ASAM-2019-00785,2021-08-28T04:56:00,2021,8,5.0811,2.6457,Gulf of Guinea,Container Ship,Boarded,1,6,RPG,"Container Ship attacked by Bakassi Strike Force remnant in narrow channel. MOA: AK-47 + GPMG armed boarding. Weapons observed: AK-47. boarders rifled bridge & masters cabin, stole cash and electronics; 4 crew sustained injuries; 6 crew taken hostage; ransom demand transmitted within 72h."
ASAM-2020-00786,2009-10-13T04:31:00,2009,10,12.6991,48.5951,Gulf of Aden,Yacht,Boarded,0,0,Unknown,"Yacht attacked by Hobyo-Harardhere PAG approx 160nm offshore. MOA: grappling hook boarding at low freeboard. Weapons observed: M16 + RPG. boarders rifled bridge & masters cabin, stole cash and electronics."
ASAM-2021-00787,2016-07-06T17:19:00,2016,7,7.5978,110.5046,South China Sea,Tug & Barge,Boarded,0,0,Knives,"Tug & Barge attacked by Filipino anchor-rob crew underway in transit lane. MOA: stealth anchorage boarding. Weapons observed: M16 + RPG. boarders rifled bridge & masters cabin, stole cash and electronics."
ASAM-2022-00788,2010-12-14T02:26:00,2010,12,14.5975,48.2623,Gulf of Aden,Crude Oil Tanker,Attempted,0,0,Small arms,Crude Oil Tanker attacked by Puntland-based PAG approx 231nm offshore. MOA: grappling hook boarding at low freeboard. Weapons observed: M16 + RPG. approach broken off after master sounded alarm and engaged firehoses.
ASAM-2023-00789,2004-09-05T13:55:00,2004,9,2.8713,100.3881,Strait of Malacca,Container Ship,Attempted,0,0,Small arms,Container Ship attacked by Indonesian coastal gang underway in transit lane. MOA: crew rob & flee in <30 min. Weapons observed: RPG-7. approach broken off after master sounded alarm and engaged firehoses.
ASAM-2024-00790,2024-10-07T05:38:00,2024,10,3.2102,102.596,Strait of Malacca,Bulk Carrier,Attempted,0,0,Small arms,Bulk Carrier attacked by Riau Archipelago armed robbers at anchorage. MOA: crew rob & flee in <30 min. Weapons observed: M16 + RPG. approach broken off after master sounded alarm and engaged firehoses.
ASAM-2025-00791,1998-11-24T05:44:00,1998,11,12.0442,47.5018,Gulf of Aden,Crude Oil Tanker,Hijacked,0,24,AK-47,"Crude Oil Tanker attacked by Hobyo-Harardhere PAG approx 118nm offshore. MOA: RPG warning shot then boarding. Weapons observed: AK-47. vessel hijacked, crew of 17 taken to coastal anchorage; 24 crew taken hostage; ransom demand transmitted within 72h."
ASAM-1993-00792,2007-10-10T05:20:00,2007,10,5.8557,3.7302,Gulf of Guinea,Container Ship,Fired Upon,0,0,AK-47,"Container Ship attacked by Bakassi Strike Force remnant in narrow channel. MOA: fast attack craft >150nm offshore. Weapons observed: AK-47. master engaged evasive maneuvers, RPG and small arms fire received."
ASAM-1994-00793,1993-05-13T20:26:00,1993,5,13.2602,48.4851,Gulf of Aden,LPG/LNG Tanker,Attempted,0,0,AK-47,LPG/LNG Tanker attacked by Hobyo-Harardhere PAG underway in transit lane. MOA: RPG warning shot then boarding. Weapons observed: knives/machetes. approach broken off after master sounded alarm and engaged firehoses.
ASAM-1995-00794,2010-07-25T01:46:00,2010,7,6.4114,120.7565,Sulu Sea,Container Ship,Attempted,0,0,Unknown,Container Ship attacked by BIFF splinter group in narrow channel. MOA: hostage transfer to Jolo island camps. Weapons observed: knives/machetes. approach broken off after master sounded alarm and engaged firehoses.
ASAM-1996-00795,2023-01-18T23:23:00,2023,1,9.5995,114.9729,South China Sea,Bulk Carrier,Attempted,0,0,Knives,Bulk Carrier attacked by Vietnamese coastal robbers at anchorage. MOA: product theft (diesel siphoning). Weapons observed: knives/machetes. approach broken off after master sounded alarm and engaged firehoses.
ASAM-1997-00796,2020-04-14T21:55:00,2020,4,4.234,4.797,Gulf of Guinea,Bulk Carrier,Boarded,0,5,Knives,"Bulk Carrier attacked by Nigerian kidnap-for-ransom cell approx 108nm offshore. MOA: fast attack craft >150nm offshore. Weapons observed: knives/machetes. boarders rifled bridge & masters cabin, stole cash and electronics; 5 crew taken hostage; ransom demand transmitted within 72h."
ASAM-1998-00797,2017-06-25T02:38:00,2017,6,5.3604,120.5414,Sulu Sea,Crude Oil Tanker,Attempted,0,0,Unknown,Crude Oil Tanker attacked by Abu Sayyaf maritime cell approx 148nm offshore. MOA: abduction of fishing crew. Weapons observed: AK-47. approach broken off after master sounded alarm and engaged firehoses.
ASAM-1999-00798,2020-02-23T02:29:00,2020,2,4.6301,2.787,Gulf of Guinea,Chemical Tanker,Hijacked,0,20,Small arms,"Chemical Tanker attacked by Nigerian kidnap-for-ransom cell approx 224nm offshore. MOA: fast attack craft >150nm offshore. Weapons observed: knives/machetes. vessel hijacked, crew of 18 taken to coastal anchorage; 20 crew taken hostage; ransom demand transmitted within 72h."
ASAM-2000-00799,2012-11-06T04:29:00,2012,11,3.3668,101.6915,Strait of Malacca,Bulk Carrier,Fired Upon,0,0,AK-47,"Bulk Carrier attacked by Free Aceh splinter (historical) approx 20nm offshore. MOA: nighttime stealth boarding at anchorage. Weapons observed: AK-47. master engaged evasive maneuvers, RPG and small arms fire received."
ASAM-2001-00800,2001-12-11T06:56:00,2001,12,10.3222,-66.4579,Caribbean / Venezuelan,Bulk Carrier,Boarded,0,0,RPG,"Bulk Carrier attacked by Venezuelan coastal gang at anchorage. MOA: yacht boarding at anchorage. Weapons observed: knives/machetes. boarders rifled bridge & masters cabin, stole cash and electronics."
ASAM-2002-00801,1998-05-05T00:29:00,1998,5,6.1007,119.9089,Sulu Sea,Chemical Tanker,Hijacked,0,9,AK-47,"Chemical Tanker attacked by Sulu archipelago kidnapping ring approx 251nm offshore. MOA: hostage transfer to Jolo island camps. Weapons observed: M16 + RPG. vessel hijacked, crew of 14 taken to coastal anchorage; 9 crew taken hostage; ransom demand transmitted within 72h."
ASAM-2003-00802,2016-01-16T03:32:00,2016,1,7.899,110.4365,South China Sea,Tug & Barge,Attempted,0,0,AK-47,Tug & Barge attacked by Vietnamese coastal robbers approx 20nm offshore. MOA: product theft (diesel siphoning). Weapons observed: M16 + RPG. approach broken off after master sounded alarm and engaged firehoses.
ASAM-2004-00803,2020-05-14T22:45:00,2020,5,5.504,5.0098,Gulf of Guinea,Crude Oil Tanker,Boarded,0,0,AK-47,"Crude Oil Tanker attacked by Bakassi Strike Force remnant approx 52nm offshore. MOA: AK-47 + GPMG armed boarding. Weapons observed: AK-47. boarders rifled bridge & masters cabin, stole cash and electronics."
ASAM-2005-00804,2017-10-04T19:42:00,2017,10,6.1608,121.8116,Sulu Sea,Chemical Tanker,Boarded,0,0,Knives,"Chemical Tanker attacked by BIFF splinter group at anchorage. MOA: M16 + RPG armed boarding. Weapons observed: small arms. boarders rifled bridge & masters cabin, stole cash and electronics."
ASAM-2006-00805,2022-09-04T01:00:00,2022,9,12.3479,44.4226,Gulf of Aden,Container Ship,Boarded,0,0,AK-47,"Container Ship attacked by Puntland-based PAG at anchorage. MOA: RPG warning shot then boarding. Weapons observed: knives/machetes. boarders rifled bridge & masters cabin, stole cash and electronics."
ASAM-2007-00806,2022-12-04T18:52:00,2022,12,4.057,4.1467,Gulf of Guinea,General Cargo,Attempted,0,0,AK-47,General Cargo attacked by Bakassi Strike Force remnant at anchorage. MOA: AK-47 + GPMG armed boarding. Weapons observed: knives/machetes. approach broken off after master sounded alarm and engaged firehoses.
ASAM-2008-00807,1996-02-13T04:04:00,1996,2,14.5113,47.3895,Gulf of Aden,General Cargo,Boarded,0,0,AK-47,"General Cargo attacked by Somali pirate skiff network approx 70nm offshore. MOA: grappling hook boarding at low freeboard. Weapons observed: AK-47. boarders rifled bridge & masters cabin, stole cash and electronics."
ASAM-2009-00808,2018-07-27T04:07:00,2018,7,11.769,-66.7471,Caribbean / Venezuelan,Container Ship,Boarded,0,0,Knives,"Container Ship attacked by Trinidad-Tobago smuggler crew underway in transit lane. MOA: small arms intimidation. Weapons observed: AK-47. boarders rifled bridge & masters cabin, stole cash and electronics."
ASAM-2010-00809,2008-05-16T03:16:00,2008,5,12.8007,45.1577,Gulf of Aden,Yacht,Hijacked,0,20,Knives,"Yacht attacked by Somali pirate skiff network in narrow channel. MOA: AK-47 small arms suppression. Weapons observed: knives/machetes. vessel hijacked, crew of 21 taken to coastal anchorage; 20 crew taken hostage; ransom demand transmitted within 72h."
ASAM-2011-00810,1998-10-26T02:28:00,1998,10,4.7806,6.8705,Gulf of Guinea,General Cargo,Attempted,0,0,Unknown,General Cargo attacked by Bakassi Strike Force remnant approx 251nm offshore. MOA: kidnap-for-ransom of officers. Weapons observed: M16 + RPG. approach broken off after master sounded alarm and engaged firehoses.
ASAM-2012-00811,2006-11-18T19:53:00,2006,11,13.1385,50.2771,Gulf of Aden,Fishing Vessel,Boarded,0,0,AK-47,"Fishing Vessel attacked by Puntland-based PAG underway in transit lane. MOA: grappling hook boarding at low freeboard. Weapons observed: M16 + RPG. boarders rifled bridge & masters cabin, stole cash and electronics."
ASAM-2013-00812,2003-10-05T04:01:00,2003,10,4.8268,102.0788,Strait of Malacca,General Cargo,Fired Upon,0,0,Unknown,"General Cargo attacked by Free Aceh splinter (historical) in narrow channel. MOA: nighttime stealth boarding at anchorage. Weapons observed: RPG-7. master engaged evasive maneuvers, RPG and small arms fire received."
ASAM-2014-00813,2018-11-22T16:52:00,2018,11,3.2146,101.605,Strait of Malacca,Offshore Supply,Fired Upon,0,0,Knives,"Offshore Supply attacked by Riau Archipelago armed robbers approx 18nm offshore. MOA: nighttime stealth boarding at anchorage. Weapons observed: RPG-7. master engaged evasive maneuvers, RPG and small arms fire received."
ASAM-2015-00814,2023-01-01T19:17:00,2023,1,4.1015,7.6046,Gulf of Guinea,Crude Oil Tanker,Fired Upon,0,0,Small arms,"Crude Oil Tanker attacked by Nigerian kidnap-for-ransom cell at anchorage. MOA: AK-47 + GPMG armed boarding. Weapons observed: AK-47. master engaged evasive maneuvers, RPG and small arms fire received."
ASAM-2016-00815,2018-05-13T22:03:00,2018,5,10.359,-64.9735,Caribbean / Venezuelan,Offshore Supply,Suspicious Approach,0,0,Small arms,Offshore Supply attacked by Venezuelan coastal gang at anchorage. MOA: yacht boarding at anchorage. Weapons observed: AK-47. unidentified skiff shadowed vessel for 18 minutes before withdrawing.
ASAM-2017-00816,2018-06-09T21:28:00,2018,6,13.0261,-64.3165,Caribbean / Venezuelan,Bulk Carrier,Boarded,0,0,Small arms,"Bulk Carrier attacked by Trinidad-Tobago smuggler crew underway in transit lane. MOA: crew theft + minor injuries. Weapons observed: RPG-7. boarders rifled bridge & masters cabin, stole cash and electronics."
ASAM-2018-00817,2024-01-24T09:24:00,2024,1,2.7171,1.3631,Gulf of Guinea,Crude Oil Tanker,Attempted,0,0,Small arms,Crude Oil Tanker attacked by Niger Delta militant offshoot in narrow channel. MOA: AK-47 + GPMG armed boarding. Weapons observed: RPG-7. approach broken off after master sounded alarm and engaged firehoses.
ASAM-2019-00818,2010-05-17T01:51:00,2010,5,2.5187,98.8822,Strait of Malacca,Yacht,Fired Upon,0,0,Knives,"Yacht attacked by Indonesian coastal gang in narrow channel. MOA: crew rob & flee in <30 min. Weapons observed: RPG-7. master engaged evasive maneuvers, RPG and small arms fire received."
ASAM-2020-00819,2010-01-07T10:24:00,2010,1,12.6637,51.3032,Gulf of Aden,RoRo Vehicle Carrier,Attempted,0,0,AK-47,RoRo Vehicle Carrier attacked by Somali pirate skiff network at anchorage. MOA: mothership-launched skiff swarm. Weapons observed: RPG-7. approach broken off after master sounded alarm and engaged firehoses.
ASAM-2021-00820,2013-08-01T23:22:00,2013,8,0.9224,5.202,Gulf of Guinea,Fishing Vessel,Attempted,0,0,RPG,Fishing Vessel attacked by Nigerian kidnap-for-ransom cell at anchorage. MOA: AK-47 + GPMG armed boarding. Weapons observed: small arms. approach broken off after master sounded alarm and engaged firehoses.
ASAM-2022-00821,2009-06-03T17:36:00,2009,6,7.7585,5.4373,Gulf of Guinea,Fishing Vessel,Attempted,0,0,Small arms,Fishing Vessel attacked by Niger Delta militant offshoot at anchorage. MOA: AK-47 + GPMG armed boarding. Weapons observed: AK-47. approach broken off after master sounded alarm and engaged firehoses.
ASAM-2023-00822,2021-05-15T21:46:00,2021,5,2.605,9.0711,Gulf of Guinea,Container Ship,Suspicious Approach,0,0,Unknown,Container Ship attacked by Nigerian kidnap-for-ransom cell underway in transit lane. MOA: AK-47 + GPMG armed boarding. Weapons observed: AK-47. unidentified skiff shadowed vessel for 18 minutes before withdrawing.
ASAM-2024-00823,1995-01-22T03:38:00,1995,1,12.8417,49.2853,Gulf of Aden,RoRo Vehicle Carrier,Boarded,1,0,Knives,"RoRo Vehicle Carrier attacked by Somali pirate skiff network in narrow channel. MOA: RPG warning shot then boarding. Weapons observed: knives/machetes. boarders rifled bridge & masters cabin, stole cash and electronics; 3 crew sustained injuries."
ASAM-2025-00824,2006-05-23T23:04:00,2006,5,3.2916,5.5035,Gulf of Guinea,Yacht,Hijacked,1,18,AK-47,"Yacht attacked by Bakassi Strike Force remnant at anchorage. MOA: tanker product theft (siphon). Weapons observed: small arms. vessel hijacked, crew of 13 taken to coastal anchorage; 1 crew sustained injuries; 18 crew taken hostage; ransom demand transmitted within 72h."
ASAM-1993-00825,2010-08-15T03:22:00,2010,8,12.013,50.9048,Gulf of Aden,Bulk Carrier,Attempted,0,0,AK-47,Bulk Carrier attacked by Somali pirate skiff network at anchorage. MOA: AK-47 small arms suppression. Weapons observed: AK-47. approach broken off after master sounded alarm and engaged firehoses.
ASAM-1994-00826,2018-08-18T06:41:00,2018,8,5.8269,11.2407,Gulf of Guinea,Bulk Carrier,Boarded,0,0,Small arms,"Bulk Carrier attacked by Bakassi Strike Force remnant approx 39nm offshore. MOA: tanker product theft (siphon). Weapons observed: AK-47. boarders rifled bridge & masters cabin, stole cash and electronics."
ASAM-1995-00827,2008-05-03T20:50:00,2008,5,12.093,50.8879,Gulf of Aden,Bulk Carrier,Boarded,0,0,AK-47,"Bulk Carrier attacked by Puntland-based PAG underway in transit lane. MOA: grappling hook boarding at low freeboard. Weapons observed: M16 + RPG. boarders rifled bridge & masters cabin, stole cash and electronics."
ASAM-1996-00828,2007-07-21T23:41:00,2007,7,2.7905,4.266,Gulf of Guinea,General Cargo,Hijacked,0,11,Knives,"General Cargo attacked by Bakassi Strike Force remnant at anchorage. MOA: fast attack craft >150nm offshore. Weapons observed: RPG-7. vessel hijacked, crew of 18 taken to coastal anchorage; 11 crew taken hostage; ransom demand transmitted within 72h."
ASAM-1997-00829,2025-03-22T18:01:00,2025,3,6.2831,120.8103,Sulu Sea,Crude Oil Tanker,Attempted,0,0,AK-47,Crude Oil Tanker attacked by Abu Sayyaf maritime cell in narrow channel. MOA: M16 + RPG armed boarding. Weapons observed: small arms. approach broken off after master sounded alarm and engaged firehoses.
ASAM-1998-00830,2005-02-13T23:06:00,2005,2,4.1901,98.5147,Strait of Malacca,Crude Oil Tanker,Boarded,0,0,Knives,"Crude Oil Tanker attacked by Free Aceh splinter (historical) underway in transit lane. MOA: nighttime stealth boarding at anchorage. Weapons observed: small arms. boarders rifled bridge & masters cabin, stole cash and electronics."
ASAM-1999-00831,2001-06-02T20:57:00,2001,6,12.621,45.7942,Gulf of Aden,Container Ship,Attempted,0,0,AK-47,Container Ship attacked by Hobyo-Harardhere PAG underway in transit lane. MOA: mothership-launched skiff swarm. Weapons observed: RPG-7. approach broken off after master sounded alarm and engaged firehoses.
ASAM-2000-00832,2006-03-12T02:25:00,2006,3,4.1805,99.4328,Strait of Malacca,Container Ship,Attempted,0,0,Small arms,Container Ship attacked by Riau Archipelago armed robbers approx 208nm offshore. MOA: crew rob & flee in <30 min. Weapons observed: small arms. approach broken off after master sounded alarm and engaged firehoses.
ASAM-2001-00833,2020-09-28T19:54:00,2020,9,7.431,7.223,Gulf of Guinea,Yacht,Boarded,0,5,Knives,"Yacht attacked by Niger Delta militant offshoot underway in transit lane. MOA: kidnap-for-ransom of officers. Weapons observed: M16 + RPG. boarders rifled bridge & masters cabin, stole cash and electronics; 5 crew taken hostage; ransom demand transmitted within 72h."
ASAM-2002-00834,2008-06-05T16:09:00,2008,6,13.0592,48.9715,Gulf of Aden,Bulk Carrier,Boarded,0,0,RPG,"Bulk Carrier attacked by Hobyo-Harardhere PAG at anchorage. MOA: RPG warning shot then boarding. Weapons observed: AK-47. boarders rifled bridge & masters cabin, stole cash and electronics."
ASAM-2003-00835,2015-02-15T05:19:00,2015,2,5.2296,4.3345,Gulf of Guinea,Bulk Carrier,Hijacked,0,26,Unknown,"Bulk Carrier attacked by Niger Delta militant offshoot underway in transit lane. MOA: tanker product theft (siphon). Weapons observed: AK-47. vessel hijacked, crew of 18 taken to coastal anchorage; 26 crew taken hostage; ransom demand transmitted within 72h."
ASAM-2004-00836,2019-01-05T23:42:00,2019,1,2.8159,6.7605,Gulf of Guinea,Fishing Vessel,Attempted,0,0,AK-47,Fishing Vessel attacked by Nigerian kidnap-for-ransom cell approx 137nm offshore. MOA: fast attack craft >150nm offshore. Weapons observed: small arms. approach broken off after master sounded alarm and engaged firehoses.
ASAM-2005-00837,2018-10-26T11:41:00,2018,10,6.4332,120.0389,Sulu Sea,Tug & Barge,Boarded,0,6,Small arms,"Tug & Barge attacked by Sulu archipelago kidnapping ring underway in transit lane. MOA: abduction of fishing crew. Weapons observed: knives/machetes. boarders rifled bridge & masters cabin, stole cash and electronics; 6 crew taken hostage; ransom demand transmitted within 72h."
ASAM-2006-00838,1998-03-19T04:40:00,1998,3,3.4355,99.4915,Strait of Malacca,Crude Oil Tanker,Suspicious Approach,0,0,RPG,Crude Oil Tanker attacked by Riau Archipelago armed robbers underway in transit lane. MOA: nighttime stealth boarding at anchorage. Weapons observed: knives/machetes. unidentified skiff shadowed vessel for 18 minutes before withdrawing.
ASAM-2007-00839,2019-05-19T21:49:00,2019,5,3.6768,4.6966,Gulf of Guinea,Container Ship,Fired Upon,0,0,Unknown,"Container Ship attacked by Niger Delta militant offshoot at anchorage. MOA: AK-47 + GPMG armed boarding. Weapons observed: M16 + RPG. master engaged evasive maneuvers, RPG and small arms fire received."
ASAM-2008-00840,2017-05-05T04:28:00,2017,5,4.9233,121.2571,Sulu Sea,Yacht,Attempted,0,0,Unknown,Yacht attacked by Sulu archipelago kidnapping ring underway in transit lane. MOA: speedboat intercept tug & barge. Weapons observed: M16 + RPG. approach broken off after master sounded alarm and engaged firehoses.
ASAM-2009-00841,2018-05-06T21:09:00,2018,5,5.9571,2.7846,Gulf of Guinea,General Cargo,Boarded,1,0,AK-47,"General Cargo attacked by Bakassi Strike Force remnant at anchorage. MOA: fast attack craft >150nm offshore. Weapons observed: knives/machetes. boarders rifled bridge & masters cabin, stole cash and electronics; 2 crew sustained injuries."
ASAM-2010-00842,2004-03-03T00:25:00,2004,3,12.2546,-65.7832,Caribbean / Venezuelan,LPG/LNG Tanker,Boarded,0,0,Knives,"LPG/LNG Tanker attacked by Trinidad-Tobago smuggler crew approx 43nm offshore. MOA: crew theft + minor injuries. Weapons observed: M16 + RPG. boarders rifled bridge & masters cabin, stole cash and electronics."
ASAM-2011-00843,2004-09-27T04:01:00,2004,9,1.6401,101.3697,Strait of Malacca,Chemical Tanker,Boarded,1,0,Unknown,"Chemical Tanker attacked by Riau Archipelago armed robbers in narrow channel. MOA: crew rob & flee in <30 min. Weapons observed: knives/machetes. boarders rifled bridge & masters cabin, stole cash and electronics; 4 crew sustained injuries."
ASAM-2012-00844,2025-12-18T12:19:00,2025,12,11.9439,44.0919,Gulf of Aden,Yacht,Boarded,1,0,RPG,"Yacht attacked by Puntland-based PAG approx 231nm offshore. MOA: RPG warning shot then boarding. Weapons observed: AK-47. boarders rifled bridge & masters cabin, stole cash and electronics; 3 crew sustained injuries."
ASAM-2013-00845,1999-07-22T00:28:00,1999,7,3.6038,8.7477,Gulf of Guinea,Fishing Vessel,Boarded,0,0,Unknown,"Fishing Vessel attacked by Niger Delta militant offshoot in narrow channel. MOA: kidnap-for-ransom of officers. Weapons observed: M16 + RPG. boarders rifled bridge & masters cabin, stole cash and electronics."
ASAM-2014-00846,2018-06-28T19:05:00,2018,6,5.6303,7.957,Gulf of Guinea,Chemical Tanker,Attempted,0,0,AK-47,Chemical Tanker attacked by Bakassi Strike Force remnant underway in transit lane. MOA: AK-47 + GPMG armed boarding. Weapons observed: M16 + RPG. approach broken off after master sounded alarm and engaged firehoses.
ASAM-2015-00847,2006-06-13T19:25:00,2006,6,4.7705,101.3266,Strait of Malacca,Container Ship,Attempted,0,0,RPG,Container Ship attacked by Riau Archipelago armed robbers in narrow channel. MOA: nighttime stealth boarding at anchorage. Weapons observed: AK-47. approach broken off after master sounded alarm and engaged firehoses.
ASAM-2016-00848,2016-11-21T03:38:00,2016,11,5.7672,121.2101,Sulu Sea,Chemical Tanker,Boarded,0,0,Knives,"Chemical Tanker attacked by BIFF splinter group approx 154nm offshore. MOA: M16 + RPG armed boarding. Weapons observed: knives/machetes. boarders rifled bridge & masters cabin, stole cash and electronics."
ASAM-2017-00849,2012-07-27T03:05:00,2012,7,12.7967,50.0215,Gulf of Aden,Bulk Carrier,Boarded,0,0,Small arms,"Bulk Carrier attacked by Puntland-based PAG in narrow channel. MOA: AK-47 small arms suppression. Weapons observed: AK-47. boarders rifled bridge & masters cabin, stole cash and electronics."
ASAM-2018-00850,2018-04-06T13:05:00,2018,4,11.3864,-65.2223,Caribbean / Venezuelan,LPG/LNG Tanker,Boarded,0,0,Small arms,"LPG/LNG Tanker attacked by Trinidad-Tobago smuggler crew underway in transit lane. MOA: yacht boarding at anchorage. Weapons observed: RPG-7. boarders rifled bridge & masters cabin, stole cash and electronics."
ASAM-2019-00851,2015-09-25T23:47:00,2015,9,3.0807,3.0664,Gulf of Guinea,Container Ship,Attempted,0,0,Small arms,Container Ship attacked by Niger Delta militant offshoot at anchorage. MOA: fast attack craft >150nm offshore. Weapons observed: RPG-7. approach broken off after master sounded alarm and engaged firehoses.
ASAM-2020-00852,2011-10-15T21:23:00,2011,10,12.1388,45.6766,Gulf of Aden,Tug & Barge,Boarded,1,0,RPG,"Tug & Barge attacked by Somali pirate skiff network underway in transit lane. MOA: RPG warning shot then boarding. Weapons observed: AK-47. boarders rifled bridge & masters cabin, stole cash and electronics; 2 crew sustained injuries."
ASAM-2021-00853,2018-02-10T03:51:00,2018,2,3.58,8.2218,Gulf of Guinea,Tug & Barge,Attempted,0,0,Knives,Tug & Barge attacked by Nigerian kidnap-for-ransom cell underway in transit lane. MOA: fast attack craft >150nm offshore. Weapons observed: knives/machetes. approach broken off after master sounded alarm and engaged firehoses.
ASAM-2022-00854,2011-11-21T20:29:00,2011,11,12.1633,46.3129,Gulf of Aden,Offshore Supply,Attempted,1,0,RPG,Offshore Supply attacked by Somali pirate skiff network underway in transit lane. MOA: AK-47 small arms suppression. Weapons observed: M16 + RPG. approach broken off after master sounded alarm and engaged firehoses; 2 crew sustained injuries.
ASAM-2023-00855,2017-05-19T04:44:00,2017,5,6.2158,122.9732,Sulu Sea,Offshore Supply,Suspicious Approach,0,0,Unknown,Offshore Supply attacked by Abu Sayyaf maritime cell approx 62nm offshore. MOA: speedboat intercept tug & barge. Weapons observed: AK-47. unidentified skiff shadowed vessel for 18 minutes before withdrawing.
ASAM-2024-00856,2008-08-08T19:27:00,2008,8,12.6831,48.993,Gulf of Aden,Offshore Supply,Fired Upon,0,0,Small arms,"Offshore Supply attacked by Somali pirate skiff network in narrow channel. MOA: RPG warning shot then boarding. Weapons observed: AK-47. master engaged evasive maneuvers, RPG and small arms fire received."
ASAM-2025-00857,2004-02-07T22:11:00,2004,2,4.4432,98.4112,Strait of Malacca,Bulk Carrier,Attempted,0,0,AK-47,"Bulk Carrier attacked by Riau Archipelago armed robbers underway in transit lane. MOA: knife-armed boarders, no firearms. Weapons observed: AK-47. approach broken off after master sounded alarm and engaged firehoses."
ASAM-1993-00858,2009-04-04T04:30:00,2009,4,15.3846,48.9266,Gulf of Aden,RoRo Vehicle Carrier,Boarded,0,0,Small arms,"RoRo Vehicle Carrier attacked by Somali pirate skiff network underway in transit lane. MOA: grappling hook boarding at low freeboard. Weapons observed: small arms. boarders rifled bridge & masters cabin, stole cash and electronics."
ASAM-1994-00859,2002-10-07T22:59:00,2002,10,2.3529,99.9061,Strait of Malacca,Container Ship,Boarded,1,0,AK-47,"Container Ship attacked by Free Aceh splinter (historical) in narrow channel. MOA: crew rob & flee in <30 min. Weapons observed: small arms. boarders rifled bridge & masters cabin, stole cash and electronics; 1 crew sustained injuries."
ASAM-1995-00860,2024-10-18T17:15:00,2024,10,3.537,98.1703,Strait of Malacca,Container Ship,Boarded,0,1,RPG,"Container Ship attacked by Free Aceh splinter (historical) in narrow channel. MOA: nighttime stealth boarding at anchorage. Weapons observed: small arms. boarders rifled bridge & masters cabin, stole cash and electronics; 1 crew taken hostage; ransom demand transmitted within 72h."
ASAM-1996-00861,2022-11-22T20:01:00,2022,11,11.0726,50.17,Gulf of Aden,LPG/LNG Tanker,Hijacked,1,16,RPG,"LPG/LNG Tanker attacked by Puntland-based PAG at anchorage. MOA: RPG warning shot then boarding. Weapons observed: M16 + RPG. vessel hijacked, crew of 13 taken to coastal anchorage; 1 crew sustained injuries; 16 crew taken hostage; ransom demand transmitted within 72h."
ASAM-1997-00862,2014-01-23T01:21:00,2014,1,5.2709,120.5429,Sulu Sea,Fishing Vessel,Fired Upon,1,0,Unknown,"Fishing Vessel attacked by Abu Sayyaf maritime cell underway in transit lane. MOA: abduction of fishing crew. Weapons observed: AK-47. master engaged evasive maneuvers, RPG and small arms fire received; 1 crew sustained injuries."
ASAM-1998-00863,1993-11-18T16:28:00,1993,11,0.6428,4.3113,Gulf of Guinea,Crude Oil Tanker,Boarded,0,0,Knives,"Crude Oil Tanker attacked by Nigerian kidnap-for-ransom cell in narrow channel. MOA: tanker product theft (siphon). Weapons observed: small arms. boarders rifled bridge & masters cabin, stole cash and electronics."
ASAM-1999-00864,2010-04-01T14:48:00,2010,4,13.6039,48.17,Gulf of Aden,General Cargo,Attempted,0,0,Small arms,General Cargo attacked by Somali pirate skiff network underway in transit lane. MOA: AK-47 small arms suppression. Weapons observed: M16 + RPG. approach broken off after master sounded alarm and engaged firehoses.
ASAM-2000-00865,2021-01-18T01:49:00,2021,1,3.8895,7.6139,Gulf of Guinea,RoRo Vehicle Carrier,Fired Upon,0,0,Small arms,"RoRo Vehicle Carrier attacked by Bakassi Strike Force remnant approx 61nm offshore. MOA: AK-47 + GPMG armed boarding. Weapons observed: knives/machetes. master engaged evasive maneuvers, RPG and small arms fire received."
ASAM-2001-00866,2005-03-13T16:36:00,2005,3,8.3427,113.2171,South China Sea,General Cargo,Boarded,0,0,RPG,"General Cargo attacked by Vietnamese coastal robbers underway in transit lane. MOA: product theft (diesel siphoning). Weapons observed: RPG-7. boarders rifled bridge & masters cabin, stole cash and electronics."
ASAM-2002-00867,2013-11-05T13:42:00,2013,11,13.5383,47.2692,Gulf of Aden,LPG/LNG Tanker,Fired Upon,0,0,Unknown,"LPG/LNG Tanker attacked by Hobyo-Harardhere PAG at anchorage. MOA: mothership-launched skiff swarm. Weapons observed: small arms. master engaged evasive maneuvers, RPG and small arms fire received."
ASAM-2003-00868,2003-08-26T20:55:00,2003,8,4.1697,100.9395,Strait of Malacca,Tug & Barge,Suspicious Approach,0,0,Small arms,"Tug & Barge attacked by Indonesian coastal gang at anchorage. MOA: knife-armed boarders, no firearms. Weapons observed: knives/machetes. unidentified skiff shadowed vessel for 18 minutes before withdrawing."
ASAM-2004-00869,2017-06-23T06:48:00,2017,6,6.1059,120.3683,Sulu Sea,LPG/LNG Tanker,Attempted,0,0,AK-47,LPG/LNG Tanker attacked by Sulu archipelago kidnapping ring at anchorage. MOA: speedboat intercept tug & barge. Weapons observed: small arms. approach broken off after master sounded alarm and engaged firehoses.
ASAM-2005-00870,2011-10-19T05:57:00,2011,10,12.2854,49.3316,Gulf of Aden,Crude Oil Tanker,Boarded,0,0,Knives,"Crude Oil Tanker attacked by Puntland-based PAG at anchorage. MOA: AK-47 small arms suppression. Weapons observed: M16 + RPG. boarders rifled bridge & masters cabin, stole cash and electronics."
ASAM-2006-00871,2006-05-28T05:50:00,2006,5,4.9425,101.214,Strait of Malacca,Fishing Vessel,Fired Upon,1,0,Small arms,"Fishing Vessel attacked by Indonesian coastal gang approx 161nm offshore. MOA: nighttime stealth boarding at anchorage. Weapons observed: M16 + RPG. master engaged evasive maneuvers, RPG and small arms fire received; 3 crew sustained injuries."
ASAM-2007-00872,2006-02-11T12:30:00,2006,2,4.2713,7.9463,Gulf of Guinea,General Cargo,Boarded,0,0,Knives,"General Cargo attacked by Niger Delta militant offshoot approx 178nm offshore. MOA: fast attack craft >150nm offshore. Weapons observed: small arms. boarders rifled bridge & masters cabin, stole cash and electronics."
ASAM-2008-00873,2010-11-17T08:48:00,2010,11,10.0128,-63.8505,Caribbean / Venezuelan,Bulk Carrier,Attempted,0,0,Knives,Bulk Carrier attacked by Venezuelan coastal gang underway in transit lane. MOA: yacht boarding at anchorage. Weapons observed: small arms. approach broken off after master sounded alarm and engaged firehoses.
ASAM-2009-00874,2017-11-03T21:01:00,2017,11,6.8144,120.832,Sulu Sea,General Cargo,Boarded,0,0,RPG,"General Cargo attacked by Sulu archipelago kidnapping ring in narrow channel. MOA: hostage transfer to Jolo island camps. Weapons observed: RPG-7. boarders rifled bridge & masters cabin, stole cash and electronics."
ASAM-2010-00875,2004-06-14T03:49:00,2004,6,3.1113,101.2414,Strait of Malacca,Bulk Carrier,Suspicious Approach,0,0,Knives,Bulk Carrier attacked by Riau Archipelago armed robbers in narrow channel. MOA: nighttime stealth boarding at anchorage. Weapons observed: AK-47. unidentified skiff shadowed vessel for 18 minutes before withdrawing.
ASAM-2011-00876,2017-08-22T18:31:00,2017,8,5.3727,121.4603,Sulu Sea,Container Ship,Boarded,0,5,RPG,"Container Ship attacked by Sulu archipelago kidnapping ring at anchorage. MOA: hostage transfer to Jolo island camps. Weapons observed: small arms. boarders rifled bridge & masters cabin, stole cash and electronics; 5 crew taken hostage; ransom demand transmitted within 72h."
ASAM-2012-00877,2011-07-04T22:53:00,2011,7,11.3159,48.0049,Gulf of Aden,General Cargo,Boarded,0,0,AK-47,"General Cargo attacked by Somali pirate skiff network underway in transit lane. MOA: RPG warning shot then boarding. Weapons observed: knives/machetes. boarders rifled bridge & masters cabin, stole cash and electronics."
ASAM-2013-00878,2019-02-01T20:36:00,2019,2,13.4658,48.4997,Gulf of Aden,Tug & Barge,Boarded,1,0,Small arms,"Tug & Barge attacked by Puntland-based PAG at anchorage. MOA: RPG warning shot then boarding. Weapons observed: M16 + RPG. boarders rifled bridge & masters cabin, stole cash and electronics; 2 crew sustained injuries."
ASAM-2014-00879,1997-08-10T17:08:00,1997,8,5.0545,7.6019,Gulf of Guinea,RoRo Vehicle Carrier,Attempted,0,0,Small arms,RoRo Vehicle Carrier attacked by Bakassi Strike Force remnant underway in transit lane. MOA: kidnap-for-ransom of officers. Weapons observed: RPG-7. approach broken off after master sounded alarm and engaged firehoses.
ASAM-2015-00880,2003-03-17T00:20:00,2003,3,3.0172,100.756,Strait of Malacca,General Cargo,Hijacked,0,14,RPG,"General Cargo attacked by Indonesian coastal gang approx 62nm offshore. MOA: knife-armed boarders, no firearms. Weapons observed: RPG-7. vessel hijacked, crew of 26 taken to coastal anchorage; 14 crew taken hostage; ransom demand transmitted within 72h."
ASAM-2016-00881,2004-08-14T13:09:00,2004,8,3.0196,102.7544,Strait of Malacca,Container Ship,Boarded,1,5,Small arms,"Container Ship attacked by Free Aceh splinter (historical) in narrow channel. MOA: nighttime stealth boarding at anchorage. Weapons observed: M16 + RPG. boarders rifled bridge & masters cabin, stole cash and electronics; 2 crew sustained injuries; 5 crew taken hostage; ransom demand transmitted within 72h."
ASAM-2017-00882,2016-12-19T11:11:00,2016,12,9.5854,112.6962,South China Sea,Chemical Tanker,Boarded,0,0,Knives,"Chemical Tanker attacked by Vietnamese coastal robbers approx 270nm offshore. MOA: stealth anchorage boarding. Weapons observed: RPG-7. boarders rifled bridge & masters cabin, stole cash and electronics."
ASAM-2018-00883,2008-11-03T00:19:00,2008,11,14.0757,49.7898,Gulf of Aden,Crude Oil Tanker,Boarded,1,0,Small arms,"Crude Oil Tanker attacked by Hobyo-Harardhere PAG in narrow channel. MOA: grappling hook boarding at low freeboard. Weapons observed: M16 + RPG. boarders rifled bridge & masters cabin, stole cash and electronics; 1 crew sustained injuries."
ASAM-2019-00884,2016-04-23T02:12:00,2016,4,5.6577,119.8452,Sulu Sea,Bulk Carrier,Boarded,0,0,RPG,"Bulk Carrier attacked by Abu Sayyaf maritime cell in narrow channel. MOA: M16 + RPG armed boarding. Weapons observed: RPG-7. boarders rifled bridge & masters cabin, stole cash and electronics."
ASAM-2020-00885,2019-10-25T21:05:00,2019,10,3.0664,4.5123,Gulf of Guinea,Tug & Barge,Boarded,0,0,Knives,"Tug & Barge attacked by Niger Delta militant offshoot underway in transit lane. MOA: fast attack craft >150nm offshore. Weapons observed: AK-47. boarders rifled bridge & masters cabin, stole cash and electronics."
ASAM-2021-00886,2004-06-19T18:59:00,2004,6,3.5123,101.8782,Strait of Malacca,Chemical Tanker,Boarded,0,0,Small arms,"Chemical Tanker attacked by Free Aceh splinter (historical) in narrow channel. MOA: nighttime stealth boarding at anchorage. Weapons observed: knives/machetes. boarders rifled bridge & masters cabin, stole cash and electronics."
ASAM-2022-00887,2014-07-09T19:49:00,2014,7,9.5869,115.7909,South China Sea,General Cargo,Boarded,0,0,Knives,"General Cargo attacked by Vietnamese coastal robbers at anchorage. MOA: stealth anchorage boarding. Weapons observed: M16 + RPG. boarders rifled bridge & masters cabin, stole cash and electronics."
ASAM-2023-00888,2012-02-13T13:03:00,2012,2,13.4437,48.2779,Gulf of Aden,Chemical Tanker,Boarded,0,6,Knives,"Chemical Tanker attacked by Somali pirate skiff network in narrow channel. MOA: grappling hook boarding at low freeboard. Weapons observed: M16 + RPG. boarders rifled bridge & masters cabin, stole cash and electronics; 6 crew taken hostage; ransom demand transmitted within 72h."
ASAM-2024-00889,2018-02-22T03:12:00,2018,2,5.1378,6.9154,Gulf of Guinea,Crude Oil Tanker,Fired Upon,0,0,AK-47,"Crude Oil Tanker attacked by Bakassi Strike Force remnant at anchorage. MOA: AK-47 + GPMG armed boarding. Weapons observed: knives/machetes. master engaged evasive maneuvers, RPG and small arms fire received."
ASAM-2025-00890,2010-04-09T18:13:00,2010,4,13.5615,49.8496,Gulf of Aden,Bulk Carrier,Boarded,0,0,RPG,"Bulk Carrier attacked by Somali pirate skiff network in narrow channel. MOA: grappling hook boarding at low freeboard. Weapons observed: small arms. boarders rifled bridge & masters cabin, stole cash and electronics."
ASAM-1993-00891,2016-09-14T20:34:00,2016,9,5.043,121.8955,Sulu Sea,Bulk Carrier,Boarded,0,0,AK-47,"Bulk Carrier attacked by BIFF splinter group approx 234nm offshore. MOA: abduction of fishing crew. Weapons observed: RPG-7. boarders rifled bridge & masters cabin, stole cash and electronics."
ASAM-1994-00892,2023-11-06T17:31:00,2023,11,3.4815,2.8844,Gulf of Guinea,Crude Oil Tanker,Boarded,1,0,Small arms,"Crude Oil Tanker attacked by Nigerian kidnap-for-ransom cell at anchorage. MOA: kidnap-for-ransom of officers. Weapons observed: small arms. boarders rifled bridge & masters cabin, stole cash and electronics; 3 crew sustained injuries."
ASAM-1995-00893,2016-05-15T20:11:00,2016,5,9.4335,110.8115,South China Sea,Container Ship,Attempted,0,0,Knives,Container Ship attacked by Filipino anchor-rob crew in narrow channel. MOA: product theft (diesel siphoning). Weapons observed: RPG-7. approach broken off after master sounded alarm and engaged firehoses.
ASAM-1996-00894,1995-01-21T23:22:00,1995,1,6.7674,120.7006,Sulu Sea,Bulk Carrier,Fired Upon,1,0,Knives,"Bulk Carrier attacked by Sulu archipelago kidnapping ring in narrow channel. MOA: hostage transfer to Jolo island camps. Weapons observed: M16 + RPG. master engaged evasive maneuvers, RPG and small arms fire received; 4 crew sustained injuries."
ASAM-1997-00895,2025-02-05T01:59:00,2025,2,12.4006,48.5857,Gulf of Aden,Container Ship,Boarded,0,3,AK-47,"Container Ship attacked by Hobyo-Harardhere PAG at anchorage. MOA: grappling hook boarding at low freeboard. Weapons observed: M16 + RPG. boarders rifled bridge & masters cabin, stole cash and electronics; 3 crew taken hostage; ransom demand transmitted within 72h."
ASAM-1998-00896,1994-12-15T17:52:00,1994,12,12.4756,49.2558,Gulf of Aden,Fishing Vessel,Boarded,0,1,Small arms,"Fishing Vessel attacked by Puntland-based PAG underway in transit lane. MOA: mothership-launched skiff swarm. Weapons observed: small arms. boarders rifled bridge & masters cabin, stole cash and electronics; 1 crew taken hostage; ransom demand transmitted within 72h."
ASAM-1999-00897,2016-02-06T16:44:00,2016,2,4.6605,120.7621,Sulu Sea,Container Ship,Attempted,0,0,Small arms,Container Ship attacked by Sulu archipelago kidnapping ring approx 209nm offshore. MOA: M16 + RPG armed boarding. Weapons observed: RPG-7. approach broken off after master sounded alarm and engaged firehoses.
ASAM-2000-00898,2002-05-16T05:06:00,2002,5,11.5436,45.7732,Gulf of Aden,General Cargo,Boarded,1,0,RPG,"General Cargo attacked by Hobyo-Harardhere PAG at anchorage. MOA: grappling hook boarding at low freeboard. Weapons observed: AK-47. boarders rifled bridge & masters cabin, stole cash and electronics; 1 crew sustained injuries."
ASAM-2001-00899,2020-03-24T15:30:00,2020,3,6.1998,7.4278,Gulf of Guinea,Container Ship,Fired Upon,1,0,Unknown,"Container Ship attacked by Bakassi Strike Force remnant approx 216nm offshore. MOA: tanker product theft (siphon). Weapons observed: M16 + RPG. master engaged evasive maneuvers, RPG and small arms fire received; 4 crew sustained injuries."
ASAM-2002-00900,2022-12-05T19:08:00,2022,12,2.8817,6.5703,Gulf of Guinea,Chemical Tanker,Boarded,0,0,Knives,"Chemical Tanker attacked by Nigerian kidnap-for-ransom cell at anchorage. MOA: AK-47 + GPMG armed boarding. Weapons observed: AK-47. boarders rifled bridge & masters cabin, stole cash and electronics."
ASAM-2003-00901,2021-11-22T02:49:00,2021,11,2.3889,5.5026,Gulf of Guinea,LPG/LNG Tanker,Fired Upon,0,0,Knives,"LPG/LNG Tanker attacked by Nigerian kidnap-for-ransom cell approx 50nm offshore. MOA: kidnap-for-ransom of officers. Weapons observed: small arms. master engaged evasive maneuvers, RPG and small arms fire received."
ASAM-2004-00902,2004-08-03T22:27:00,2004,8,3.8024,99.1846,Strait of Malacca,Container Ship,Suspicious Approach,0,0,Small arms,Container Ship attacked by Indonesian coastal gang approx 101nm offshore. MOA: crew rob & flee in <30 min. Weapons observed: small arms. unidentified skiff shadowed vessel for 18 minutes before withdrawing.
ASAM-2005-00903,2009-11-16T16:11:00,2009,11,14.3848,49.8829,Gulf of Aden,Yacht,Boarded,0,0,Knives,"Yacht attacked by Puntland-based PAG at anchorage. MOA: RPG warning shot then boarding. Weapons observed: knives/machetes. boarders rifled bridge & masters cabin, stole cash and electronics."
ASAM-2006-00904,2010-02-19T05:21:00,2010,2,12.2495,52.0275,Gulf of Aden,Container Ship,Fired Upon,1,0,Unknown,"Container Ship attacked by Somali pirate skiff network at anchorage. MOA: RPG warning shot then boarding. Weapons observed: RPG-7. master engaged evasive maneuvers, RPG and small arms fire received; 3 crew sustained injuries."
ASAM-2007-00905,2005-08-25T22:48:00,2005,8,3.4229,99.4343,Strait of Malacca,RoRo Vehicle Carrier,Attempted,0,0,AK-47,"RoRo Vehicle Carrier attacked by Free Aceh splinter (historical) approx 78nm offshore. MOA: knife-armed boarders, no firearms. Weapons observed: knives/machetes. approach broken off after master sounded alarm and engaged firehoses."
ASAM-2008-00906,2017-10-18T20:12:00,2017,10,6.3096,119.59,Sulu Sea,Bulk Carrier,Fired Upon,0,0,Knives,"Bulk Carrier attacked by BIFF splinter group underway in transit lane. MOA: hostage transfer to Jolo island camps. Weapons observed: RPG-7. master engaged evasive maneuvers, RPG and small arms fire received."
ASAM-2009-00907,2002-02-18T21:22:00,2002,2,13.0817,44.8014,Gulf of Aden,Chemical Tanker,Attempted,1,0,Knives,Chemical Tanker attacked by Puntland-based PAG in narrow channel. MOA: grappling hook boarding at low freeboard. Weapons observed: AK-47. approach broken off after master sounded alarm and engaged firehoses; 2 crew sustained injuries.
ASAM-2010-00908,1997-02-10T17:22:00,1997,2,13.7871,49.1447,Gulf of Aden,Chemical Tanker,Attempted,0,0,Small arms,Chemical Tanker attacked by Puntland-based PAG approx 34nm offshore. MOA: grappling hook boarding at low freeboard. Weapons observed: M16 + RPG. approach broken off after master sounded alarm and engaged firehoses.
ASAM-2011-00909,2011-10-12T02:32:00,2011,10,13.1057,49.9899,Gulf of Aden,Fishing Vessel,Fired Upon,0,0,AK-47,"Fishing Vessel attacked by Hobyo-Harardhere PAG underway in transit lane. MOA: grappling hook boarding at low freeboard. Weapons observed: M16 + RPG. master engaged evasive maneuvers, RPG and small arms fire received."
ASAM-2012-00910,2017-06-14T04:54:00,2017,6,5.1039,120.1995,Sulu Sea,Tug & Barge,Boarded,0,0,Small arms,"Tug & Barge attacked by Sulu archipelago kidnapping ring in narrow channel. MOA: abduction of fishing crew. Weapons observed: small arms. boarders rifled bridge & masters cabin, stole cash and electronics."
ASAM-2013-00911,2005-01-24T04:48:00,2005,1,5.7946,3.8288,Gulf of Guinea,Container Ship,Boarded,1,0,Unknown,"Container Ship attacked by Nigerian kidnap-for-ransom cell in narrow channel. MOA: AK-47 + GPMG armed boarding. Weapons observed: AK-47. boarders rifled bridge & masters cabin, stole cash and electronics; 2 crew sustained injuries."
ASAM-2014-00912,2002-09-27T21:18:00,2002,9,14.1796,48.4637,Gulf of Aden,RoRo Vehicle Carrier,Fired Upon,0,0,RPG,"RoRo Vehicle Carrier attacked by Hobyo-Harardhere PAG approx 96nm offshore. MOA: RPG warning shot then boarding. Weapons observed: AK-47. master engaged evasive maneuvers, RPG and small arms fire received."
ASAM-2015-00913,2002-06-03T21:35:00,2002,6,3.1399,99.6343,Strait of Malacca,Bulk Carrier,Suspicious Approach,0,0,Knives,Bulk Carrier attacked by Riau Archipelago armed robbers underway in transit lane. MOA: nighttime stealth boarding at anchorage. Weapons observed: RPG-7. unidentified skiff shadowed vessel for 18 minutes before withdrawing.
ASAM-2016-00914,2005-01-09T08:03:00,2005,1,12.6338,46.7937,Gulf of Aden,Container Ship,Boarded,0,0,RPG,"Container Ship attacked by Hobyo-Harardhere PAG in narrow channel. MOA: AK-47 small arms suppression. Weapons observed: small arms. boarders rifled bridge & masters cabin, stole cash and electronics."
ASAM-2017-00915,2003-12-20T10:39:00,2003,12,14.5038,50.1751,Gulf of Aden,RoRo Vehicle Carrier,Boarded,0,0,RPG,"RoRo Vehicle Carrier attacked by Somali pirate skiff network underway in transit lane. MOA: grappling hook boarding at low freeboard. Weapons observed: knives/machetes. boarders rifled bridge & masters cabin, stole cash and electronics."
ASAM-2018-00916,2016-09-09T03:43:00,2016,9,5.4659,120.6814,Sulu Sea,General Cargo,Attempted,0,0,Unknown,General Cargo attacked by BIFF splinter group in narrow channel. MOA: hostage transfer to Jolo island camps. Weapons observed: RPG-7. approach broken off after master sounded alarm and engaged firehoses.
ASAM-2019-00917,2006-04-16T04:29:00,2006,4,8.1732,111.1983,South China Sea,Fishing Vessel,Attempted,0,0,Small arms,Fishing Vessel attacked by Vietnamese coastal robbers approx 207nm offshore. MOA: stealth anchorage boarding. Weapons observed: AK-47. approach broken off after master sounded alarm and engaged firehoses.
ASAM-2020-00918,2009-05-02T14:33:00,2009,5,12.4871,47.1133,Gulf of Aden,Bulk Carrier,Attempted,1,0,Knives,Bulk Carrier attacked by Hobyo-Harardhere PAG approx 31nm offshore. MOA: AK-47 small arms suppression. Weapons observed: RPG-7. approach broken off after master sounded alarm and engaged firehoses; 4 crew sustained injuries.
ASAM-2021-00919,2020-02-19T03:09:00,2020,2,2.1246,5.9408,Gulf of Guinea,Chemical Tanker,Suspicious Approach,0,0,AK-47,Chemical Tanker attacked by Niger Delta militant offshoot underway in transit lane. MOA: tanker product theft (siphon). Weapons observed: knives/machetes. unidentified skiff shadowed vessel for 18 minutes before withdrawing.
ASAM-2022-00920,2006-05-23T00:50:00,2006,5,4.1886,98.8498,Strait of Malacca,Offshore Supply,Fired Upon,0,0,Small arms,"Offshore Supply attacked by Indonesian coastal gang at anchorage. MOA: nighttime stealth boarding at anchorage. Weapons observed: M16 + RPG. master engaged evasive maneuvers, RPG and small arms fire received."
ASAM-2023-00921,2021-08-21T22:47:00,2021,8,1.4214,4.3912,Gulf of Guinea,LPG/LNG Tanker,Boarded,0,0,RPG,"LPG/LNG Tanker attacked by Nigerian kidnap-for-ransom cell underway in transit lane. MOA: kidnap-for-ransom of officers. Weapons observed: M16 + RPG. boarders rifled bridge & masters cabin, stole cash and electronics."
ASAM-2024-00922,2018-02-19T20:18:00,2018,2,11.1259,49.0232,Gulf of Aden,General Cargo,Fired Upon,1,0,Small arms,"General Cargo attacked by Puntland-based PAG in narrow channel. MOA: RPG warning shot then boarding. Weapons observed: knives/machetes. master engaged evasive maneuvers, RPG and small arms fire received; 4 crew sustained injuries."
ASAM-2025-00923,2009-09-12T00:55:00,2009,9,12.6855,48.644,Gulf of Aden,Chemical Tanker,Boarded,0,6,RPG,"Chemical Tanker attacked by Puntland-based PAG in narrow channel. MOA: AK-47 small arms suppression. Weapons observed: RPG-7. boarders rifled bridge & masters cabin, stole cash and electronics; 6 crew taken hostage; ransom demand transmitted within 72h."
ASAM-1993-00924,2001-03-13T06:58:00,2001,3,12.6998,48.1646,Gulf of Aden,Yacht,Attempted,0,0,Unknown,Yacht attacked by Puntland-based PAG in narrow channel. MOA: mothership-launched skiff swarm. Weapons observed: knives/machetes. approach broken off after master sounded alarm and engaged firehoses.
ASAM-1994-00925,2017-01-24T23:12:00,2017,1,2.1689,3.1256,Gulf of Guinea,Chemical Tanker,Fired Upon,0,0,RPG,"Chemical Tanker attacked by Nigerian kidnap-for-ransom cell underway in transit lane. MOA: AK-47 + GPMG armed boarding. Weapons observed: RPG-7. master engaged evasive maneuvers, RPG and small arms fire received."
ASAM-1995-00926,2015-07-11T02:36:00,2015,7,7.9988,111.9323,South China Sea,Bulk Carrier,Fired Upon,1,0,RPG,"Bulk Carrier attacked by Filipino anchor-rob crew in narrow channel. MOA: stealth anchorage boarding. Weapons observed: small arms. master engaged evasive maneuvers, RPG and small arms fire received; 3 crew sustained injuries."
ASAM-1996-00927,2018-12-23T05:54:00,2018,12,9.9799,-65.1498,Caribbean / Venezuelan,Yacht,Boarded,0,0,AK-47,"Yacht attacked by Venezuelan coastal gang underway in transit lane. MOA: small arms intimidation. Weapons observed: knives/machetes. boarders rifled bridge & masters cabin, stole cash and electronics."
ASAM-1997-00928,2019-08-28T00:23:00,2019,8,3.9155,8.2282,Gulf of Guinea,Chemical Tanker,Fired Upon,0,0,AK-47,"Chemical Tanker attacked by Niger Delta militant offshoot underway in transit lane. MOA: tanker product theft (siphon). Weapons observed: RPG-7. master engaged evasive maneuvers, RPG and small arms fire received."
ASAM-1998-00929,2019-02-20T21:33:00,2019,2,11.4977,-63.5528,Caribbean / Venezuelan,General Cargo,Boarded,0,0,Small arms,"General Cargo attacked by Venezuelan coastal gang underway in transit lane. MOA: crew theft + minor injuries. Weapons observed: AK-47. boarders rifled bridge & masters cabin, stole cash and electronics."
ASAM-1999-00930,2021-04-02T17:02:00,2021,4,5.1485,4.2596,Gulf of Guinea,Offshore Supply,Attempted,0,0,AK-47,Offshore Supply attacked by Niger Delta militant offshoot in narrow channel. MOA: tanker product theft (siphon). Weapons observed: RPG-7. approach broken off after master sounded alarm and engaged firehoses.
ASAM-2000-00931,2020-04-02T04:05:00,2020,4,1.3065,5.3806,Gulf of Guinea,Fishing Vessel,Hijacked,1,10,Small arms,"Fishing Vessel attacked by Bakassi Strike Force remnant approx 241nm offshore. MOA: tanker product theft (siphon). Weapons observed: AK-47. vessel hijacked, crew of 18 taken to coastal anchorage; 3 crew sustained injuries; 10 crew taken hostage; ransom demand transmitted within 72h."
ASAM-2001-00932,1994-09-03T00:53:00,1994,9,13.0829,49.5276,Gulf of Aden,Offshore Supply,Attempted,0,0,Knives,Offshore Supply attacked by Somali pirate skiff network approx 130nm offshore. MOA: RPG warning shot then boarding. Weapons observed: small arms. approach broken off after master sounded alarm and engaged firehoses.
ASAM-2002-00933,2005-07-01T02:55:00,2005,7,3.2354,100.6897,Strait of Malacca,Fishing Vessel,Attempted,0,0,Knives,Fishing Vessel attacked by Riau Archipelago armed robbers in narrow channel. MOA: nighttime stealth boarding at anchorage. Weapons observed: knives/machetes. approach broken off after master sounded alarm and engaged firehoses.
ASAM-2003-00934,1998-02-06T19:58:00,1998,2,5.3625,121.6286,Sulu Sea,General Cargo,Suspicious Approach,0,0,Knives,General Cargo attacked by Abu Sayyaf maritime cell at anchorage. MOA: hostage transfer to Jolo island camps. Weapons observed: AK-47. unidentified skiff shadowed vessel for 18 minutes before withdrawing.
ASAM-2004-00935,2017-04-15T02:50:00,2017,4,5.545,120.2577,Sulu Sea,Offshore Supply,Boarded,0,0,Knives,"Offshore Supply attacked by Sulu archipelago kidnapping ring in narrow channel. MOA: speedboat intercept tug & barge. Weapons observed: RPG-7. boarders rifled bridge & masters cabin, stole cash and electronics."
ASAM-2005-00936,2006-06-27T21:08:00,2006,6,9.622,111.7507,South China Sea,LPG/LNG Tanker,Attempted,0,0,Unknown,LPG/LNG Tanker attacked by Vietnamese coastal robbers underway in transit lane. MOA: stealth anchorage boarding. Weapons observed: M16 + RPG. approach broken off after master sounded alarm and engaged firehoses.
ASAM-2006-00937,2020-11-10T17:37:00,2020,11,5.6819,4.9309,Gulf of Guinea,LPG/LNG Tanker,Fired Upon,0,0,RPG,"LPG/LNG Tanker attacked by Bakassi Strike Force remnant approx 150nm offshore. MOA: AK-47 + GPMG armed boarding. Weapons observed: AK-47. master engaged evasive maneuvers, RPG and small arms fire received."
ASAM-2007-00938,1995-11-07T23:42:00,1995,11,13.3728,49.3463,Gulf of Aden,Chemical Tanker,Fired Upon,0,0,Unknown,"Chemical Tanker attacked by Hobyo-Harardhere PAG in narrow channel. MOA: RPG warning shot then boarding. Weapons observed: M16 + RPG. master engaged evasive maneuvers, RPG and small arms fire received."
ASAM-2008-00939,2020-11-13T11:27:00,2020,11,5.3356,5.1441,Gulf of Guinea,Chemical Tanker,Boarded,1,0,AK-47,"Chemical Tanker attacked by Niger Delta militant offshoot approx 187nm offshore. MOA: kidnap-for-ransom of officers. Weapons observed: M16 + RPG. boarders rifled bridge & masters cabin, stole cash and electronics; 1 crew sustained injuries."
ASAM-2009-00940,2018-07-27T03:54:00,2018,7,3.9722,8.4912,Gulf of Guinea,Container Ship,Attempted,0,0,Knives,Container Ship attacked by Niger Delta militant offshoot in narrow channel. MOA: kidnap-for-ransom of officers. Weapons observed: small arms. approach broken off after master sounded alarm and engaged firehoses.
ASAM-2010-00941,2010-11-14T03:42:00,2010,11,16.0221,51.6274,Gulf of Aden,Fishing Vessel,Attempted,0,0,Unknown,Fishing Vessel attacked by Puntland-based PAG in narrow channel. MOA: RPG warning shot then boarding. Weapons observed: knives/machetes. approach broken off after master sounded alarm and engaged firehoses.
ASAM-2011-00942,1997-03-16T03:08:00,1997,3,5.7836,6.8541,Gulf of Guinea,Container Ship,Boarded,0,0,RPG,"Container Ship attacked by Bakassi Strike Force remnant approx 194nm offshore. MOA: kidnap-for-ransom of officers. Weapons observed: RPG-7. boarders rifled bridge & masters cabin, stole cash and electronics."
ASAM-2012-00943,2019-02-09T09:24:00,2019,2,2.1826,5.4388,Gulf of Guinea,Tug & Barge,Attempted,0,0,AK-47,Tug & Barge attacked by Niger Delta militant offshoot underway in transit lane. MOA: kidnap-for-ransom of officers. Weapons observed: knives/machetes. approach broken off after master sounded alarm and engaged firehoses.
ASAM-2013-00944,2012-01-01T20:52:00,2012,1,6.5445,5.9096,Gulf of Guinea,Crude Oil Tanker,Attempted,0,0,RPG,Crude Oil Tanker attacked by Niger Delta militant offshoot at anchorage. MOA: kidnap-for-ransom of officers. Weapons observed: RPG-7. approach broken off after master sounded alarm and engaged firehoses.
ASAM-2014-00945,2008-04-10T06:58:00,2008,4,10.9108,-66.2076,Caribbean / Venezuelan,General Cargo,Attempted,0,0,Knives,General Cargo attacked by Venezuelan coastal gang underway in transit lane. MOA: small arms intimidation. Weapons observed: small arms. approach broken off after master sounded alarm and engaged firehoses.
ASAM-2015-00946,2013-04-22T00:22:00,2013,4,5.1897,118.413,Sulu Sea,Container Ship,Boarded,0,0,Unknown,"Container Ship attacked by BIFF splinter group at anchorage. MOA: speedboat intercept tug & barge. Weapons observed: small arms. boarders rifled bridge & masters cabin, stole cash and electronics."
ASAM-2016-00947,1997-08-07T02:38:00,1997,8,3.8803,100.6375,Strait of Malacca,Tug & Barge,Fired Upon,0,0,Knives,"Tug & Barge attacked by Indonesian coastal gang in narrow channel. MOA: knife-armed boarders, no firearms. Weapons observed: RPG-7. master engaged evasive maneuvers, RPG and small arms fire received."
ASAM-2017-00948,2018-02-22T03:57:00,2018,2,6.7282,120.6937,Sulu Sea,Chemical Tanker,Boarded,0,0,Knives,"Chemical Tanker attacked by Abu Sayyaf maritime cell in narrow channel. MOA: speedboat intercept tug & barge. Weapons observed: M16 + RPG. boarders rifled bridge & masters cabin, stole cash and electronics."
ASAM-2018-00949,2019-04-03T01:32:00,2019,4,5.5523,5.5582,Gulf of Guinea,Container Ship,Hijacked,0,20,Unknown,"Container Ship attacked by Niger Delta militant offshoot approx 258nm offshore. MOA: fast attack craft >150nm offshore. Weapons observed: RPG-7. vessel hijacked, crew of 26 taken to coastal anchorage; 20 crew taken hostage; ransom demand transmitted within 72h."
ASAM-2019-00950,2018-02-03T08:15:00,2018,2,5.4343,120.2149,Sulu Sea,Offshore Supply,Hijacked,0,8,Small arms,"Offshore Supply attacked by Abu Sayyaf maritime cell underway in transit lane. MOA: speedboat intercept tug & barge. Weapons observed: small arms. vessel hijacked, crew of 16 taken to coastal anchorage; 8 crew taken hostage; ransom demand transmitted within 72h."
ASAM-2020-00951,2003-07-11T19:55:00,2003,7,2.375,101.4183,Strait of Malacca,Fishing Vessel,Attempted,1,0,Small arms,"Fishing Vessel attacked by Indonesian coastal gang at anchorage. MOA: knife-armed boarders, no firearms. Weapons observed: small arms. approach broken off after master sounded alarm and engaged firehoses; 4 crew sustained injuries."
ASAM-2021-00952,1994-03-06T02:07:00,1994,3,2.6419,102.6416,Strait of Malacca,Bulk Carrier,Boarded,0,0,Knives,"Bulk Carrier attacked by Riau Archipelago armed robbers in narrow channel. MOA: knife-armed boarders, no firearms. Weapons observed: RPG-7. boarders rifled bridge & masters cabin, stole cash and electronics."
ASAM-2022-00953,2014-03-26T21:15:00,2014,3,8.9797,112.5191,South China Sea,Crude Oil Tanker,Attempted,0,0,RPG,Crude Oil Tanker attacked by Filipino anchor-rob crew approx 23nm offshore. MOA: product theft (diesel siphoning). Weapons observed: M16 + RPG. approach broken off after master sounded alarm and engaged firehoses.
ASAM-2023-00954,2019-11-15T05:49:00,2019,11,10.4901,-64.3469,Caribbean / Venezuelan,Bulk Carrier,Boarded,0,0,AK-47,"Bulk Carrier attacked by Venezuelan coastal gang approx 276nm offshore. MOA: crew theft + minor injuries. Weapons observed: RPG-7. boarders rifled bridge & masters cabin, stole cash and electronics."
ASAM-2024-00955,2008-11-05T04:53:00,2008,11,7.0427,6.3627,Gulf of Guinea,Crude Oil Tanker,Suspicious Approach,0,0,AK-47,Crude Oil Tanker attacked by Niger Delta militant offshoot at anchorage. MOA: tanker product theft (siphon). Weapons observed: knives/machetes. unidentified skiff shadowed vessel for 18 minutes before withdrawing.
ASAM-2025-00956,2010-05-26T19:07:00,2010,5,13.3248,46.3591,Gulf of Aden,Fishing Vessel,Boarded,0,0,Small arms,"Fishing Vessel attacked by Hobyo-Harardhere PAG at anchorage. MOA: AK-47 small arms suppression. Weapons observed: knives/machetes. boarders rifled bridge & masters cabin, stole cash and electronics."
ASAM-1993-00957,2012-10-02T05:04:00,2012,10,15.3468,48.1641,Gulf of Aden,Container Ship,Suspicious Approach,0,0,Knives,Container Ship attacked by Puntland-based PAG at anchorage. MOA: RPG warning shot then boarding. Weapons observed: small arms. unidentified skiff shadowed vessel for 18 minutes before withdrawing.
ASAM-1994-00958,2003-09-18T18:50:00,2003,9,3.0908,98.2869,Strait of Malacca,LPG/LNG Tanker,Boarded,0,0,Knives,"LPG/LNG Tanker attacked by Indonesian coastal gang at anchorage. MOA: crew rob & flee in <30 min. Weapons observed: small arms. boarders rifled bridge & masters cabin, stole cash and electronics."
ASAM-1995-00959,2011-03-25T03:39:00,2011,3,13.5355,49.112,Gulf of Aden,Chemical Tanker,Boarded,0,0,Unknown,"Chemical Tanker attacked by Somali pirate skiff network at anchorage. MOA: AK-47 small arms suppression. Weapons observed: RPG-7. boarders rifled bridge & masters cabin, stole cash and electronics."
ASAM-1996-00960,2012-12-03T20:54:00,2012,12,13.1907,48.7815,Gulf of Aden,Bulk Carrier,Attempted,0,0,AK-47,Bulk Carrier attacked by Hobyo-Harardhere PAG approx 226nm offshore. MOA: mothership-launched skiff swarm. Weapons observed: knives/machetes. approach broken off after master sounded alarm and engaged firehoses.
ASAM-1997-00961,2010-02-27T02:26:00,2010,2,14.1658,48.8624,Gulf of Aden,RoRo Vehicle Carrier,Attempted,0,0,AK-47,RoRo Vehicle Carrier attacked by Puntland-based PAG underway in transit lane. MOA: mothership-launched skiff swarm. Weapons observed: M16 + RPG. approach broken off after master sounded alarm and engaged firehoses.
ASAM-1998-00962,2004-09-22T20:19:00,2004,9,6.1915,119.9549,Sulu Sea,Tug & Barge,Boarded,0,0,Unknown,"Tug & Barge attacked by Sulu archipelago kidnapping ring at anchorage. MOA: hostage transfer to Jolo island camps. Weapons observed: knives/machetes. boarders rifled bridge & masters cabin, stole cash and electronics."
ASAM-1999-00963,2016-06-26T22:09:00,2016,6,6.5341,120.0965,Sulu Sea,General Cargo,Attempted,0,0,Small arms,General Cargo attacked by Abu Sayyaf maritime cell approx 169nm offshore. MOA: speedboat intercept tug & barge. Weapons observed: AK-47. approach broken off after master sounded alarm and engaged firehoses.
ASAM-2000-00964,2017-04-27T03:52:00,2017,4,7.0553,119.8654,Sulu Sea,Bulk Carrier,Attempted,0,0,Knives,Bulk Carrier attacked by BIFF splinter group at anchorage. MOA: hostage transfer to Jolo island camps. Weapons observed: RPG-7. approach broken off after master sounded alarm and engaged firehoses.
ASAM-2001-00965,2008-06-14T00:02:00,2008,6,13.776,47.4709,Gulf of Aden,Chemical Tanker,Hijacked,0,24,Small arms,"Chemical Tanker attacked by Hobyo-Harardhere PAG approx 231nm offshore. MOA: RPG warning shot then boarding. Weapons observed: M16 + RPG. vessel hijacked, crew of 27 taken to coastal anchorage; 24 crew taken hostage; ransom demand transmitted within 72h."
ASAM-2002-00966,2016-09-17T15:39:00,2016,9,5.583,119.3367,Sulu Sea,Fishing Vessel,Attempted,0,0,Knives,Fishing Vessel attacked by Abu Sayyaf maritime cell at anchorage. MOA: speedboat intercept tug & barge. Weapons observed: knives/machetes. approach broken off after master sounded alarm and engaged firehoses.
ASAM-2003-00967,2001-09-25T20:08:00,2001,9,3.8117,101.195,Strait of Malacca,RoRo Vehicle Carrier,Attempted,0,0,RPG,"RoRo Vehicle Carrier attacked by Free Aceh splinter (historical) underway in transit lane. MOA: knife-armed boarders, no firearms. Weapons observed: M16 + RPG. approach broken off after master sounded alarm and engaged firehoses."
ASAM-2004-00968,2024-04-07T04:10:00,2024,4,14.8636,48.5851,Gulf of Aden,Container Ship,Attempted,0,0,AK-47,Container Ship attacked by Puntland-based PAG underway in transit lane. MOA: RPG warning shot then boarding. Weapons observed: knives/machetes. approach broken off after master sounded alarm and engaged firehoses.
ASAM-2005-00969,2003-04-24T04:34:00,2003,4,3.1069,100.0734,Strait of Malacca,Chemical Tanker,Suspicious Approach,0,0,AK-47,Chemical Tanker attacked by Riau Archipelago armed robbers underway in transit lane. MOA: crew rob & flee in <30 min. Weapons observed: AK-47. unidentified skiff shadowed vessel for 18 minutes before withdrawing.
ASAM-2006-00970,2018-08-09T21:07:00,2018,8,8.7483,8.4871,Gulf of Guinea,Crude Oil Tanker,Attempted,0,0,AK-47,Crude Oil Tanker attacked by Niger Delta militant offshoot underway in transit lane. MOA: kidnap-for-ransom of officers. Weapons observed: M16 + RPG. approach broken off after master sounded alarm and engaged firehoses.
ASAM-2007-00971,1997-12-07T21:02:00,1997,12,3.4056,5.0677,Gulf of Guinea,Fishing Vessel,Boarded,0,0,Knives,"Fishing Vessel attacked by Bakassi Strike Force remnant in narrow channel. MOA: kidnap-for-ransom of officers. Weapons observed: AK-47. boarders rifled bridge & masters cabin, stole cash and electronics."
ASAM-2008-00972,2019-05-19T22:30:00,2019,5,4.5138,5.7636,Gulf of Guinea,Container Ship,Fired Upon,0,0,Knives,"Container Ship attacked by Bakassi Strike Force remnant approx 204nm offshore. MOA: kidnap-for-ransom of officers. Weapons observed: AK-47. master engaged evasive maneuvers, RPG and small arms fire received."
ASAM-2009-00973,2011-04-09T21:32:00,2011,4,12.8452,46.651,Gulf of Aden,Crude Oil Tanker,Hijacked,0,9,Unknown,"Crude Oil Tanker attacked by Hobyo-Harardhere PAG underway in transit lane. MOA: AK-47 small arms suppression. Weapons observed: AK-47. vessel hijacked, crew of 26 taken to coastal anchorage; 9 crew taken hostage; ransom demand transmitted within 72h."
ASAM-2010-00974,2018-09-25T11:40:00,2018,9,11.4808,-61.5464,Caribbean / Venezuelan,Yacht,Boarded,0,0,Small arms,"Yacht attacked by Venezuelan coastal gang approx 117nm offshore. MOA: small arms intimidation. Weapons observed: small arms. boarders rifled bridge & masters cabin, stole cash and electronics."
ASAM-2011-00975,2003-07-24T04:09:00,2003,7,2.6584,102.1622,Strait of Malacca,Crude Oil Tanker,Boarded,0,0,Small arms,"Crude Oil Tanker attacked by Free Aceh splinter (historical) at anchorage. MOA: nighttime stealth boarding at anchorage. Weapons observed: RPG-7. boarders rifled bridge & masters cabin, stole cash and electronics."
ASAM-2012-00976,2008-07-07T05:04:00,2008,7,13.2889,50.2644,Gulf of Aden,General Cargo,Boarded,0,0,Small arms,"General Cargo attacked by Somali pirate skiff network underway in transit lane. MOA: grappling hook boarding at low freeboard. Weapons observed: knives/machetes. boarders rifled bridge & masters cabin, stole cash and electronics."
ASAM-2013-00977,2016-02-04T18:17:00,2016,2,3.224,5.5486,Gulf of Guinea,Tug & Barge,Attempted,0,0,Small arms,Tug & Barge attacked by Bakassi Strike Force remnant approx 258nm offshore. MOA: fast attack craft >150nm offshore. Weapons observed: knives/machetes. approach broken off after master sounded alarm and engaged firehoses.
ASAM-2014-00978,2025-06-08T05:11:00,2025,6,12.9196,48.2277,Gulf of Aden,Bulk Carrier,Boarded,1,0,Unknown,"Bulk Carrier attacked by Somali pirate skiff network underway in transit lane. MOA: mothership-launched skiff swarm. Weapons observed: knives/machetes. boarders rifled bridge & masters cabin, stole cash and electronics; 3 crew sustained injuries."
ASAM-2015-00979,2004-04-28T03:47:00,2004,4,4.1527,102.5872,Strait of Malacca,Chemical Tanker,Attempted,0,0,AK-47,"Chemical Tanker attacked by Indonesian coastal gang at anchorage. MOA: knife-armed boarders, no firearms. Weapons observed: small arms. approach broken off after master sounded alarm and engaged firehoses."
ASAM-2016-00980,2013-10-22T23:10:00,2013,10,14.2772,47.6462,Gulf of Aden,Container Ship,Boarded,0,0,Unknown,"Container Ship attacked by Puntland-based PAG in narrow channel. MOA: RPG warning shot then boarding. Weapons observed: RPG-7. boarders rifled bridge & masters cabin, stole cash and electronics."
ASAM-2017-00981,2004-04-22T16:06:00,2004,4,4.3973,100.4651,Strait of Malacca,Offshore Supply,Fired Upon,0,0,Unknown,"Offshore Supply attacked by Free Aceh splinter (historical) at anchorage. MOA: crew rob & flee in <30 min. Weapons observed: M16 + RPG. master engaged evasive maneuvers, RPG and small arms fire received."
ASAM-2018-00982,2012-11-03T20:11:00,2012,11,10.8686,47.2419,Gulf of Aden,General Cargo,Fired Upon,0,0,Small arms,"General Cargo attacked by Somali pirate skiff network in narrow channel. MOA: grappling hook boarding at low freeboard. Weapons observed: knives/machetes. master engaged evasive maneuvers, RPG and small arms fire received."
ASAM-2019-00983,1996-03-03T20:18:00,1996,3,2.6898,5.0915,Gulf of Guinea,Tug & Barge,Attempted,0,0,Small arms,Tug & Barge attacked by Bakassi Strike Force remnant approx 255nm offshore. MOA: AK-47 + GPMG armed boarding. Weapons observed: RPG-7. approach broken off after master sounded alarm and engaged firehoses.
ASAM-2020-00984,2014-04-08T20:16:00,2014,4,10.2736,111.3549,South China Sea,Fishing Vessel,Attempted,0,0,RPG,Fishing Vessel attacked by Vietnamese coastal robbers in narrow channel. MOA: product theft (diesel siphoning). Weapons observed: RPG-7. approach broken off after master sounded alarm and engaged firehoses.
ASAM-2021-00985,2021-10-23T20:13:00,2021,10,3.7677,8.7226,Gulf of Guinea,Container Ship,Fired Upon,1,0,Unknown,"Container Ship attacked by Nigerian kidnap-for-ransom cell at anchorage. MOA: kidnap-for-ransom of officers. Weapons observed: RPG-7. master engaged evasive maneuvers, RPG and small arms fire received; 2 crew sustained injuries."
ASAM-2022-00986,2021-04-16T19:21:00,2021,4,1.5662,6.1476,Gulf of Guinea,Crude Oil Tanker,Attempted,0,0,Knives,Crude Oil Tanker attacked by Bakassi Strike Force remnant approx 145nm offshore. MOA: fast attack craft >150nm offshore. Weapons observed: M16 + RPG. approach broken off after master sounded alarm and engaged firehoses.
ASAM-2023-00987,2016-05-16T03:24:00,2016,5,4.3516,100.582,Strait of Malacca,General Cargo,Boarded,0,0,Small arms,"General Cargo attacked by Riau Archipelago armed robbers at anchorage. MOA: crew rob & flee in <30 min. Weapons observed: M16 + RPG. boarders rifled bridge & masters cabin, stole cash and electronics."
ASAM-2024-00988,2006-12-14T09:55:00,2006,12,3.3879,99.8314,Strait of Malacca,Container Ship,Boarded,0,6,Knives,"Container Ship attacked by Riau Archipelago armed robbers at anchorage. MOA: crew rob & flee in <30 min. Weapons observed: M16 + RPG. boarders rifled bridge & masters cabin, stole cash and electronics; 6 crew taken hostage; ransom demand transmitted within 72h."
ASAM-2025-00989,2018-07-02T01:38:00,2018,7,13.9625,45.7323,Gulf of Aden,Crude Oil Tanker,Attempted,0,0,RPG,Crude Oil Tanker attacked by Hobyo-Harardhere PAG in narrow channel. MOA: mothership-launched skiff swarm. Weapons observed: M16 + RPG. approach broken off after master sounded alarm and engaged firehoses.
ASAM-1993-00990,2020-02-12T03:39:00,2020,2,3.1359,6.3585,Gulf of Guinea,Fishing Vessel,Boarded,0,0,Small arms,"Fishing Vessel attacked by Bakassi Strike Force remnant in narrow channel. MOA: tanker product theft (siphon). Weapons observed: knives/machetes. boarders rifled bridge & masters cabin, stole cash and electronics."
ASAM-1994-00991,2021-01-14T03:37:00,2021,1,12.6733,49.0495,Gulf of Aden,Tug & Barge,Attempted,0,0,RPG,Tug & Barge attacked by Hobyo-Harardhere PAG in narrow channel. MOA: RPG warning shot then boarding. Weapons observed: RPG-7. approach broken off after master sounded alarm and engaged firehoses.
ASAM-1995-00992,2008-03-22T10:25:00,2008,3,12.9795,50.5402,Gulf of Aden,Chemical Tanker,Boarded,0,0,RPG,"Chemical Tanker attacked by Hobyo-Harardhere PAG at anchorage. MOA: RPG warning shot then boarding. Weapons observed: RPG-7. boarders rifled bridge & masters cabin, stole cash and electronics."
ASAM-1996-00993,2006-10-14T01:53:00,2006,10,3.6298,99.7022,Strait of Malacca,Crude Oil Tanker,Boarded,0,0,RPG,"Crude Oil Tanker attacked by Indonesian coastal gang approx 140nm offshore. MOA: nighttime stealth boarding at anchorage. Weapons observed: AK-47. boarders rifled bridge & masters cabin, stole cash and electronics."
ASAM-1997-00994,2008-02-08T21:08:00,2008,2,13.4993,48.3649,Gulf of Aden,Crude Oil Tanker,Hijacked,0,19,Small arms,"Crude Oil Tanker attacked by Somali pirate skiff network in narrow channel. MOA: mothership-launched skiff swarm. Weapons observed: RPG-7. vessel hijacked, crew of 22 taken to coastal anchorage; 19 crew taken hostage; ransom demand transmitted within 72h."
ASAM-1998-00995,2016-02-28T06:22:00,2016,2,11.2515,115.7193,South China Sea,RoRo Vehicle Carrier,Attempted,0,0,RPG,RoRo Vehicle Carrier attacked by Filipino anchor-rob crew in narrow channel. MOA: product theft (diesel siphoning). Weapons observed: M16 + RPG. approach broken off after master sounded alarm and engaged firehoses.
ASAM-1999-00996,2000-07-22T23:55:00,2000,7,6.5495,119.1611,Sulu Sea,Fishing Vessel,Boarded,1,0,Unknown,"Fishing Vessel attacked by Abu Sayyaf maritime cell approx 253nm offshore. MOA: speedboat intercept tug & barge. Weapons observed: AK-47. boarders rifled bridge & masters cabin, stole cash and electronics; 3 crew sustained injuries."
ASAM-2000-00997,2011-01-16T19:14:00,2011,1,3.2671,99.4013,Strait of Malacca,Tug & Barge,Hijacked,0,16,RPG,"Tug & Barge attacked by Riau Archipelago armed robbers underway in transit lane. MOA: fast skiff rob at narrow channel. Weapons observed: small arms. vessel hijacked, crew of 18 taken to coastal anchorage; 16 crew taken hostage; ransom demand transmitted within 72h."
ASAM-2001-00998,2019-04-18T04:10:00,2019,4,3.8703,5.3884,Gulf of Guinea,Fishing Vessel,Attempted,0,0,Unknown,Fishing Vessel attacked by Bakassi Strike Force remnant approx 22nm offshore. MOA: tanker product theft (siphon). Weapons observed: small arms. approach broken off after master sounded alarm and engaged firehoses.
ASAM-2002-00999,2012-06-27T01:18:00,2012,6,13.215,52.1448,Gulf of Aden,Tug & Barge,Boarded,0,0,Unknown,"Tug & Barge attacked by Hobyo-Harardhere PAG at anchorage. MOA: grappling hook boarding at low freeboard. Weapons observed: M16 + RPG. boarders rifled bridge & masters cabin, stole cash and electronics."
ASAM-2003-01000,2014-03-06T23:04:00,2014,3,12.4937,48.8173,Gulf of Aden,Crude Oil Tanker,Suspicious Approach,0,0,RPG,Crude Oil Tanker attacked by Puntland-based PAG at anchorage. MOA: RPG warning shot then boarding. Weapons observed: RPG-7. unidentified skiff shadowed vessel for 18 minutes before withdrawing.
ASAM-2004-01001,2023-12-02T22:29:00,2023,12,2.7272,6.9384,Gulf of Guinea,General Cargo,Attempted,0,0,AK-47,General Cargo attacked by Bakassi Strike Force remnant underway in transit lane. MOA: kidnap-for-ransom of officers. Weapons observed: M16 + RPG. approach broken off after master sounded alarm and engaged firehoses.
ASAM-2005-01002,2014-12-18T17:08:00,2014,12,2.6783,100.5589,Strait of Malacca,Fishing Vessel,Boarded,0,0,AK-47,"Fishing Vessel attacked by Free Aceh splinter (historical) approx 120nm offshore. MOA: crew rob & flee in <30 min. Weapons observed: M16 + RPG. boarders rifled bridge & masters cabin, stole cash and electronics."
ASAM-2006-01003,2003-01-09T06:07:00,2003,1,2.4631,98.0879,Strait of Malacca,Container Ship,Boarded,0,0,Small arms,"Container Ship attacked by Indonesian coastal gang in narrow channel. MOA: crew rob & flee in <30 min. Weapons observed: AK-47. boarders rifled bridge & masters cabin, stole cash and electronics."
ASAM-2007-01004,2007-10-16T04:54:00,2007,10,4.189,3.2893,Gulf of Guinea,Bulk Carrier,Boarded,0,0,Knives,"Bulk Carrier attacked by Bakassi Strike Force remnant at anchorage. MOA: kidnap-for-ransom of officers. Weapons observed: small arms. boarders rifled bridge & masters cabin, stole cash and electronics."
ASAM-2008-01005,2019-02-16T13:48:00,2019,2,4.3603,6.1731,Gulf of Guinea,Container Ship,Attempted,0,0,Small arms,Container Ship attacked by Bakassi Strike Force remnant approx 242nm offshore. MOA: kidnap-for-ransom of officers. Weapons observed: M16 + RPG. approach broken off after master sounded alarm and engaged firehoses.
ASAM-2009-01006,1993-05-26T01:02:00,1993,5,4.666,6.7435,Gulf of Guinea,Container Ship,Attempted,1,0,Small arms,Container Ship attacked by Niger Delta militant offshoot underway in transit lane. MOA: kidnap-for-ransom of officers. Weapons observed: knives/machetes. approach broken off after master sounded alarm and engaged firehoses; 2 crew sustained injuries.
ASAM-2010-01007,2005-04-02T00:19:00,2005,4,3.5802,99.2127,Strait of Malacca,Crude Oil Tanker,Hijacked,0,11,AK-47,"Crude Oil Tanker attacked by Riau Archipelago armed robbers at anchorage. MOA: knife-armed boarders, no firearms. Weapons observed: RPG-7. vessel hijacked, crew of 16 taken to coastal anchorage; 11 crew taken hostage; ransom demand transmitted within 72h."
ASAM-2011-01008,2006-11-23T20:57:00,2006,11,2.9179,97.8896,Strait of Malacca,RoRo Vehicle Carrier,Boarded,0,0,AK-47,"RoRo Vehicle Carrier attacked by Free Aceh splinter (historical) underway in transit lane. MOA: knife-armed boarders, no firearms. Weapons observed: M16 + RPG. boarders rifled bridge & masters cabin, stole cash and electronics."
ASAM-2012-01009,2025-01-13T23:10:00,2025,1,14.3925,46.818,Gulf of Aden,Fishing Vessel,Attempted,0,0,AK-47,Fishing Vessel attacked by Somali pirate skiff network in narrow channel. MOA: AK-47 small arms suppression. Weapons observed: knives/machetes. approach broken off after master sounded alarm and engaged firehoses.
ASAM-2013-01010,2017-06-26T00:09:00,2017,6,11.3282,50.2291,Gulf of Aden,LPG/LNG Tanker,Suspicious Approach,0,0,Unknown,LPG/LNG Tanker attacked by Hobyo-Harardhere PAG at anchorage. MOA: AK-47 small arms suppression. Weapons observed: RPG-7. unidentified skiff shadowed vessel for 18 minutes before withdrawing.
ASAM-2014-01011,2005-02-07T17:43:00,2005,2,1.9018,100.6055,Strait of Malacca,Container Ship,Boarded,0,0,Knives,"Container Ship attacked by Riau Archipelago armed robbers at anchorage. MOA: crew rob & flee in <30 min. Weapons observed: small arms. boarders rifled bridge & masters cabin, stole cash and electronics."
ASAM-2015-01012,2024-12-23T00:25:00,2024,12,9.2165,112.2703,South China Sea,General Cargo,Boarded,0,0,AK-47,"General Cargo attacked by Filipino anchor-rob crew at anchorage. MOA: stealth anchorage boarding. Weapons observed: small arms. boarders rifled bridge & masters cabin, stole cash and electronics."
ASAM-2016-01013,2015-02-02T01:08:00,2015,2,11.1288,110.7972,South China Sea,Chemical Tanker,Hijacked,0,20,Small arms,"Chemical Tanker attacked by Filipino anchor-rob crew underway in transit lane. MOA: product theft (diesel siphoning). Weapons observed: RPG-7. vessel hijacked, crew of 16 taken to coastal anchorage; 20 crew taken hostage; ransom demand transmitted within 72h."
ASAM-2017-01014,2022-07-13T21:54:00,2022,7,4.0272,101.2383,Strait of Malacca,Container Ship,Boarded,1,2,Knives,"Container Ship attacked by Free Aceh splinter (historical) at anchorage. MOA: fast skiff rob at narrow channel. Weapons observed: knives/machetes. boarders rifled bridge & masters cabin, stole cash and electronics; 1 crew sustained injuries; 2 crew taken hostage; ransom demand transmitted within 72h."
ASAM-2018-01015,2008-05-22T04:50:00,2008,5,12.043,49.0972,Gulf of Aden,Fishing Vessel,Fired Upon,1,0,Unknown,"Fishing Vessel attacked by Somali pirate skiff network in narrow channel. MOA: AK-47 small arms suppression. Weapons observed: knives/machetes. master engaged evasive maneuvers, RPG and small arms fire received; 4 crew sustained injuries."
ASAM-2019-01016,2006-07-21T20:46:00,2006,7,2.5604,101.9173,Strait of Malacca,Bulk Carrier,Boarded,0,0,Small arms,"Bulk Carrier attacked by Free Aceh splinter (historical) underway in transit lane. MOA: crew rob & flee in <30 min. Weapons observed: RPG-7. boarders rifled bridge & masters cabin, stole cash and electronics."
ASAM-2020-01017,2017-02-15T03:10:00,2017,2,10.6335,-66.0051,Caribbean / Venezuelan,Crude Oil Tanker,Attempted,0,0,Small arms,Crude Oil Tanker attacked by Trinidad-Tobago smuggler crew at anchorage. MOA: crew theft + minor injuries. Weapons observed: AK-47. approach broken off after master sounded alarm and engaged firehoses.
ASAM-2021-01018,2011-04-15T03:59:00,2011,4,4.0559,100.2095,Strait of Malacca,Crude Oil Tanker,Hijacked,0,21,Unknown,"Crude Oil Tanker attacked by Free Aceh splinter (historical) at anchorage. MOA: fast skiff rob at narrow channel. Weapons observed: small arms. vessel hijacked, crew of 23 taken to coastal anchorage; 21 crew taken hostage; ransom demand transmitted within 72h."
ASAM-2022-01019,2010-02-15T17:35:00,2010,2,4.983,120.9334,Sulu Sea,General Cargo,Boarded,0,0,AK-47,"General Cargo attacked by Abu Sayyaf maritime cell at anchorage. MOA: M16 + RPG armed boarding. Weapons observed: knives/machetes. boarders rifled bridge & masters cabin, stole cash and electronics."
ASAM-2023-01020,2018-01-05T18:24:00,2018,1,11.0653,112.9636,South China Sea,Bulk Carrier,Boarded,0,0,Knives,"Bulk Carrier attacked by Filipino anchor-rob crew approx 279nm offshore. MOA: stealth anchorage boarding. Weapons observed: M16 + RPG. boarders rifled bridge & masters cabin, stole cash and electronics."
ASAM-2024-01021,2011-04-07T22:01:00,2011,4,10.7625,49.3995,Gulf of Aden,Container Ship,Boarded,0,0,RPG,"Container Ship attacked by Hobyo-Harardhere PAG in narrow channel. MOA: grappling hook boarding at low freeboard. Weapons observed: AK-47. boarders rifled bridge & masters cabin, stole cash and electronics."
ASAM-2025-01022,2018-05-12T18:22:00,2018,5,3.4559,5.3797,Gulf of Guinea,Container Ship,Boarded,0,0,Small arms,"Container Ship attacked by Bakassi Strike Force remnant in narrow channel. MOA: tanker product theft (siphon). Weapons observed: RPG-7. boarders rifled bridge & masters cabin, stole cash and electronics."
ASAM-1993-01023,2011-09-22T08:57:00,2011,9,13.2262,50.9109,Gulf of Aden,Bulk Carrier,Boarded,0,0,RPG,"Bulk Carrier attacked by Somali pirate skiff network at anchorage. MOA: AK-47 small arms suppression. Weapons observed: RPG-7. boarders rifled bridge & masters cabin, stole cash and electronics."
ASAM-1994-01024,2018-10-18T19:12:00,2018,10,4.9627,9.3756,Gulf of Guinea,General Cargo,Attempted,0,0,RPG,General Cargo attacked by Bakassi Strike Force remnant underway in transit lane. MOA: AK-47 + GPMG armed boarding. Weapons observed: M16 + RPG. approach broken off after master sounded alarm and engaged firehoses.
ASAM-1995-01025,2014-09-23T01:58:00,2014,9,6.9441,113.4914,South China Sea,LPG/LNG Tanker,Boarded,0,0,Knives,"LPG/LNG Tanker attacked by Filipino anchor-rob crew at anchorage. MOA: product theft (diesel siphoning). Weapons observed: AK-47. boarders rifled bridge & masters cabin, stole cash and electronics."
ASAM-1996-01026,2015-01-11T23:55:00,2015,1,8.7139,117.2497,South China Sea,Chemical Tanker,Boarded,0,0,Knives,"Chemical Tanker attacked by Filipino anchor-rob crew at anchorage. MOA: stealth anchorage boarding. Weapons observed: knives/machetes. boarders rifled bridge & masters cabin, stole cash and electronics."
ASAM-1997-01027,2010-04-11T23:06:00,2010,4,14.0249,49.0727,Gulf of Aden,Bulk Carrier,Attempted,0,0,Knives,Bulk Carrier attacked by Somali pirate skiff network approx 229nm offshore. MOA: mothership-launched skiff swarm. Weapons observed: small arms. approach broken off after master sounded alarm and engaged firehoses.
ASAM-1998-01028,2006-08-13T22:07:00,2006,8,1.9239,101.3392,Strait of Malacca,LPG/LNG Tanker,Hijacked,0,13,AK-47,"LPG/LNG Tanker attacked by Free Aceh splinter (historical) at anchorage. MOA: crew rob & flee in <30 min. Weapons observed: knives/machetes. vessel hijacked, crew of 27 taken to coastal anchorage; 13 crew taken hostage; ransom demand transmitted within 72h."
ASAM-1999-01029,2021-10-12T04:49:00,2021,10,4.7601,100.8734,Strait of Malacca,General Cargo,Boarded,0,0,Small arms,"General Cargo attacked by Free Aceh splinter (historical) in narrow channel. MOA: knife-armed boarders, no firearms. Weapons observed: knives/machetes. boarders rifled bridge & masters cabin, stole cash and electronics."
ASAM-2000-01030,2008-01-21T10:12:00,2008,1,10.9867,47.9127,Gulf of Aden,Container Ship,Hijacked,1,20,Small arms,"Container Ship attacked by Hobyo-Harardhere PAG approx 67nm offshore. MOA: RPG warning shot then boarding. Weapons observed: small arms. vessel hijacked, crew of 20 taken to coastal anchorage; 2 crew sustained injuries; 20 crew taken hostage; ransom demand transmitted within 72h."
ASAM-2001-01031,2008-12-21T11:42:00,2008,12,13.743,52.1185,Gulf of Aden,Chemical Tanker,Boarded,0,0,Knives,"Chemical Tanker attacked by Somali pirate skiff network in narrow channel. MOA: AK-47 small arms suppression. Weapons observed: small arms. boarders rifled bridge & masters cabin, stole cash and electronics."
ASAM-2002-01032,2015-04-08T05:17:00,2015,4,3.8347,6.5962,Gulf of Guinea,Fishing Vessel,Boarded,0,1,AK-47,"Fishing Vessel attacked by Niger Delta militant offshoot in narrow channel. MOA: tanker product theft (siphon). Weapons observed: AK-47. boarders rifled bridge & masters cabin, stole cash and electronics; 1 crew taken hostage; ransom demand transmitted within 72h."
ASAM-2003-01033,2006-08-14T17:26:00,2006,8,4.2248,100.7671,Strait of Malacca,Tug & Barge,Attempted,0,0,AK-47,Tug & Barge attacked by Indonesian coastal gang in narrow channel. MOA: fast skiff rob at narrow channel. Weapons observed: AK-47. approach broken off after master sounded alarm and engaged firehoses.
ASAM-2004-01034,2011-11-23T04:11:00,2011,11,2.1828,101.6362,Strait of Malacca,Fishing Vessel,Boarded,0,2,Small arms,"Fishing Vessel attacked by Indonesian coastal gang underway in transit lane. MOA: nighttime stealth boarding at anchorage. Weapons observed: knives/machetes. boarders rifled bridge & masters cabin, stole cash and electronics; 2 crew taken hostage; ransom demand transmitted within 72h."
ASAM-2005-01035,2014-08-09T23:45:00,2014,8,7.5514,115.8504,South China Sea,Tug & Barge,Boarded,0,0,AK-47,"Tug & Barge attacked by Vietnamese coastal robbers underway in transit lane. MOA: stealth anchorage boarding. Weapons observed: knives/machetes. boarders rifled bridge & masters cabin, stole cash and electronics."
ASAM-2006-01036,2024-08-27T02:03:00,2024,8,11.6949,47.4809,Gulf of Aden,LPG/LNG Tanker,Boarded,1,0,RPG,"LPG/LNG Tanker attacked by Hobyo-Harardhere PAG approx 164nm offshore. MOA: mothership-launched skiff swarm. Weapons observed: small arms. boarders rifled bridge & masters cabin, stole cash and electronics; 3 crew sustained injuries."
ASAM-2007-01037,2005-01-09T15:53:00,2005,1,2.7326,98.3829,Strait of Malacca,General Cargo,Fired Upon,0,0,Knives,"General Cargo attacked by Indonesian coastal gang underway in transit lane. MOA: knife-armed boarders, no firearms. Weapons observed: small arms. master engaged evasive maneuvers, RPG and small arms fire received."
ASAM-2008-01038,2012-08-01T20:47:00,2012,8,3.1508,102.2481,Strait of Malacca,Fishing Vessel,Boarded,1,0,Small arms,"Fishing Vessel attacked by Riau Archipelago armed robbers in narrow channel. MOA: fast skiff rob at narrow channel. Weapons observed: M16 + RPG. boarders rifled bridge & masters cabin, stole cash and electronics; 4 crew sustained injuries."
ASAM-2009-01039,2005-03-26T03:40:00,2005,3,4.3712,99.0278,Strait of Malacca,Container Ship,Boarded,0,0,Unknown,"Container Ship attacked by Riau Archipelago armed robbers at anchorage. MOA: fast skiff rob at narrow channel. Weapons observed: RPG-7. boarders rifled bridge & masters cabin, stole cash and electronics."
ASAM-2010-01040,2019-08-12T05:50:00,2019,8,3.3212,7.0796,Gulf of Guinea,Bulk Carrier,Fired Upon,1,0,Knives,"Bulk Carrier attacked by Niger Delta militant offshoot underway in transit lane. MOA: AK-47 + GPMG armed boarding. Weapons observed: small arms. master engaged evasive maneuvers, RPG and small arms fire received; 1 crew sustained injuries."
ASAM-2011-01041,2018-06-14T03:36:00,2018,6,5.1463,120.5365,Sulu Sea,Bulk Carrier,Attempted,0,0,RPG,Bulk Carrier attacked by Sulu archipelago kidnapping ring at anchorage. MOA: speedboat intercept tug & barge. Weapons observed: AK-47. approach broken off after master sounded alarm and engaged firehoses.
ASAM-2012-01042,2009-12-13T06:52:00,2009,12,5.8339,121.8348,Sulu Sea,Bulk Carrier,Fired Upon,0,0,Small arms,"Bulk Carrier attacked by BIFF splinter group underway in transit lane. MOA: M16 + RPG armed boarding. Weapons observed: knives/machetes. master engaged evasive maneuvers, RPG and small arms fire received."
ASAM-2013-01043,2018-09-24T18:28:00,2018,9,3.264,102.219,Strait of Malacca,Crude Oil Tanker,Attempted,0,0,AK-47,Crude Oil Tanker attacked by Free Aceh splinter (historical) underway in transit lane. MOA: crew rob & flee in <30 min. Weapons observed: RPG-7. approach broken off after master sounded alarm and engaged firehoses.
ASAM-2014-01044,2005-06-22T18:56:00,2005,6,11.8345,48.6042,Gulf of Aden,General Cargo,Boarded,0,0,Knives,"General Cargo attacked by Puntland-based PAG approx 85nm offshore. MOA: grappling hook boarding at low freeboard. Weapons observed: RPG-7. boarders rifled bridge & masters cabin, stole cash and electronics."
ASAM-2015-01045,1999-01-16T19:47:00,1999,1,2.8002,100.0655,Strait of Malacca,General Cargo,Attempted,0,0,Unknown,General Cargo attacked by Riau Archipelago armed robbers approx 188nm offshore. MOA: crew rob & flee in <30 min. Weapons observed: AK-47. approach broken off after master sounded alarm and engaged firehoses.
ASAM-2016-01046,2004-06-14T22:17:00,2004,6,12.0866,47.8093,Gulf of Aden,Container Ship,Fired Upon,0,0,AK-47,"Container Ship attacked by Hobyo-Harardhere PAG underway in transit lane. MOA: AK-47 small arms suppression. Weapons observed: AK-47. master engaged evasive maneuvers, RPG and small arms fire received."
ASAM-2017-01047,2004-01-20T17:20:00,2004,1,4.3335,99.5315,Strait of Malacca,Crude Oil Tanker,Boarded,1,0,Small arms,"Crude Oil Tanker attacked by Free Aceh splinter (historical) at anchorage. MOA: crew rob & flee in <30 min. Weapons observed: small arms. boarders rifled bridge & masters cabin, stole cash and electronics; 3 crew sustained injuries."
ASAM-2018-01048,2018-06-28T03:07:00,2018,6,5.4653,7.4798,Gulf of Guinea,Bulk Carrier,Attempted,0,0,Unknown,Bulk Carrier attacked by Niger Delta militant offshoot in narrow channel. MOA: fast attack craft >150nm offshore. Weapons observed: knives/machetes. approach broken off after master sounded alarm and engaged firehoses.
ASAM-2019-01049,2021-11-23T21:57:00,2021,11,3.0468,102.367,Strait of Malacca,Fishing Vessel,Fired Upon,0,0,RPG,"Fishing Vessel attacked by Riau Archipelago armed robbers in narrow channel. MOA: knife-armed boarders, no firearms. Weapons observed: knives/machetes. master engaged evasive maneuvers, RPG and small arms fire received."
ASAM-2020-01050,2006-08-25T13:48:00,2006,8,5.5502,6.1122,Gulf of Guinea,Crude Oil Tanker,Boarded,0,0,RPG,"Crude Oil Tanker attacked by Nigerian kidnap-for-ransom cell at anchorage. MOA: fast attack craft >150nm offshore. Weapons observed: small arms. boarders rifled bridge & masters cabin, stole cash and electronics."
ASAM-2021-01051,2012-01-08T22:10:00,2012,1,12.674,48.3605,Gulf of Aden,Container Ship,Boarded,0,0,RPG,"Container Ship attacked by Hobyo-Harardhere PAG in narrow channel. MOA: mothership-launched skiff swarm. Weapons observed: AK-47. boarders rifled bridge & masters cabin, stole cash and electronics."
ASAM-2022-01052,2020-12-16T02:35:00,2020,12,2.3854,4.707,Gulf of Guinea,Bulk Carrier,Suspicious Approach,0,0,Small arms,Bulk Carrier attacked by Nigerian kidnap-for-ransom cell approx 59nm offshore. MOA: tanker product theft (siphon). Weapons observed: AK-47. unidentified skiff shadowed vessel for 18 minutes before withdrawing.
ASAM-2023-01053,2014-08-26T05:03:00,2014,8,3.7704,98.4363,Strait of Malacca,Tug & Barge,Attempted,0,0,Unknown,"Tug & Barge attacked by Indonesian coastal gang in narrow channel. MOA: knife-armed boarders, no firearms. Weapons observed: AK-47. approach broken off after master sounded alarm and engaged firehoses."
ASAM-2024-01054,2011-02-17T19:52:00,2011,2,12.2787,47.9605,Gulf of Aden,Crude Oil Tanker,Attempted,0,0,Knives,Crude Oil Tanker attacked by Puntland-based PAG in narrow channel. MOA: mothership-launched skiff swarm. Weapons observed: AK-47. approach broken off after master sounded alarm and engaged firehoses.
ASAM-2025-01055,2009-10-07T20:24:00,2009,10,11.576,50.2035,Gulf of Aden,Bulk Carrier,Hijacked,0,25,Unknown,"Bulk Carrier attacked by Somali pirate skiff network at anchorage. MOA: RPG warning shot then boarding. Weapons observed: M16 + RPG. vessel hijacked, crew of 23 taken to coastal anchorage; 25 crew taken hostage; ransom demand transmitted within 72h."
ASAM-1993-01056,2004-12-24T02:56:00,2004,12,1.372,100.4275,Strait of Malacca,Crude Oil Tanker,Hijacked,1,14,AK-47,"Crude Oil Tanker attacked by Riau Archipelago armed robbers underway in transit lane. MOA: nighttime stealth boarding at anchorage. Weapons observed: M16 + RPG. vessel hijacked, crew of 12 taken to coastal anchorage; 1 crew sustained injuries; 14 crew taken hostage; ransom demand transmitted within 72h."
ASAM-1994-01057,2000-01-23T03:16:00,2000,1,2.4228,98.6678,Strait of Malacca,Crude Oil Tanker,Attempted,0,0,Knives,Crude Oil Tanker attacked by Riau Archipelago armed robbers in narrow channel. MOA: nighttime stealth boarding at anchorage. Weapons observed: RPG-7. approach broken off after master sounded alarm and engaged firehoses.
ASAM-1995-01058,1993-05-01T22:37:00,1993,5,12.0897,52.6174,Gulf of Aden,Fishing Vessel,Attempted,0,0,Small arms,Fishing Vessel attacked by Somali pirate skiff network at anchorage. MOA: RPG warning shot then boarding. Weapons observed: small arms. approach broken off after master sounded alarm and engaged firehoses.
ASAM-1996-01059,2020-10-18T03:17:00,2020,10,3.4417,100.7541,Strait of Malacca,General Cargo,Fired Upon,0,0,RPG,"General Cargo attacked by Riau Archipelago armed robbers underway in transit lane. MOA: knife-armed boarders, no firearms. Weapons observed: M16 + RPG. master engaged evasive maneuvers, RPG and small arms fire received."
ASAM-1997-01060,2016-03-11T03:29:00,2016,3,10.1954,115.1979,South China Sea,Bulk Carrier,Boarded,0,3,AK-47,"Bulk Carrier attacked by Filipino anchor-rob crew underway in transit lane. MOA: stealth anchorage boarding. Weapons observed: M16 + RPG. boarders rifled bridge & masters cabin, stole cash and electronics; 3 crew taken hostage; ransom demand transmitted within 72h."
ASAM-1998-01061,1999-05-11T02:42:00,1999,5,3.6233,98.8416,Strait of Malacca,Fishing Vessel,Boarded,0,0,AK-47,"Fishing Vessel attacked by Indonesian coastal gang at anchorage. MOA: nighttime stealth boarding at anchorage. Weapons observed: M16 + RPG. boarders rifled bridge & masters cabin, stole cash and electronics."
ASAM-1999-01062,2023-12-28T22:12:00,2023,12,11.4641,50.6775,Gulf of Aden,Fishing Vessel,Hijacked,0,15,Unknown,"Fishing Vessel attacked by Hobyo-Harardhere PAG underway in transit lane. MOA: mothership-launched skiff swarm. Weapons observed: M16 + RPG. vessel hijacked, crew of 26 taken to coastal anchorage; 15 crew taken hostage; ransom demand transmitted within 72h."
ASAM-2000-01063,2002-04-24T05:55:00,2002,4,1.9593,2.6591,Gulf of Guinea,Tug & Barge,Suspicious Approach,0,0,RPG,Tug & Barge attacked by Nigerian kidnap-for-ransom cell in narrow channel. MOA: kidnap-for-ransom of officers. Weapons observed: knives/machetes. unidentified skiff shadowed vessel for 18 minutes before withdrawing.
ASAM-2001-01064,2014-04-18T21:59:00,2014,4,5.4142,2.8079,Gulf of Guinea,Offshore Supply,Hijacked,0,24,Knives,"Offshore Supply attacked by Bakassi Strike Force remnant at anchorage. MOA: fast attack craft >150nm offshore. Weapons observed: small arms. vessel hijacked, crew of 18 taken to coastal anchorage; 24 crew taken hostage; ransom demand transmitted within 72h."
ASAM-2002-01065,2008-03-27T01:17:00,2008,3,12.5702,46.9213,Gulf of Aden,Tug & Barge,Fired Upon,0,0,AK-47,"Tug & Barge attacked by Hobyo-Harardhere PAG approx 96nm offshore. MOA: grappling hook boarding at low freeboard. Weapons observed: AK-47. master engaged evasive maneuvers, RPG and small arms fire received."
ASAM-2003-01066,2010-10-20T20:51:00,2010,10,13.9583,46.4406,Gulf of Aden,Fishing Vessel,Fired Upon,0,0,AK-47,"Fishing Vessel attacked by Hobyo-Harardhere PAG in narrow channel. MOA: RPG warning shot then boarding. Weapons observed: AK-47. master engaged evasive maneuvers, RPG and small arms fire received."
ASAM-2004-01067,2020-05-27T04:03:00,2020,5,2.3877,4.996,Gulf of Guinea,General Cargo,Fired Upon,0,0,Unknown,"General Cargo attacked by Bakassi Strike Force remnant at anchorage. MOA: fast attack craft >150nm offshore. Weapons observed: knives/machetes. master engaged evasive maneuvers, RPG and small arms fire received."
ASAM-2005-01068,2003-07-07T06:46:00,2003,7,3.9038,101.79,Strait of Malacca,Bulk Carrier,Fired Upon,0,0,Unknown,"Bulk Carrier attacked by Indonesian coastal gang at anchorage. MOA: nighttime stealth boarding at anchorage. Weapons observed: AK-47. master engaged evasive maneuvers, RPG and small arms fire received."
ASAM-2006-01069,2018-06-04T20:10:00,2018,6,7.0738,121.5244,Sulu Sea,Tug & Barge,Fired Upon,0,0,AK-47,"Tug & Barge attacked by Sulu archipelago kidnapping ring approx 232nm offshore. MOA: speedboat intercept tug & barge. Weapons observed: knives/machetes. master engaged evasive maneuvers, RPG and small arms fire received."
ASAM-2007-01070,2016-12-08T09:56:00,2016,12,6.8321,119.5206,Sulu Sea,Fishing Vessel,Hijacked,0,16,RPG,"Fishing Vessel attacked by Sulu archipelago kidnapping ring approx 246nm offshore. MOA: M16 + RPG armed boarding. Weapons observed: knives/machetes. vessel hijacked, crew of 18 taken to coastal anchorage; 16 crew taken hostage; ransom demand transmitted within 72h."
ASAM-2008-01071,1998-12-06T22:25:00,1998,12,14.2372,51.9664,Gulf of Aden,Container Ship,Boarded,0,5,RPG,"Container Ship attacked by Puntland-based PAG in narrow channel. MOA: mothership-launched skiff swarm. Weapons observed: knives/machetes. boarders rifled bridge & masters cabin, stole cash and electronics; 5 crew taken hostage; ransom demand transmitted within 72h."
ASAM-2009-01072,2018-03-22T01:44:00,2018,3,5.3892,5.5911,Gulf of Guinea,General Cargo,Boarded,0,0,RPG,"General Cargo attacked by Bakassi Strike Force remnant underway in transit lane. MOA: tanker product theft (siphon). Weapons observed: M16 + RPG. boarders rifled bridge & masters cabin, stole cash and electronics."
ASAM-2010-01073,2018-01-26T09:50:00,2018,1,6.2661,119.6215,Sulu Sea,LPG/LNG Tanker,Suspicious Approach,0,0,Knives,LPG/LNG Tanker attacked by Sulu archipelago kidnapping ring at anchorage. MOA: M16 + RPG armed boarding. Weapons observed: small arms. unidentified skiff shadowed vessel for 18 minutes before withdrawing.
ASAM-2011-01074,2021-12-25T01:15:00,2021,12,6.0568,5.1819,Gulf of Guinea,Container Ship,Attempted,0,0,RPG,Container Ship attacked by Bakassi Strike Force remnant in narrow channel. MOA: fast attack craft >150nm offshore. Weapons observed: knives/machetes. approach broken off after master sounded alarm and engaged firehoses.
ASAM-2012-01075,2009-10-01T03:45:00,2009,10,5.697,5.8595,Gulf of Guinea,Container Ship,Attempted,0,0,RPG,Container Ship attacked by Nigerian kidnap-for-ransom cell approx 130nm offshore. MOA: AK-47 + GPMG armed boarding. Weapons observed: M16 + RPG. approach broken off after master sounded alarm and engaged firehoses.
ASAM-2013-01076,2020-11-04T20:33:00,2020,11,0.4244,8.777,Gulf of Guinea,Bulk Carrier,Suspicious Approach,0,0,Small arms,Bulk Carrier attacked by Nigerian kidnap-for-ransom cell approx 108nm offshore. MOA: tanker product theft (siphon). Weapons observed: small arms. unidentified skiff shadowed vessel for 18 minutes before withdrawing.
ASAM-2014-01077,2003-05-13T17:17:00,2003,5,6.6702,121.3688,Sulu Sea,Bulk Carrier,Attempted,0,0,Knives,Bulk Carrier attacked by BIFF splinter group in narrow channel. MOA: M16 + RPG armed boarding. Weapons observed: RPG-7. approach broken off after master sounded alarm and engaged firehoses.
ASAM-2015-01078,2005-08-07T00:40:00,2005,8,2.8739,102.2979,Strait of Malacca,Chemical Tanker,Boarded,1,0,RPG,"Chemical Tanker attacked by Free Aceh splinter (historical) in narrow channel. MOA: nighttime stealth boarding at anchorage. Weapons observed: small arms. boarders rifled bridge & masters cabin, stole cash and electronics; 1 crew sustained injuries."
ASAM-2016-01079,2006-07-16T22:27:00,2006,7,4.5503,101.328,Strait of Malacca,Container Ship,Attempted,0,0,AK-47,"Container Ship attacked by Indonesian coastal gang in narrow channel. MOA: knife-armed boarders, no firearms. Weapons observed: M16 + RPG. approach broken off after master sounded alarm and engaged firehoses."
ASAM-2017-01080,2008-08-20T03:13:00,2008,8,6.1677,121.5002,Sulu Sea,Crude Oil Tanker,Attempted,0,0,AK-47,Crude Oil Tanker attacked by Abu Sayyaf maritime cell approx 194nm offshore. MOA: abduction of fishing crew. Weapons observed: RPG-7. approach broken off after master sounded alarm and engaged firehoses.
ASAM-2018-01081,1994-03-09T21:28:00,1994,3,13.1679,50.4019,Gulf of Aden,Tug & Barge,Boarded,0,0,AK-47,"Tug & Barge attacked by Hobyo-Harardhere PAG at anchorage. MOA: mothership-launched skiff swarm. Weapons observed: M16 + RPG. boarders rifled bridge & masters cabin, stole cash and electronics."
ASAM-2019-01082,2009-07-26T19:04:00,2009,7,12.7291,46.3415,Gulf of Aden,Bulk Carrier,Attempted,0,0,Knives,Bulk Carrier attacked by Puntland-based PAG underway in transit lane. MOA: AK-47 small arms suppression. Weapons observed: RPG-7. approach broken off after master sounded alarm and engaged firehoses.
ASAM-2020-01083,1994-09-01T15:58:00,1994,9,5.6866,118.9007,Sulu Sea,Chemical Tanker,Attempted,0,0,Unknown,Chemical Tanker attacked by Abu Sayyaf maritime cell underway in transit lane. MOA: hostage transfer to Jolo island camps. Weapons observed: RPG-7. approach broken off after master sounded alarm and engaged firehoses.
ASAM-2021-01084,2015-01-01T18:35:00,2015,1,11.3308,-63.7782,Caribbean / Venezuelan,Chemical Tanker,Boarded,0,0,AK-47,"Chemical Tanker attacked by Trinidad-Tobago smuggler crew in narrow channel. MOA: small arms intimidation. Weapons observed: small arms. boarders rifled bridge & masters cabin, stole cash and electronics."
ASAM-2022-01085,2021-10-14T04:35:00,2021,10,4.9322,6.9032,Gulf of Guinea,Bulk Carrier,Boarded,1,0,RPG,"Bulk Carrier attacked by Nigerian kidnap-for-ransom cell in narrow channel. MOA: fast attack craft >150nm offshore. Weapons observed: small arms. boarders rifled bridge & masters cabin, stole cash and electronics; 3 crew sustained injuries."
ASAM-2023-01086,2021-09-15T21:52:00,2021,9,5.7432,4.2581,Gulf of Guinea,Fishing Vessel,Hijacked,0,17,RPG,"Fishing Vessel attacked by Nigerian kidnap-for-ransom cell in narrow channel. MOA: AK-47 + GPMG armed boarding. Weapons observed: small arms. vessel hijacked, crew of 21 taken to coastal anchorage; 17 crew taken hostage; ransom demand transmitted within 72h."
ASAM-2024-01087,2016-10-01T19:20:00,2016,10,5.3118,119.9106,Sulu Sea,Bulk Carrier,Fired Upon,0,0,AK-47,"Bulk Carrier attacked by Sulu archipelago kidnapping ring in narrow channel. MOA: hostage transfer to Jolo island camps. Weapons observed: RPG-7. master engaged evasive maneuvers, RPG and small arms fire received."
ASAM-2025-01088,2024-12-09T18:21:00,2024,12,12.1853,-67.4842,Caribbean / Venezuelan,Container Ship,Attempted,0,0,Knives,Container Ship attacked by Venezuelan coastal gang underway in transit lane. MOA: crew theft + minor injuries. Weapons observed: small arms. approach broken off after master sounded alarm and engaged firehoses.
ASAM-1993-01089,2006-11-14T19:54:00,2006,11,3.0699,100.6435,Strait of Malacca,Chemical Tanker,Boarded,1,0,Knives,"Chemical Tanker attacked by Riau Archipelago armed robbers approx 260nm offshore. MOA: knife-armed boarders, no firearms. Weapons observed: knives/machetes. boarders rifled bridge & masters cabin, stole cash and electronics; 2 crew sustained injuries."
ASAM-1994-01090,2019-02-10T02:33:00,2019,2,2.4477,5.6232,Gulf of Guinea,Chemical Tanker,Boarded,1,0,Knives,"Chemical Tanker attacked by Niger Delta militant offshoot at anchorage. MOA: tanker product theft (siphon). Weapons observed: small arms. boarders rifled bridge & masters cabin, stole cash and electronics; 2 crew sustained injuries."
ASAM-1995-01091,2004-03-02T04:53:00,2004,3,3.052,99.819,Strait of Malacca,Tug & Barge,Boarded,0,0,AK-47,"Tug & Barge attacked by Riau Archipelago armed robbers approx 160nm offshore. MOA: crew rob & flee in <30 min. Weapons observed: AK-47. boarders rifled bridge & masters cabin, stole cash and electronics."
ASAM-1996-01092,1998-09-22T20:58:00,1998,9,12.6644,47.0885,Gulf of Aden,Fishing Vessel,Boarded,0,0,AK-47,"Fishing Vessel attacked by Puntland-based PAG approx 84nm offshore. MOA: AK-47 small arms suppression. Weapons observed: small arms. boarders rifled bridge & masters cabin, stole cash and electronics."
ASAM-1997-01093,2002-10-25T05:18:00,2002,10,14.4882,48.6287,Gulf of Aden,Bulk Carrier,Attempted,0,0,Small arms,Bulk Carrier attacked by Somali pirate skiff network approx 167nm offshore. MOA: AK-47 small arms suppression. Weapons observed: AK-47. approach broken off after master sounded alarm and engaged firehoses.
ASAM-1998-01094,2004-08-18T20:06:00,2004,8,0.6667,11.3732,Gulf of Guinea,Container Ship,Attempted,0,0,AK-47,Container Ship attacked by Bakassi Strike Force remnant approx 111nm offshore. MOA: kidnap-for-ransom of officers. Weapons observed: small arms. approach broken off after master sounded alarm and engaged firehoses.
ASAM-1999-01095,2017-12-10T00:14:00,2017,12,6.1033,119.1453,Sulu Sea,Fishing Vessel,Boarded,0,0,Small arms,"Fishing Vessel attacked by BIFF splinter group underway in transit lane. MOA: M16 + RPG armed boarding. Weapons observed: knives/machetes. boarders rifled bridge & masters cabin, stole cash and electronics."
ASAM-2000-01096,2022-03-23T03:19:00,2022,3,7.5899,113.5446,South China Sea,Bulk Carrier,Boarded,0,0,AK-47,"Bulk Carrier attacked by Vietnamese coastal robbers approx 145nm offshore. MOA: product theft (diesel siphoning). Weapons observed: M16 + RPG. boarders rifled bridge & masters cabin, stole cash and electronics."
ASAM-2001-01097,2005-02-28T18:02:00,2005,2,2.7209,98.6238,Strait of Malacca,Fishing Vessel,Suspicious Approach,0,0,AK-47,Fishing Vessel attacked by Free Aceh splinter (historical) underway in transit lane. MOA: nighttime stealth boarding at anchorage. Weapons observed: small arms. unidentified skiff shadowed vessel for 18 minutes before withdrawing.
ASAM-2002-01098,1994-03-12T21:34:00,1994,3,7.316,120.8101,Sulu Sea,Container Ship,Attempted,0,0,AK-47,Container Ship attacked by Abu Sayyaf maritime cell approx 26nm offshore. MOA: hostage transfer to Jolo island camps. Weapons observed: knives/machetes. approach broken off after master sounded alarm and engaged firehoses.
ASAM-2003-01099,2006-10-05T01:12:00,2006,10,3.781,101.8608,Strait of Malacca,LPG/LNG Tanker,Boarded,1,0,Unknown,"LPG/LNG Tanker attacked by Free Aceh splinter (historical) at anchorage. MOA: fast skiff rob at narrow channel. Weapons observed: AK-47. boarders rifled bridge & masters cabin, stole cash and electronics; 1 crew sustained injuries."
ASAM-2004-01100,2019-08-13T08:45:00,2019,8,11.2097,-63.7137,Caribbean / Venezuelan,Chemical Tanker,Boarded,0,0,AK-47,"Chemical Tanker attacked by Venezuelan coastal gang approx 41nm offshore. MOA: small arms intimidation. Weapons observed: M16 + RPG. boarders rifled bridge & masters cabin, stole cash and electronics."
ASAM-2005-01101,2016-05-28T04:56:00,2016,5,6.8411,120.2459,Sulu Sea,Bulk Carrier,Suspicious Approach,0,0,RPG,Bulk Carrier attacked by Sulu archipelago kidnapping ring approx 32nm offshore. MOA: hostage transfer to Jolo island camps. Weapons observed: knives/machetes. unidentified skiff shadowed vessel for 18 minutes before withdrawing.
ASAM-2006-01102,2018-06-17T02:49:00,2018,6,12.0672,47.7475,Gulf of Aden,Bulk Carrier,Attempted,0,0,RPG,Bulk Carrier attacked by Somali pirate skiff network in narrow channel. MOA: grappling hook boarding at low freeboard. Weapons observed: M16 + RPG. approach broken off after master sounded alarm and engaged firehoses.
ASAM-2007-01103,2004-12-28T00:38:00,2004,12,5.9924,100.4564,Strait of Malacca,Chemical Tanker,Fired Upon,1,0,Knives,"Chemical Tanker attacked by Free Aceh splinter (historical) in narrow channel. MOA: knife-armed boarders, no firearms. Weapons observed: AK-47. master engaged evasive maneuvers, RPG and small arms fire received; 4 crew sustained injuries."
ASAM-2008-01104,2013-10-13T16:54:00,2013,10,2.4189,4.2485,Gulf of Guinea,General Cargo,Boarded,1,2,AK-47,"General Cargo attacked by Niger Delta militant offshoot at anchorage. MOA: tanker product theft (siphon). Weapons observed: M16 + RPG. boarders rifled bridge & masters cabin, stole cash and electronics; 2 crew sustained injuries; 2 crew taken hostage; ransom demand transmitted within 72h."
ASAM-2009-01105,2004-09-28T05:22:00,2004,9,4.0432,97.8351,Strait of Malacca,Bulk Carrier,Boarded,0,0,Small arms,"Bulk Carrier attacked by Riau Archipelago armed robbers at anchorage. MOA: nighttime stealth boarding at anchorage. Weapons observed: knives/machetes. boarders rifled bridge & masters cabin, stole cash and electronics."
ASAM-2010-01106,2018-12-02T05:32:00,2018,12,5.1635,3.5303,Gulf of Guinea,Container Ship,Fired Upon,1,0,RPG,"Container Ship attacked by Bakassi Strike Force remnant approx 267nm offshore. MOA: fast attack craft >150nm offshore. Weapons observed: AK-47. master engaged evasive maneuvers, RPG and small arms fire received; 4 crew sustained injuries."
ASAM-2011-01107,2007-07-26T22:51:00,2007,7,2.7705,100.1663,Strait of Malacca,General Cargo,Suspicious Approach,0,0,Small arms,General Cargo attacked by Indonesian coastal gang approx 68nm offshore. MOA: crew rob & flee in <30 min. Weapons observed: AK-47. unidentified skiff shadowed vessel for 18 minutes before withdrawing.
ASAM-2012-01108,2008-12-12T03:04:00,2008,12,13.9734,49.9204,Gulf of Aden,Crude Oil Tanker,Boarded,0,0,RPG,"Crude Oil Tanker attacked by Puntland-based PAG approx 140nm offshore. MOA: grappling hook boarding at low freeboard. Weapons observed: knives/machetes. boarders rifled bridge & masters cabin, stole cash and electronics."
ASAM-2013-01109,2016-06-28T02:34:00,2016,6,10.2464,115.7246,South China Sea,LPG/LNG Tanker,Boarded,0,0,Knives,"LPG/LNG Tanker attacked by Filipino anchor-rob crew at anchorage. MOA: stealth anchorage boarding. Weapons observed: knives/machetes. boarders rifled bridge & masters cabin, stole cash and electronics."
ASAM-2014-01110,2025-08-17T02:16:00,2025,8,10.8349,112.3378,South China Sea,Yacht,Boarded,0,0,Unknown,"Yacht attacked by Filipino anchor-rob crew approx 138nm offshore. MOA: product theft (diesel siphoning). Weapons observed: small arms. boarders rifled bridge & masters cabin, stole cash and electronics."
ASAM-2015-01111,2016-05-17T04:45:00,2016,5,8.9178,112.0627,South China Sea,Bulk Carrier,Boarded,0,0,RPG,"Bulk Carrier attacked by Filipino anchor-rob crew approx 79nm offshore. MOA: stealth anchorage boarding. Weapons observed: small arms. boarders rifled bridge & masters cabin, stole cash and electronics."
ASAM-2016-01112,1998-12-11T00:46:00,1998,12,6.4298,119.8837,Sulu Sea,Container Ship,Hijacked,0,16,Small arms,"Container Ship attacked by Abu Sayyaf maritime cell underway in transit lane. MOA: abduction of fishing crew. Weapons observed: AK-47. vessel hijacked, crew of 18 taken to coastal anchorage; 16 crew taken hostage; ransom demand transmitted within 72h."
ASAM-2017-01113,2021-06-24T10:05:00,2021,6,2.6153,4.8355,Gulf of Guinea,Tug & Barge,Fired Upon,0,0,Small arms,"Tug & Barge attacked by Nigerian kidnap-for-ransom cell at anchorage. MOA: AK-47 + GPMG armed boarding. Weapons observed: knives/machetes. master engaged evasive maneuvers, RPG and small arms fire received."
ASAM-2018-01114,2015-01-09T02:33:00,2015,1,14.2861,49.4177,Gulf of Aden,Container Ship,Boarded,0,0,RPG,"Container Ship attacked by Puntland-based PAG underway in transit lane. MOA: mothership-launched skiff swarm. Weapons observed: knives/machetes. boarders rifled bridge & masters cabin, stole cash and electronics."
ASAM-2019-01115,2017-04-16T05:46:00,2017,4,5.3733,122.0849,Sulu Sea,Offshore Supply,Hijacked,1,12,Small arms,"Offshore Supply attacked by BIFF splinter group underway in transit lane. MOA: abduction of fishing crew. Weapons observed: small arms. vessel hijacked, crew of 17 taken to coastal anchorage; 2 crew sustained injuries; 12 crew taken hostage; ransom demand transmitted within 72h."
ASAM-2020-01116,2004-02-04T20:02:00,2004,2,3.9985,99.8486,Strait of Malacca,Bulk Carrier,Attempted,0,0,RPG,Bulk Carrier attacked by Free Aceh splinter (historical) at anchorage. MOA: crew rob & flee in <30 min. Weapons observed: M16 + RPG. approach broken off after master sounded alarm and engaged firehoses.
ASAM-2021-01117,2020-03-03T19:58:00,2020,3,3.9312,3.453,Gulf of Guinea,Bulk Carrier,Attempted,0,0,RPG,Bulk Carrier attacked by Bakassi Strike Force remnant approx 161nm offshore. MOA: tanker product theft (siphon). Weapons observed: knives/machetes. approach broken off after master sounded alarm and engaged firehoses.
ASAM-2022-01118,2019-10-06T07:37:00,2019,10,12.9272,-62.2888,Caribbean / Venezuelan,Fishing Vessel,Attempted,0,0,Small arms,Fishing Vessel attacked by Trinidad-Tobago smuggler crew at anchorage. MOA: yacht boarding at anchorage. Weapons observed: small arms. approach broken off after master sounded alarm and engaged firehoses.
ASAM-2023-01119,2008-07-18T11:08:00,2008,7,13.5302,50.1859,Gulf of Aden,Chemical Tanker,Boarded,0,2,Small arms,"Chemical Tanker attacked by Hobyo-Harardhere PAG approx 68nm offshore. MOA: AK-47 small arms suppression. Weapons observed: RPG-7. boarders rifled bridge & masters cabin, stole cash and electronics; 2 crew taken hostage; ransom demand transmitted within 72h."
ASAM-2024-01120,2009-01-28T21:36:00,2009,1,14.307,51.855,Gulf of Aden,Bulk Carrier,Boarded,0,0,Knives,"Bulk Carrier attacked by Somali pirate skiff network underway in transit lane. MOA: mothership-launched skiff swarm. Weapons observed: AK-47. boarders rifled bridge & masters cabin, stole cash and electronics."
ASAM-2025-01121,2016-07-03T19:44:00,2016,7,6.0933,120.7652,Sulu Sea,Bulk Carrier,Hijacked,0,11,AK-47,"Bulk Carrier attacked by Sulu archipelago kidnapping ring at anchorage. MOA: hostage transfer to Jolo island camps. Weapons observed: M16 + RPG. vessel hijacked, crew of 15 taken to coastal anchorage; 11 crew taken hostage; ransom demand transmitted within 72h."
ASAM-1993-01122,2021-09-17T01:25:00,2021,9,5.7002,6.4501,Gulf of Guinea,Chemical Tanker,Attempted,0,0,Knives,Chemical Tanker attacked by Nigerian kidnap-for-ransom cell in narrow channel. MOA: kidnap-for-ransom of officers. Weapons observed: RPG-7. approach broken off after master sounded alarm and engaged firehoses.
ASAM-1994-01123,1999-04-27T01:41:00,1999,4,4.698,4.6374,Gulf of Guinea,Crude Oil Tanker,Boarded,0,4,AK-47,"Crude Oil Tanker attacked by Bakassi Strike Force remnant underway in transit lane. MOA: kidnap-for-ransom of officers. Weapons observed: AK-47. boarders rifled bridge & masters cabin, stole cash and electronics; 4 crew taken hostage; ransom demand transmitted within 72h."
ASAM-1995-01124,2006-06-19T02:37:00,2006,6,3.2212,99.1619,Strait of Malacca,Chemical Tanker,Attempted,0,0,Knives,Chemical Tanker attacked by Free Aceh splinter (historical) at anchorage. MOA: fast skiff rob at narrow channel. Weapons observed: knives/machetes. approach broken off after master sounded alarm and engaged firehoses.
ASAM-1996-01125,2009-03-03T23:39:00,2009,3,12.8596,48.5271,Gulf of Aden,RoRo Vehicle Carrier,Boarded,0,0,RPG,"RoRo Vehicle Carrier attacked by Puntland-based PAG at anchorage. MOA: AK-47 small arms suppression. Weapons observed: small arms. boarders rifled bridge & masters cabin, stole cash and electronics."
ASAM-1997-01126,2009-08-08T02:58:00,2009,8,14.5057,47.6978,Gulf of Aden,Container Ship,Attempted,0,0,AK-47,Container Ship attacked by Hobyo-Harardhere PAG at anchorage. MOA: mothership-launched skiff swarm. Weapons observed: RPG-7. approach broken off after master sounded alarm and engaged firehoses.
ASAM-1998-01127,2010-12-13T04:43:00,2010,12,11.3231,50.4563,Gulf of Aden,Container Ship,Boarded,0,0,Knives,"Container Ship attacked by Hobyo-Harardhere PAG in narrow channel. MOA: RPG warning shot then boarding. Weapons observed: RPG-7. boarders rifled bridge & masters cabin, stole cash and electronics."
ASAM-1999-01128,2022-11-13T16:00:00,2022,11,7.9425,4.1801,Gulf of Guinea,Crude Oil Tanker,Attempted,0,0,Knives,Crude Oil Tanker attacked by Bakassi Strike Force remnant underway in transit lane. MOA: kidnap-for-ransom of officers. Weapons observed: small arms. approach broken off after master sounded alarm and engaged firehoses.
ASAM-2000-01129,2012-08-09T09:03:00,2012,8,13.0088,48.3277,Gulf of Aden,Bulk Carrier,Attempted,0,0,RPG,Bulk Carrier attacked by Somali pirate skiff network at anchorage. MOA: grappling hook boarding at low freeboard. Weapons observed: small arms. approach broken off after master sounded alarm and engaged firehoses.
ASAM-2001-01130,2021-03-06T03:39:00,2021,3,3.0445,6.2214,Gulf of Guinea,Tug & Barge,Boarded,1,2,Small arms,"Tug & Barge attacked by Niger Delta militant offshoot approx 107nm offshore. MOA: kidnap-for-ransom of officers. Weapons observed: small arms. boarders rifled bridge & masters cabin, stole cash and electronics; 4 crew sustained injuries; 2 crew taken hostage; ransom demand transmitted within 72h."
ASAM-2002-01131,2017-07-17T19:37:00,2017,7,11.7802,48.8484,Gulf of Aden,Fishing Vessel,Attempted,0,0,Small arms,Fishing Vessel attacked by Somali pirate skiff network approx 62nm offshore. MOA: RPG warning shot then boarding. Weapons observed: knives/machetes. approach broken off after master sounded alarm and engaged firehoses.
ASAM-2003-01132,2015-12-27T10:50:00,2015,12,7.0817,120.149,Sulu Sea,Bulk Carrier,Boarded,0,1,Unknown,"Bulk Carrier attacked by Sulu archipelago kidnapping ring at anchorage. MOA: M16 + RPG armed boarding. Weapons observed: knives/machetes. boarders rifled bridge & masters cabin, stole cash and electronics; 1 crew taken hostage; ransom demand transmitted within 72h."
ASAM-2004-01133,2020-12-03T18:48:00,2020,12,3.2789,4.3473,Gulf of Guinea,Offshore Supply,Suspicious Approach,0,0,Unknown,Offshore Supply attacked by Niger Delta militant offshoot underway in transit lane. MOA: kidnap-for-ransom of officers. Weapons observed: AK-47. unidentified skiff shadowed vessel for 18 minutes before withdrawing.
ASAM-2005-01134,2009-11-26T23:17:00,2009,11,13.1207,48.5072,Gulf of Aden,Bulk Carrier,Boarded,0,0,Knives,"Bulk Carrier attacked by Puntland-based PAG in narrow channel. MOA: AK-47 small arms suppression. Weapons observed: AK-47. boarders rifled bridge & masters cabin, stole cash and electronics."
ASAM-2006-01135,2009-08-16T23:59:00,2009,8,12.5496,50.5483,Gulf of Aden,Offshore Supply,Boarded,1,0,RPG,"Offshore Supply attacked by Puntland-based PAG in narrow channel. MOA: mothership-launched skiff swarm. Weapons observed: small arms. boarders rifled bridge & masters cabin, stole cash and electronics; 1 crew sustained injuries."
ASAM-2007-01136,2019-05-15T03:17:00,2019,5,5.0058,6.6772,Gulf of Guinea,LPG/LNG Tanker,Attempted,0,0,Unknown,LPG/LNG Tanker attacked by Niger Delta militant offshoot approx 180nm offshore. MOA: kidnap-for-ransom of officers. Weapons observed: AK-47. approach broken off after master sounded alarm and engaged firehoses.
ASAM-2008-01137,2022-11-06T20:44:00,2022,11,12.2461,-64.588,Caribbean / Venezuelan,Offshore Supply,Attempted,0,0,Knives,Offshore Supply attacked by Venezuelan coastal gang in narrow channel. MOA: yacht boarding at anchorage. Weapons observed: RPG-7. approach broken off after master sounded alarm and engaged firehoses.
ASAM-2009-01138,2005-07-01T19:41:00,2005,7,3.0818,99.6666,Strait of Malacca,Container Ship,Hijacked,0,25,Small arms,"Container Ship attacked by Free Aceh splinter (historical) at anchorage. MOA: fast skiff rob at narrow channel. Weapons observed: RPG-7. vessel hijacked, crew of 28 taken to coastal anchorage; 25 crew taken hostage; ransom demand transmitted within 72h."
ASAM-2010-01139,2025-02-01T00:58:00,2025,2,5.4887,119.4622,Sulu Sea,Crude Oil Tanker,Attempted,0,0,Knives,Crude Oil Tanker attacked by Abu Sayyaf maritime cell approx 31nm offshore. MOA: M16 + RPG armed boarding. Weapons observed: M16 + RPG. approach broken off after master sounded alarm and engaged firehoses.
ASAM-2011-01140,2008-08-06T22:19:00,2008,8,12.3434,50.7008,Gulf of Aden,Fishing Vessel,Suspicious Approach,0,0,Knives,Fishing Vessel attacked by Somali pirate skiff network underway in transit lane. MOA: RPG warning shot then boarding. Weapons observed: RPG-7. unidentified skiff shadowed vessel for 18 minutes before withdrawing.
ASAM-2012-01141,2012-01-09T19:34:00,2012,1,8.8044,115.19,South China Sea,Chemical Tanker,Hijacked,0,23,Knives,"Chemical Tanker attacked by Filipino anchor-rob crew underway in transit lane. MOA: stealth anchorage boarding. Weapons observed: small arms. vessel hijacked, crew of 23 taken to coastal anchorage; 23 crew taken hostage; ransom demand transmitted within 72h."
ASAM-2013-01142,2022-07-18T21:53:00,2022,7,2.0316,99.9377,Strait of Malacca,Crude Oil Tanker,Boarded,0,0,AK-47,"Crude Oil Tanker attacked by Free Aceh splinter (historical) underway in transit lane. MOA: fast skiff rob at narrow channel. Weapons observed: small arms. boarders rifled bridge & masters cabin, stole cash and electronics."
ASAM-2014-01143,2011-04-20T21:57:00,2011,4,12.9834,51.2731,Gulf of Aden,Bulk Carrier,Attempted,0,0,AK-47,Bulk Carrier attacked by Hobyo-Harardhere PAG underway in transit lane. MOA: RPG warning shot then boarding. Weapons observed: knives/machetes. approach broken off after master sounded alarm and engaged firehoses.
ASAM-2015-01144,2014-02-03T02:50:00,2014,2,8.5185,113.6715,South China Sea,LPG/LNG Tanker,Hijacked,0,10,Knives,"LPG/LNG Tanker attacked by Filipino anchor-rob crew underway in transit lane. MOA: stealth anchorage boarding. Weapons observed: RPG-7. vessel hijacked, crew of 22 taken to coastal anchorage; 10 crew taken hostage; ransom demand transmitted within 72h."
ASAM-2016-01145,2011-05-19T05:05:00,2011,5,15.6884,49.1778,Gulf of Aden,Chemical Tanker,Attempted,0,0,AK-47,Chemical Tanker attacked by Hobyo-Harardhere PAG at anchorage. MOA: AK-47 small arms suppression. Weapons observed: M16 + RPG. approach broken off after master sounded alarm and engaged firehoses.
ASAM-2017-01146,1994-05-25T23:57:00,1994,5,14.246,48.1372,Gulf of Aden,Crude Oil Tanker,Boarded,0,0,AK-47,"Crude Oil Tanker attacked by Somali pirate skiff network in narrow channel. MOA: RPG warning shot then boarding. Weapons observed: AK-47. boarders rifled bridge & masters cabin, stole cash and electronics."
ASAM-2018-01147,1993-12-09T01:03:00,1993,12,4.4873,6.6398,Gulf of Guinea,Yacht,Hijacked,0,24,Small arms,"Yacht attacked by Niger Delta militant offshoot underway in transit lane. MOA: fast attack craft >150nm offshore. Weapons observed: RPG-7. vessel hijacked, crew of 17 taken to coastal anchorage; 24 crew taken hostage; ransom demand transmitted within 72h."
ASAM-2019-01148,2025-09-01T01:46:00,2025,9,4.5554,5.4397,Gulf of Guinea,Container Ship,Attempted,0,0,RPG,Container Ship attacked by Bakassi Strike Force remnant underway in transit lane. MOA: tanker product theft (siphon). Weapons observed: small arms. approach broken off after master sounded alarm and engaged firehoses.
ASAM-2020-01149,2012-01-09T20:15:00,2012,1,11.5921,49.4859,Gulf of Aden,Chemical Tanker,Boarded,0,0,Small arms,"Chemical Tanker attacked by Puntland-based PAG approx 256nm offshore. MOA: AK-47 small arms suppression. Weapons observed: M16 + RPG. boarders rifled bridge & masters cabin, stole cash and electronics."
ASAM-2021-01150,2010-08-12T22:14:00,2010,8,14.3145,52.0449,Gulf of Aden,LPG/LNG Tanker,Attempted,0,0,RPG,LPG/LNG Tanker attacked by Hobyo-Harardhere PAG in narrow channel. MOA: grappling hook boarding at low freeboard. Weapons observed: AK-47. approach broken off after master sounded alarm and engaged firehoses.
ASAM-2022-01151,1995-08-07T23:23:00,1995,8,11.0296,46.5913,Gulf of Aden,Chemical Tanker,Attempted,0,0,AK-47,Chemical Tanker attacked by Puntland-based PAG underway in transit lane. MOA: mothership-launched skiff swarm. Weapons observed: knives/machetes. approach broken off after master sounded alarm and engaged firehoses.
ASAM-2023-01152,2016-12-10T04:23:00,2016,12,10.7468,113.1435,South China Sea,Chemical Tanker,Boarded,0,0,Small arms,"Chemical Tanker attacked by Vietnamese coastal robbers at anchorage. MOA: stealth anchorage boarding. Weapons observed: AK-47. boarders rifled bridge & masters cabin, stole cash and electronics."
ASAM-2024-01153,2019-04-02T07:44:00,2019,4,2.1626,4.9314,Gulf of Guinea,RoRo Vehicle Carrier,Boarded,0,0,Knives,"RoRo Vehicle Carrier attacked by Bakassi Strike Force remnant at anchorage. MOA: AK-47 + GPMG armed boarding. Weapons observed: knives/machetes. boarders rifled bridge & masters cabin, stole cash and electronics."
ASAM-2025-01154,2005-04-22T02:56:00,2005,4,3.501,99.4881,Strait of Malacca,General Cargo,Attempted,0,0,Unknown,General Cargo attacked by Riau Archipelago armed robbers approx 154nm offshore. MOA: nighttime stealth boarding at anchorage. Weapons observed: knives/machetes. approach broken off after master sounded alarm and engaged firehoses.
ASAM-1993-01155,2010-05-13T20:35:00,2010,5,12.4958,49.5736,Gulf of Aden,Chemical Tanker,Boarded,1,0,Knives,"Chemical Tanker attacked by Hobyo-Harardhere PAG at anchorage. MOA: AK-47 small arms suppression. Weapons observed: M16 + RPG. boarders rifled bridge & masters cabin, stole cash and electronics; 1 crew sustained injuries."
ASAM-1994-01156,2009-03-15T19:44:00,2009,3,14.059,46.8118,Gulf of Aden,General Cargo,Hijacked,0,11,RPG,"General Cargo attacked by Somali pirate skiff network in narrow channel. MOA: mothership-launched skiff swarm. Weapons observed: small arms. vessel hijacked, crew of 13 taken to coastal anchorage; 11 crew taken hostage; ransom demand transmitted within 72h."
ASAM-1995-01157,2016-05-16T03:53:00,2016,5,6.8199,121.304,Sulu Sea,Crude Oil Tanker,Hijacked,0,15,Unknown,"Crude Oil Tanker attacked by Abu Sayyaf maritime cell approx 267nm offshore. MOA: speedboat intercept tug & barge. Weapons observed: RPG-7. vessel hijacked, crew of 24 taken to coastal anchorage; 15 crew taken hostage; ransom demand transmitted within 72h."
ASAM-1996-01158,2011-12-28T03:21:00,2011,12,12.7166,49.5873,Gulf of Aden,Offshore Supply,Boarded,0,0,Knives,"Offshore Supply attacked by Somali pirate skiff network underway in transit lane. MOA: RPG warning shot then boarding. Weapons observed: knives/machetes. boarders rifled bridge & masters cabin, stole cash and electronics."
ASAM-1997-01159,2009-09-03T20:02:00,2009,9,11.2095,111.0943,South China Sea,Crude Oil Tanker,Suspicious Approach,0,0,Unknown,Crude Oil Tanker attacked by Vietnamese coastal robbers at anchorage. MOA: product theft (diesel siphoning). Weapons observed: small arms. unidentified skiff shadowed vessel for 18 minutes before withdrawing.
ASAM-1998-01160,2007-10-20T04:43:00,2007,10,7.4688,9.0478,Gulf of Guinea,Tug & Barge,Hijacked,0,20,Small arms,"Tug & Barge attacked by Bakassi Strike Force remnant underway in transit lane. MOA: AK-47 + GPMG armed boarding. Weapons observed: RPG-7. vessel hijacked, crew of 27 taken to coastal anchorage; 20 crew taken hostage; ransom demand transmitted within 72h."
ASAM-1999-01161,2012-08-16T20:12:00,2012,8,13.7537,47.8634,Gulf of Aden,Tug & Barge,Fired Upon,0,0,Knives,"Tug & Barge attacked by Somali pirate skiff network in narrow channel. MOA: grappling hook boarding at low freeboard. Weapons observed: M16 + RPG. master engaged evasive maneuvers, RPG and small arms fire received."
ASAM-2000-01162,2011-06-23T22:30:00,2011,6,12.4323,48.2967,Gulf of Aden,Bulk Carrier,Attempted,0,0,Unknown,Bulk Carrier attacked by Hobyo-Harardhere PAG underway in transit lane. MOA: mothership-launched skiff swarm. Weapons observed: RPG-7. approach broken off after master sounded alarm and engaged firehoses.
ASAM-2001-01163,2011-04-14T05:36:00,2011,4,13.2109,47.6071,Gulf of Aden,General Cargo,Hijacked,0,15,RPG,"General Cargo attacked by Somali pirate skiff network in narrow channel. MOA: mothership-launched skiff swarm. Weapons observed: knives/machetes. vessel hijacked, crew of 21 taken to coastal anchorage; 15 crew taken hostage; ransom demand transmitted within 72h."
ASAM-2002-01164,2007-12-21T03:16:00,2007,12,3.3604,99.3781,Strait of Malacca,Fishing Vessel,Boarded,1,0,Small arms,"Fishing Vessel attacked by Riau Archipelago armed robbers at anchorage. MOA: fast skiff rob at narrow channel. Weapons observed: knives/machetes. boarders rifled bridge & masters cabin, stole cash and electronics; 4 crew sustained injuries."
ASAM-2003-01165,2012-08-21T14:32:00,2012,8,11.7214,50.2454,Gulf of Aden,Crude Oil Tanker,Hijacked,0,23,AK-47,"Crude Oil Tanker attacked by Puntland-based PAG approx 74nm offshore. MOA: grappling hook boarding at low freeboard. Weapons observed: RPG-7. vessel hijacked, crew of 27 taken to coastal anchorage; 23 crew taken hostage; ransom demand transmitted within 72h."
ASAM-2004-01166,2000-02-20T21:15:00,2000,2,4.8232,121.914,Sulu Sea,Crude Oil Tanker,Suspicious Approach,0,0,Unknown,Crude Oil Tanker attacked by BIFF splinter group in narrow channel. MOA: M16 + RPG armed boarding. Weapons observed: knives/machetes. unidentified skiff shadowed vessel for 18 minutes before withdrawing.
ASAM-2005-01167,2011-08-23T02:31:00,2011,8,12.3612,49.1955,Gulf of Aden,Fishing Vessel,Boarded,0,0,AK-47,"Fishing Vessel attacked by Hobyo-Harardhere PAG at anchorage. MOA: grappling hook boarding at low freeboard. Weapons observed: AK-47. boarders rifled bridge & masters cabin, stole cash and electronics."
ASAM-2006-01168,2007-10-18T06:14:00,2007,10,3.1463,6.2748,Gulf of Guinea,General Cargo,Boarded,0,0,Knives,"General Cargo attacked by Bakassi Strike Force remnant underway in transit lane. MOA: kidnap-for-ransom of officers. Weapons observed: RPG-7. boarders rifled bridge & masters cabin, stole cash and electronics."
ASAM-2007-01169,2016-09-24T22:58:00,2016,9,5.5296,121.5982,Sulu Sea,RoRo Vehicle Carrier,Fired Upon,1,0,Unknown,"RoRo Vehicle Carrier attacked by Abu Sayyaf maritime cell at anchorage. MOA: M16 + RPG armed boarding. Weapons observed: knives/machetes. master engaged evasive maneuvers, RPG and small arms fire received; 3 crew sustained injuries."
ASAM-2008-01170,2014-02-01T08:59:00,2014,2,12.326,113.1754,South China Sea,LPG/LNG Tanker,Boarded,0,0,Unknown,"LPG/LNG Tanker attacked by Filipino anchor-rob crew at anchorage. MOA: product theft (diesel siphoning). Weapons observed: small arms. boarders rifled bridge & masters cabin, stole cash and electronics."
ASAM-2009-01171,2021-09-17T19:06:00,2021,9,1.5056,6.157,Gulf of Guinea,Chemical Tanker,Hijacked,0,10,RPG,"Chemical Tanker attacked by Niger Delta militant offshoot in narrow channel. MOA: AK-47 + GPMG armed boarding. Weapons observed: RPG-7. vessel hijacked, crew of 13 taken to coastal anchorage; 10 crew taken hostage; ransom demand transmitted within 72h."
ASAM-2010-01172,2010-11-16T21:19:00,2010,11,14.5924,46.8551,Gulf of Aden,Yacht,Boarded,1,0,Unknown,"Yacht attacked by Hobyo-Harardhere PAG at anchorage. MOA: RPG warning shot then boarding. Weapons observed: M16 + RPG. boarders rifled bridge & masters cabin, stole cash and electronics; 1 crew sustained injuries."
ASAM-2011-01173,1993-04-04T03:09:00,1993,4,9.7252,113.1588,South China Sea,General Cargo,Boarded,0,0,Knives,"General Cargo attacked by Vietnamese coastal robbers approx 53nm offshore. MOA: stealth anchorage boarding. Weapons observed: small arms. boarders rifled bridge & masters cabin, stole cash and electronics."
ASAM-2012-01174,2011-12-14T08:43:00,2011,12,13.9244,50.0937,Gulf of Aden,Bulk Carrier,Boarded,0,0,RPG,"Bulk Carrier attacked by Puntland-based PAG approx 182nm offshore. MOA: grappling hook boarding at low freeboard. Weapons observed: small arms. boarders rifled bridge & masters cabin, stole cash and electronics."
ASAM-2013-01175,2005-02-17T21:42:00,2005,2,3.5444,97.9041,Strait of Malacca,Container Ship,Boarded,0,6,RPG,"Container Ship attacked by Riau Archipelago armed robbers approx 121nm offshore. MOA: crew rob & flee in <30 min. Weapons observed: small arms. boarders rifled bridge & masters cabin, stole cash and electronics; 6 crew taken hostage; ransom demand transmitted within 72h."
ASAM-2014-01176,2019-12-21T04:31:00,2019,12,13.591,48.4361,Gulf of Aden,Tug & Barge,Attempted,0,0,RPG,Tug & Barge attacked by Hobyo-Harardhere PAG underway in transit lane. MOA: RPG warning shot then boarding. Weapons observed: knives/machetes. approach broken off after master sounded alarm and engaged firehoses.
ASAM-2015-01177,2019-02-28T22:59:00,2019,2,1.9866,1.7566,Gulf of Guinea,Tug & Barge,Attempted,0,0,Small arms,Tug & Barge attacked by Bakassi Strike Force remnant approx 241nm offshore. MOA: kidnap-for-ransom of officers. Weapons observed: RPG-7. approach broken off after master sounded alarm and engaged firehoses.
ASAM-2016-01178,2011-03-07T11:33:00,2011,3,3.7382,102.7503,Strait of Malacca,Crude Oil Tanker,Attempted,0,0,Small arms,Crude Oil Tanker attacked by Free Aceh splinter (historical) at anchorage. MOA: nighttime stealth boarding at anchorage. Weapons observed: M16 + RPG. approach broken off after master sounded alarm and engaged firehoses.
ASAM-2017-01179,2002-02-17T02:55:00,2002,2,5.5759,8.321,Gulf of Guinea,Tug & Barge,Attempted,0,0,Unknown,Tug & Barge attacked by Nigerian kidnap-for-ransom cell approx 223nm offshore. MOA: tanker product theft (siphon). Weapons observed: RPG-7. approach broken off after master sounded alarm and engaged firehoses.
ASAM-2018-01180,2018-12-28T20:44:00,2018,12,12.3405,-65.608,Caribbean / Venezuelan,Container Ship,Attempted,1,0,Unknown,Container Ship attacked by Venezuelan coastal gang in narrow channel. MOA: crew theft + minor injuries. Weapons observed: knives/machetes. approach broken off after master sounded alarm and engaged firehoses; 4 crew sustained injuries.
ASAM-2019-01181,2016-02-08T01:31:00,2016,2,4.9273,121.4065,Sulu Sea,Bulk Carrier,Attempted,0,0,Small arms,Bulk Carrier attacked by BIFF splinter group at anchorage. MOA: abduction of fishing crew. Weapons observed: AK-47. approach broken off after master sounded alarm and engaged firehoses.
ASAM-2020-01182,2009-10-13T01:30:00,2009,10,12.9905,48.0702,Gulf of Aden,Fishing Vessel,Suspicious Approach,0,0,RPG,Fishing Vessel attacked by Hobyo-Harardhere PAG at anchorage. MOA: RPG warning shot then boarding. Weapons observed: M16 + RPG. unidentified skiff shadowed vessel for 18 minutes before withdrawing.
ASAM-2021-01183,2018-03-08T15:56:00,2018,3,6.6834,120.6055,Sulu Sea,Offshore Supply,Attempted,0,0,RPG,Offshore Supply attacked by BIFF splinter group at anchorage. MOA: M16 + RPG armed boarding. Weapons observed: AK-47. approach broken off after master sounded alarm and engaged firehoses.
ASAM-2022-01184,2002-02-23T15:02:00,2002,2,5.4157,3.917,Gulf of Guinea,Container Ship,Suspicious Approach,0,0,Small arms,Container Ship attacked by Nigerian kidnap-for-ransom cell underway in transit lane. MOA: fast attack craft >150nm offshore. Weapons observed: small arms. unidentified skiff shadowed vessel for 18 minutes before withdrawing.
ASAM-2023-01185,2016-05-28T19:48:00,2016,5,6.1217,120.7557,Sulu Sea,RoRo Vehicle Carrier,Hijacked,0,8,RPG,"RoRo Vehicle Carrier attacked by Abu Sayyaf maritime cell approx 50nm offshore. MOA: abduction of fishing crew. Weapons observed: M16 + RPG. vessel hijacked, crew of 12 taken to coastal anchorage; 8 crew taken hostage; ransom demand transmitted within 72h."
ASAM-2024-01186,2023-09-22T23:21:00,2023,9,14.2409,48.9204,Gulf of Aden,RoRo Vehicle Carrier,Hijacked,1,8,Small arms,"RoRo Vehicle Carrier attacked by Somali pirate skiff network underway in transit lane. MOA: grappling hook boarding at low freeboard. Weapons observed: M16 + RPG. vessel hijacked, crew of 15 taken to coastal anchorage; 2 crew sustained injuries; 8 crew taken hostage; ransom demand transmitted within 72h."
ASAM-2025-01187,2016-05-14T05:32:00,2016,5,4.1108,100.1189,Strait of Malacca,Offshore Supply,Fired Upon,0,0,Knives,"Offshore Supply attacked by Free Aceh splinter (historical) approx 115nm offshore. MOA: nighttime stealth boarding at anchorage. Weapons observed: knives/machetes. master engaged evasive maneuvers, RPG and small arms fire received."
ASAM-1993-01188,2008-05-13T18:01:00,2008,5,14.2765,49.4107,Gulf of Aden,Crude Oil Tanker,Boarded,0,0,RPG,"Crude Oil Tanker attacked by Puntland-based PAG approx 44nm offshore. MOA: grappling hook boarding at low freeboard. Weapons observed: RPG-7. boarders rifled bridge & masters cabin, stole cash and electronics."
ASAM-1994-01189,2007-03-25T06:46:00,2007,3,14.3244,48.8191,Gulf of Aden,Bulk Carrier,Boarded,1,0,Small arms,"Bulk Carrier attacked by Somali pirate skiff network in narrow channel. MOA: grappling hook boarding at low freeboard. Weapons observed: M16 + RPG. boarders rifled bridge & masters cabin, stole cash and electronics; 4 crew sustained injuries."
ASAM-1995-01190,2019-06-10T05:27:00,2019,6,2.8021,4.0172,Gulf of Guinea,LPG/LNG Tanker,Hijacked,1,13,AK-47,"LPG/LNG Tanker attacked by Niger Delta militant offshoot underway in transit lane. MOA: fast attack craft >150nm offshore. Weapons observed: small arms. vessel hijacked, crew of 13 taken to coastal anchorage; 2 crew sustained injuries; 13 crew taken hostage; ransom demand transmitted within 72h."
ASAM-1996-01191,2009-07-24T05:52:00,2009,7,13.4161,49.3909,Gulf of Aden,Bulk Carrier,Boarded,0,0,Knives,"Bulk Carrier attacked by Hobyo-Harardhere PAG underway in transit lane. MOA: RPG warning shot then boarding. Weapons observed: small arms. boarders rifled bridge & masters cabin, stole cash and electronics."
ASAM-1997-01192,2018-01-27T15:11:00,2018,1,6.0059,119.6888,Sulu Sea,Offshore Supply,Boarded,0,0,AK-47,"Offshore Supply attacked by BIFF splinter group in narrow channel. MOA: speedboat intercept tug & barge. Weapons observed: knives/machetes. boarders rifled bridge & masters cabin, stole cash and electronics."
ASAM-1998-01193,2016-08-10T21:49:00,2016,8,9.4131,114.221,South China Sea,Container Ship,Attempted,0,0,Small arms,Container Ship attacked by Vietnamese coastal robbers at anchorage. MOA: stealth anchorage boarding. Weapons observed: AK-47. approach broken off after master sounded alarm and engaged firehoses.
ASAM-1999-01194,2018-04-10T05:38:00,2018,4,14.1,47.365,Gulf of Aden,Tug & Barge,Attempted,0,0,AK-47,Tug & Barge attacked by Puntland-based PAG at anchorage. MOA: AK-47 small arms suppression. Weapons observed: small arms. approach broken off after master sounded alarm and engaged firehoses.
ASAM-2000-01195,2007-07-28T03:32:00,2007,7,10.0767,-65.5069,Caribbean / Venezuelan,Crude Oil Tanker,Boarded,0,5,AK-47,"Crude Oil Tanker attacked by Venezuelan coastal gang underway in transit lane. MOA: small arms intimidation. Weapons observed: RPG-7. boarders rifled bridge & masters cabin, stole cash and electronics; 5 crew taken hostage; ransom demand transmitted within 72h."
ASAM-2001-01196,2015-05-15T20:11:00,2015,5,7.7094,112.9349,South China Sea,Offshore Supply,Attempted,0,0,Small arms,Offshore Supply attacked by Filipino anchor-rob crew underway in transit lane. MOA: product theft (diesel siphoning). Weapons observed: RPG-7. approach broken off after master sounded alarm and engaged firehoses.
ASAM-2002-01197,2016-01-05T09:14:00,2016,1,5.3098,119.9611,Sulu Sea,Crude Oil Tanker,Boarded,0,0,Knives,"Crude Oil Tanker attacked by BIFF splinter group in narrow channel. MOA: hostage transfer to Jolo island camps. Weapons observed: M16 + RPG. boarders rifled bridge & masters cabin, stole cash and electronics."
ASAM-2003-01198,2005-12-12T01:38:00,2005,12,3.7923,102.7791,Strait of Malacca,Chemical Tanker,Boarded,0,5,Small arms,"Chemical Tanker attacked by Free Aceh splinter (historical) underway in transit lane. MOA: nighttime stealth boarding at anchorage. Weapons observed: M16 + RPG. boarders rifled bridge & masters cabin, stole cash and electronics; 5 crew taken hostage; ransom demand transmitted within 72h."
ASAM-2004-01199,2009-12-19T01:58:00,2009,12,13.3548,46.4804,Gulf of Aden,Yacht,Suspicious Approach,0,0,Small arms,Yacht attacked by Hobyo-Harardhere PAG in narrow channel. MOA: mothership-launched skiff swarm. Weapons observed: AK-47. unidentified skiff shadowed vessel for 18 minutes before withdrawing.
ASAM-2005-01200,2019-04-05T23:54:00,2019,4,4.5533,6.139,Gulf of Guinea,Container Ship,Boarded,0,3,RPG,"Container Ship attacked by Nigerian kidnap-for-ransom cell underway in transit lane. MOA: fast attack craft >150nm offshore. Weapons observed: small arms. boarders rifled bridge & masters cabin, stole cash and electronics; 3 crew taken hostage; ransom demand transmitted within 72h."
ASAM-2006-01201,2011-07-19T21:09:00,2011,7,5.4622,119.6109,Sulu Sea,Fishing Vessel,Fired Upon,0,0,RPG,"Fishing Vessel attacked by Sulu archipelago kidnapping ring at anchorage. MOA: M16 + RPG armed boarding. Weapons observed: RPG-7. master engaged evasive maneuvers, RPG and small arms fire received."
ASAM-2007-01202,2009-01-19T08:53:00,2009,1,2.8201,102.83,Strait of Malacca,Crude Oil Tanker,Boarded,0,0,Knives,"Crude Oil Tanker attacked by Riau Archipelago armed robbers in narrow channel. MOA: fast skiff rob at narrow channel. Weapons observed: AK-47. boarders rifled bridge & masters cabin, stole cash and electronics."
ASAM-2008-01203,2015-05-27T00:24:00,2015,5,9.5599,111.8972,South China Sea,Container Ship,Boarded,0,0,Unknown,"Container Ship attacked by Filipino anchor-rob crew at anchorage. MOA: product theft (diesel siphoning). Weapons observed: knives/machetes. boarders rifled bridge & masters cabin, stole cash and electronics."
ASAM-2009-01204,2020-07-26T03:42:00,2020,7,2.6405,6.7111,Gulf of Guinea,Chemical Tanker,Boarded,0,0,RPG,"Chemical Tanker attacked by Bakassi Strike Force remnant approx 152nm offshore. MOA: tanker product theft (siphon). Weapons observed: small arms. boarders rifled bridge & masters cabin, stole cash and electronics."
ASAM-2010-01205,2018-11-08T20:25:00,2018,11,5.74,6.0103,Gulf of Guinea,Chemical Tanker,Suspicious Approach,1,0,Knives,Chemical Tanker attacked by Nigerian kidnap-for-ransom cell in narrow channel. MOA: tanker product theft (siphon). Weapons observed: small arms. unidentified skiff shadowed vessel for 18 minutes before withdrawing; 2 crew sustained injuries.
ASAM-2011-01206,2006-10-05T03:20:00,2006,10,5.222,99.6652,Strait of Malacca,General Cargo,Fired Upon,0,0,Small arms,"General Cargo attacked by Riau Archipelago armed robbers in narrow channel. MOA: nighttime stealth boarding at anchorage. Weapons observed: M16 + RPG. master engaged evasive maneuvers, RPG and small arms fire received."
ASAM-2012-01207,2017-04-17T20:51:00,2017,4,5.4589,118.9693,Sulu Sea,Bulk Carrier,Suspicious Approach,0,0,Small arms,Bulk Carrier attacked by Abu Sayyaf maritime cell approx 266nm offshore. MOA: hostage transfer to Jolo island camps. Weapons observed: RPG-7. unidentified skiff shadowed vessel for 18 minutes before withdrawing.
ASAM-2013-01208,2025-11-23T04:38:00,2025,11,5.9758,101.5635,Strait of Malacca,Container Ship,Boarded,0,0,AK-47,"Container Ship attacked by Indonesian coastal gang in narrow channel. MOA: fast skiff rob at narrow channel. Weapons observed: knives/machetes. boarders rifled bridge & masters cabin, stole cash and electronics."
ASAM-2014-01209,1998-04-07T22:03:00,1998,4,4.068,119.3357,Sulu Sea,Chemical Tanker,Hijacked,0,26,Knives,"Chemical Tanker attacked by Sulu archipelago kidnapping ring in narrow channel. MOA: M16 + RPG armed boarding. Weapons observed: RPG-7. vessel hijacked, crew of 16 taken to coastal anchorage; 26 crew taken hostage; ransom demand transmitted within 72h."
ASAM-2015-01210,2011-10-12T01:14:00,2011,10,13.008,51.1695,Gulf of Aden,Offshore Supply,Attempted,0,0,Unknown,Offshore Supply attacked by Somali pirate skiff network at anchorage. MOA: RPG warning shot then boarding. Weapons observed: small arms. approach broken off after master sounded alarm and engaged firehoses.
ASAM-2016-01211,2020-11-18T04:04:00,2020,11,5.1405,1.5165,Gulf of Guinea,Chemical Tanker,Boarded,0,0,Knives,"Chemical Tanker attacked by Niger Delta militant offshoot in narrow channel. MOA: kidnap-for-ransom of officers. Weapons observed: RPG-7. boarders rifled bridge & masters cabin, stole cash and electronics."
ASAM-2017-01212,2011-04-16T23:29:00,2011,4,12.7869,49.2517,Gulf of Aden,Tug & Barge,Boarded,0,0,Small arms,"Tug & Barge attacked by Hobyo-Harardhere PAG approx 228nm offshore. MOA: AK-47 small arms suppression. Weapons observed: small arms. boarders rifled bridge & masters cabin, stole cash and electronics."
ASAM-2018-01213,2013-12-12T05:29:00,2013,12,11.6533,113.5914,South China Sea,Bulk Carrier,Attempted,0,0,AK-47,Bulk Carrier attacked by Filipino anchor-rob crew in narrow channel. MOA: product theft (diesel siphoning). Weapons observed: RPG-7. approach broken off after master sounded alarm and engaged firehoses.
ASAM-2019-01214,2025-11-19T00:28:00,2025,11,11.5746,47.3373,Gulf of Aden,Chemical Tanker,Fired Upon,0,0,Knives,"Chemical Tanker attacked by Somali pirate skiff network underway in transit lane. MOA: RPG warning shot then boarding. Weapons observed: small arms. master engaged evasive maneuvers, RPG and small arms fire received."
ASAM-2020-01215,2017-10-17T14:40:00,2017,10,6.7428,120.1268,Sulu Sea,General Cargo,Attempted,0,0,RPG,General Cargo attacked by Sulu archipelago kidnapping ring underway in transit lane. MOA: hostage transfer to Jolo island camps. Weapons observed: knives/machetes. approach broken off after master sounded alarm and engaged firehoses.
ASAM-2021-01216,2010-12-21T02:01:00,2010,12,13.3288,51.9868,Gulf of Aden,Container Ship,Attempted,0,0,AK-47,Container Ship attacked by Hobyo-Harardhere PAG approx 119nm offshore. MOA: AK-47 small arms suppression. Weapons observed: M16 + RPG. approach broken off after master sounded alarm and engaged firehoses.
ASAM-2022-01217,2014-04-24T17:29:00,2014,4,8.926,110.945,South China Sea,General Cargo,Fired Upon,0,0,Small arms,"General Cargo attacked by Vietnamese coastal robbers approx 219nm offshore. MOA: stealth anchorage boarding. Weapons observed: small arms. master engaged evasive maneuvers, RPG and small arms fire received."
ASAM-2023-01218,2005-02-07T20:38:00,2005,2,2.9446,99.3173,Strait of Malacca,Crude Oil Tanker,Boarded,0,0,Small arms,"Crude Oil Tanker attacked by Free Aceh splinter (historical) underway in transit lane. MOA: nighttime stealth boarding at anchorage. Weapons observed: small arms. boarders rifled bridge & masters cabin, stole cash and electronics."
ASAM-2024-01219,2011-12-08T11:08:00,2011,12,11.4678,49.7257,Gulf of Aden,Container Ship,Suspicious Approach,0,0,AK-47,Container Ship attacked by Hobyo-Harardhere PAG approx 176nm offshore. MOA: RPG warning shot then boarding. Weapons observed: AK-47. unidentified skiff shadowed vessel for 18 minutes before withdrawing.
ASAM-2025-01220,2017-09-07T01:26:00,2017,9,5.7155,5.0314,Gulf of Guinea,Fishing Vessel,Attempted,1,0,Unknown,Fishing Vessel attacked by Nigerian kidnap-for-ransom cell approx 144nm offshore. MOA: kidnap-for-ransom of officers. Weapons observed: knives/machetes. approach broken off after master sounded alarm and engaged firehoses; 2 crew sustained injuries.
ASAM-1993-01221,1994-05-20T21:57:00,1994,5,2.3964,100.2466,Strait of Malacca,Bulk Carrier,Boarded,1,4,Unknown,"Bulk Carrier attacked by Free Aceh splinter (historical) approx 146nm offshore. MOA: fast skiff rob at narrow channel. Weapons observed: small arms. boarders rifled bridge & masters cabin, stole cash and electronics; 4 crew sustained injuries; 4 crew taken hostage; ransom demand transmitted within 72h."
ASAM-1994-01222,2003-02-18T10:58:00,2003,2,2.9683,99.8066,Strait of Malacca,Fishing Vessel,Boarded,0,5,RPG,"Fishing Vessel attacked by Free Aceh splinter (historical) underway in transit lane. MOA: fast skiff rob at narrow channel. Weapons observed: small arms. boarders rifled bridge & masters cabin, stole cash and electronics; 5 crew taken hostage; ransom demand transmitted within 72h."
ASAM-1995-01223,2012-04-14T20:29:00,2012,4,13.9313,47.8022,Gulf of Aden,Fishing Vessel,Boarded,0,0,Unknown,"Fishing Vessel attacked by Somali pirate skiff network underway in transit lane. MOA: mothership-launched skiff swarm. Weapons observed: knives/machetes. boarders rifled bridge & masters cabin, stole cash and electronics."
ASAM-1996-01224,2005-05-04T15:19:00,2005,5,4.6445,100.4079,Strait of Malacca,Container Ship,Hijacked,1,14,Knives,"Container Ship attacked by Riau Archipelago armed robbers underway in transit lane. MOA: knife-armed boarders, no firearms. Weapons observed: M16 + RPG. vessel hijacked, crew of 12 taken to coastal anchorage; 3 crew sustained injuries; 14 crew taken hostage; ransom demand transmitted within 72h."
ASAM-1997-01225,2019-10-05T02:03:00,2019,10,10.4297,-65.4085,Caribbean / Venezuelan,LPG/LNG Tanker,Boarded,1,0,Knives,"LPG/LNG Tanker attacked by Trinidad-Tobago smuggler crew underway in transit lane. MOA: crew theft + minor injuries. Weapons observed: M16 + RPG. boarders rifled bridge & masters cabin, stole cash and electronics; 2 crew sustained injuries."
ASAM-1998-01226,2019-04-12T21:12:00,2019,4,11.7447,-66.9357,Caribbean / Venezuelan,Fishing Vessel,Attempted,0,0,Knives,Fishing Vessel attacked by Venezuelan coastal gang underway in transit lane. MOA: crew theft + minor injuries. Weapons observed: M16 + RPG. approach broken off after master sounded alarm and engaged firehoses.
ASAM-1999-01227,2016-01-24T21:46:00,2016,1,5.3743,120.5783,Sulu Sea,Bulk Carrier,Fired Upon,0,0,Unknown,"Bulk Carrier attacked by BIFF splinter group approx 170nm offshore. MOA: M16 + RPG armed boarding. Weapons observed: RPG-7. master engaged evasive maneuvers, RPG and small arms fire received."
ASAM-2000-01228,2020-09-19T04:58:00,2020,9,1.4941,4.4746,Gulf of Guinea,RoRo Vehicle Carrier,Boarded,0,0,Knives,"RoRo Vehicle Carrier attacked by Bakassi Strike Force remnant at anchorage. MOA: AK-47 + GPMG armed boarding. Weapons observed: RPG-7. boarders rifled bridge & masters cabin, stole cash and electronics."
ASAM-2001-01229,2023-01-25T09:02:00,2023,1,10.8505,-64.5671,Caribbean / Venezuelan,Tug & Barge,Fired Upon,1,0,Unknown,"Tug & Barge attacked by Venezuelan coastal gang approx 127nm offshore. MOA: small arms intimidation. Weapons observed: AK-47. master engaged evasive maneuvers, RPG and small arms fire received; 4 crew sustained injuries."
ASAM-2002-01230,2017-11-28T20:50:00,2017,11,6.1828,121.6013,Sulu Sea,Crude Oil Tanker,Suspicious Approach,0,0,RPG,Crude Oil Tanker attacked by BIFF splinter group at anchorage. MOA: hostage transfer to Jolo island camps. Weapons observed: AK-47. unidentified skiff shadowed vessel for 18 minutes before withdrawing.
ASAM-2003-01231,2020-11-14T23:34:00,2020,11,4.6883,6.3755,Gulf of Guinea,Bulk Carrier,Boarded,0,0,Knives,"Bulk Carrier attacked by Niger Delta militant offshoot underway in transit lane. MOA: AK-47 + GPMG armed boarding. Weapons observed: RPG-7. boarders rifled bridge & masters cabin, stole cash and electronics."
ASAM-2004-01232,2004-02-15T05:06:00,2004,2,2.7992,102.565,Strait of Malacca,General Cargo,Boarded,0,0,Small arms,"General Cargo attacked by Riau Archipelago armed robbers in narrow channel. MOA: knife-armed boarders, no firearms. Weapons observed: knives/machetes. boarders rifled bridge & masters cabin, stole cash and electronics."
ASAM-2005-01233,2021-08-13T03:43:00,2021,8,3.5702,4.2382,Gulf of Guinea,Yacht,Hijacked,0,25,Unknown,"Yacht attacked by Bakassi Strike Force remnant in narrow channel. MOA: fast attack craft >150nm offshore. Weapons observed: knives/machetes. vessel hijacked, crew of 19 taken to coastal anchorage; 25 crew taken hostage; ransom demand transmitted within 72h."
ASAM-2006-01234,2004-06-15T09:45:00,2004,6,12.0665,-65.3968,Caribbean / Venezuelan,Yacht,Boarded,0,2,Unknown,"Yacht attacked by Venezuelan coastal gang in narrow channel. MOA: crew theft + minor injuries. Weapons observed: RPG-7. boarders rifled bridge & masters cabin, stole cash and electronics; 2 crew taken hostage; ransom demand transmitted within 72h."
ASAM-2007-01235,1993-04-22T13:10:00,1993,4,12.7943,48.2023,Gulf of Aden,Bulk Carrier,Hijacked,0,11,Knives,"Bulk Carrier attacked by Somali pirate skiff network in narrow channel. MOA: grappling hook boarding at low freeboard. Weapons observed: small arms. vessel hijacked, crew of 12 taken to coastal anchorage; 11 crew taken hostage; ransom demand transmitted within 72h."
ASAM-2008-01236,2003-02-17T00:47:00,2003,2,10.0086,-63.5073,Caribbean / Venezuelan,Bulk Carrier,Fired Upon,0,0,Small arms,"Bulk Carrier attacked by Venezuelan coastal gang underway in transit lane. MOA: small arms intimidation. Weapons observed: AK-47. master engaged evasive maneuvers, RPG and small arms fire received."
ASAM-2009-01237,2012-02-26T13:52:00,2012,2,11.7317,49.9081,Gulf of Aden,Container Ship,Hijacked,0,12,Unknown,"Container Ship attacked by Hobyo-Harardhere PAG in narrow channel. MOA: RPG warning shot then boarding. Weapons observed: M16 + RPG. vessel hijacked, crew of 13 taken to coastal anchorage; 12 crew taken hostage; ransom demand transmitted within 72h."
ASAM-2010-01238,2013-09-13T02:46:00,2013,9,13.8539,49.8315,Gulf of Aden,Fishing Vessel,Boarded,0,0,AK-47,"Fishing Vessel attacked by Puntland-based PAG underway in transit lane. MOA: mothership-launched skiff swarm. Weapons observed: knives/machetes. boarders rifled bridge & masters cabin, stole cash and electronics."
ASAM-2011-01239,2011-03-28T17:00:00,2011,3,13.4045,46.7925,Gulf of Aden,Fishing Vessel,Boarded,0,0,AK-47,"Fishing Vessel attacked by Hobyo-Harardhere PAG at anchorage. MOA: AK-47 small arms suppression. Weapons observed: knives/machetes. boarders rifled bridge & masters cabin, stole cash and electronics."
ASAM-2012-01240,2008-01-21T11:38:00,2008,1,14.0811,47.1092,Gulf of Aden,General Cargo,Fired Upon,1,0,Unknown,"General Cargo attacked by Hobyo-Harardhere PAG at anchorage. MOA: grappling hook boarding at low freeboard. Weapons observed: M16 + RPG. master engaged evasive maneuvers, RPG and small arms fire received; 2 crew sustained injuries."
ASAM-2013-01241,2020-11-27T01:46:00,2020,11,3.9655,3.2094,Gulf of Guinea,General Cargo,Boarded,1,0,Small arms,"General Cargo attacked by Bakassi Strike Force remnant at anchorage. MOA: kidnap-for-ransom of officers. Weapons observed: small arms. boarders rifled bridge & masters cabin, stole cash and electronics; 3 crew sustained injuries."
ASAM-2014-01242,2000-11-05T00:29:00,2000,11,3.8897,100.5033,Strait of Malacca,Container Ship,Attempted,0,0,Unknown,Container Ship attacked by Free Aceh splinter (historical) at anchorage. MOA: fast skiff rob at narrow channel. Weapons observed: AK-47. approach broken off after master sounded alarm and engaged firehoses.
ASAM-2015-01243,2007-09-15T07:37:00,2007,9,6.9936,120.6533,Sulu Sea,General Cargo,Boarded,0,0,Small arms,"General Cargo attacked by Abu Sayyaf maritime cell underway in transit lane. MOA: hostage transfer to Jolo island camps. Weapons observed: knives/machetes. boarders rifled bridge & masters cabin, stole cash and electronics."
ASAM-2016-01244,2018-03-14T05:12:00,2018,3,2.8367,5.6345,Gulf of Guinea,Yacht,Hijacked,0,13,Small arms,"Yacht attacked by Bakassi Strike Force remnant underway in transit lane. MOA: kidnap-for-ransom of officers. Weapons observed: small arms. vessel hijacked, crew of 20 taken to coastal anchorage; 13 crew taken hostage; ransom demand transmitted within 72h."
ASAM-2017-01245,2018-04-01T05:33:00,2018,4,4.3512,7.1719,Gulf of Guinea,Container Ship,Boarded,0,2,RPG,"Container Ship attacked by Nigerian kidnap-for-ransom cell at anchorage. MOA: fast attack craft >150nm offshore. Weapons observed: M16 + RPG. boarders rifled bridge & masters cabin, stole cash and electronics; 2 crew taken hostage; ransom demand transmitted within 72h."
ASAM-2018-01246,2004-12-01T20:25:00,2004,12,2.6808,100.8163,Strait of Malacca,Bulk Carrier,Attempted,0,0,Small arms,Bulk Carrier attacked by Free Aceh splinter (historical) underway in transit lane. MOA: nighttime stealth boarding at anchorage. Weapons observed: AK-47. approach broken off after master sounded alarm and engaged firehoses.
ASAM-2019-01247,2001-06-05T05:26:00,2001,6,13.6356,49.7815,Gulf of Aden,General Cargo,Attempted,0,0,Unknown,General Cargo attacked by Puntland-based PAG at anchorage. MOA: RPG warning shot then boarding. Weapons observed: RPG-7. approach broken off after master sounded alarm and engaged firehoses.
ASAM-2020-01248,2008-04-24T05:34:00,2008,4,12.4348,52.6094,Gulf of Aden,Bulk Carrier,Fired Upon,1,0,Small arms,"Bulk Carrier attacked by Puntland-based PAG underway in transit lane. MOA: RPG warning shot then boarding. Weapons observed: AK-47. master engaged evasive maneuvers, RPG and small arms fire received; 1 crew sustained injuries."
ASAM-2021-01249,2010-05-02T21:49:00,2010,5,10.9439,-65.0185,Caribbean / Venezuelan,LPG/LNG Tanker,Hijacked,0,18,AK-47,"LPG/LNG Tanker attacked by Venezuelan coastal gang at anchorage. MOA: crew theft + minor injuries. Weapons observed: RPG-7. vessel hijacked, crew of 12 taken to coastal anchorage; 18 crew taken hostage; ransom demand transmitted within 72h."
ASAM-2022-01250,2008-06-03T13:45:00,2008,6,13.8838,47.2826,Gulf of Aden,Container Ship,Boarded,0,0,Knives,"Container Ship attacked by Somali pirate skiff network in narrow channel. MOA: AK-47 small arms suppression. Weapons observed: knives/machetes. boarders rifled bridge & masters cabin, stole cash and electronics."
ASAM-2023-01251,2004-10-18T11:55:00,2004,10,4.3716,100.3751,Strait of Malacca,Tug & Barge,Boarded,0,0,Unknown,"Tug & Barge attacked by Indonesian coastal gang at anchorage. MOA: knife-armed boarders, no firearms. Weapons observed: RPG-7. boarders rifled bridge & masters cabin, stole cash and electronics."
ASAM-2024-01252,2006-08-05T21:55:00,2006,8,3.3696,99.7496,Strait of Malacca,Bulk Carrier,Fired Upon,0,0,Unknown,"Bulk Carrier attacked by Indonesian coastal gang underway in transit lane. MOA: nighttime stealth boarding at anchorage. Weapons observed: AK-47. master engaged evasive maneuvers, RPG and small arms fire received."
ASAM-2025-01253,2000-01-22T15:58:00,2000,1,3.5952,101.7778,Strait of Malacca,Chemical Tanker,Fired Upon,1,0,AK-47,"Chemical Tanker attacked by Free Aceh splinter (historical) in narrow channel. MOA: knife-armed boarders, no firearms. Weapons observed: small arms. master engaged evasive maneuvers, RPG and small arms fire received; 2 crew sustained injuries."
ASAM-1993-01254,2019-02-13T17:33:00,2019,2,2.8784,5.993,Gulf of Guinea,Container Ship,Attempted,0,0,Unknown,Container Ship attacked by Niger Delta militant offshoot in narrow channel. MOA: AK-47 + GPMG armed boarding. Weapons observed: knives/machetes. approach broken off after master sounded alarm and engaged firehoses.
ASAM-1994-01255,2004-11-03T21:48:00,2004,11,4.0749,100.3298,Strait of Malacca,Chemical Tanker,Boarded,0,0,Knives,"Chemical Tanker attacked by Free Aceh splinter (historical) underway in transit lane. MOA: fast skiff rob at narrow channel. Weapons observed: RPG-7. boarders rifled bridge & masters cabin, stole cash and electronics."
ASAM-1995-01256,2003-01-13T04:42:00,2003,1,3.8191,99.7588,Strait of Malacca,Crude Oil Tanker,Attempted,0,0,RPG,Crude Oil Tanker attacked by Free Aceh splinter (historical) underway in transit lane. MOA: fast skiff rob at narrow channel. Weapons observed: knives/machetes. approach broken off after master sounded alarm and engaged firehoses.
ASAM-1996-01257,2016-09-01T03:46:00,2016,9,8.7626,112.1571,South China Sea,Bulk Carrier,Boarded,1,0,Knives,"Bulk Carrier attacked by Filipino anchor-rob crew approx 85nm offshore. MOA: product theft (diesel siphoning). Weapons observed: M16 + RPG. boarders rifled bridge & masters cabin, stole cash and electronics; 1 crew sustained injuries."
ASAM-1997-01258,2017-12-11T14:51:00,2017,12,4.4402,122.4596,Sulu Sea,Bulk Carrier,Boarded,0,0,Unknown,"Bulk Carrier attacked by BIFF splinter group underway in transit lane. MOA: speedboat intercept tug & barge. Weapons observed: knives/machetes. boarders rifled bridge & masters cabin, stole cash and electronics."
ASAM-1998-01259,1997-11-24T03:20:00,1997,11,12.3148,47.9837,Gulf of Aden,Fishing Vessel,Boarded,1,2,Unknown,"Fishing Vessel attacked by Hobyo-Harardhere PAG at anchorage. MOA: RPG warning shot then boarding. Weapons observed: knives/machetes. boarders rifled bridge & masters cabin, stole cash and electronics; 3 crew sustained injuries; 2 crew taken hostage; ransom demand transmitted within 72h."
ASAM-1999-01260,2005-06-12T01:33:00,2005,6,3.9808,100.578,Strait of Malacca,Fishing Vessel,Attempted,0,0,Unknown,Fishing Vessel attacked by Indonesian coastal gang in narrow channel. MOA: crew rob & flee in <30 min. Weapons observed: knives/machetes. approach broken off after master sounded alarm and engaged firehoses.
ASAM-2000-01261,2020-08-05T04:03:00,2020,8,4.6304,3.8115,Gulf of Guinea,RoRo Vehicle Carrier,Boarded,0,0,Knives,"RoRo Vehicle Carrier attacked by Niger Delta militant offshoot in narrow channel. MOA: kidnap-for-ransom of officers. Weapons observed: M16 + RPG. boarders rifled bridge & masters cabin, stole cash and electronics."
ASAM-2001-01262,2008-07-19T02:29:00,2008,7,13.3687,47.7629,Gulf of Aden,Crude Oil Tanker,Hijacked,0,10,AK-47,"Crude Oil Tanker attacked by Somali pirate skiff network underway in transit lane. MOA: mothership-launched skiff swarm. Weapons observed: small arms. vessel hijacked, crew of 25 taken to coastal anchorage; 10 crew taken hostage; ransom demand transmitted within 72h."
ASAM-2002-01263,2024-04-09T02:48:00,2024,4,10.5936,109.3707,South China Sea,Crude Oil Tanker,Boarded,1,0,AK-47,"Crude Oil Tanker attacked by Filipino anchor-rob crew at anchorage. MOA: product theft (diesel siphoning). Weapons observed: M16 + RPG. boarders rifled bridge & masters cabin, stole cash and electronics; 2 crew sustained injuries."
ASAM-2003-01264,2008-08-16T00:03:00,2008,8,13.7931,50.8357,Gulf of Aden,Crude Oil Tanker,Attempted,1,0,RPG,Crude Oil Tanker attacked by Hobyo-Harardhere PAG approx 78nm offshore. MOA: RPG warning shot then boarding. Weapons observed: small arms. approach broken off after master sounded alarm and engaged firehoses; 1 crew sustained injuries.
ASAM-2004-01265,2003-12-28T11:20:00,2003,12,4.2738,100.9355,Strait of Malacca,Offshore Supply,Boarded,0,0,Knives,"Offshore Supply attacked by Riau Archipelago armed robbers approx 195nm offshore. MOA: fast skiff rob at narrow channel. Weapons observed: knives/machetes. boarders rifled bridge & masters cabin, stole cash and electronics."
ASAM-2005-01266,2009-08-09T02:38:00,2009,8,4.0586,3.0754,Gulf of Guinea,Tug & Barge,Boarded,0,0,Small arms,"Tug & Barge attacked by Niger Delta militant offshoot approx 139nm offshore. MOA: tanker product theft (siphon). Weapons observed: knives/machetes. boarders rifled bridge & masters cabin, stole cash and electronics."
ASAM-2006-01267,2018-10-24T16:16:00,2018,10,5.0782,6.5507,Gulf of Guinea,Container Ship,Boarded,0,0,Unknown,"Container Ship attacked by Niger Delta militant offshoot approx 216nm offshore. MOA: fast attack craft >150nm offshore. Weapons observed: knives/machetes. boarders rifled bridge & masters cabin, stole cash and electronics."
ASAM-2007-01268,1994-06-09T18:53:00,1994,6,4.1714,100.8978,Strait of Malacca,Fishing Vessel,Attempted,0,0,Small arms,Fishing Vessel attacked by Indonesian coastal gang at anchorage. MOA: nighttime stealth boarding at anchorage. Weapons observed: M16 + RPG. approach broken off after master sounded alarm and engaged firehoses.
ASAM-2008-01269,2009-09-03T21:25:00,2009,9,12.3633,49.7648,Gulf of Aden,General Cargo,Attempted,0,0,RPG,General Cargo attacked by Puntland-based PAG in narrow channel. MOA: AK-47 small arms suppression. Weapons observed: AK-47. approach broken off after master sounded alarm and engaged firehoses.
ASAM-2009-01270,2011-07-09T03:46:00,2011,7,12.3685,48.5069,Gulf of Aden,Crude Oil Tanker,Suspicious Approach,0,0,Knives,Crude Oil Tanker attacked by Puntland-based PAG at anchorage. MOA: mothership-launched skiff swarm. Weapons observed: RPG-7. unidentified skiff shadowed vessel for 18 minutes before withdrawing.
ASAM-2010-01271,2025-03-06T14:59:00,2025,3,3.9208,4.2912,Gulf of Guinea,Container Ship,Boarded,0,5,Small arms,"Container Ship attacked by Nigerian kidnap-for-ransom cell in narrow channel. MOA: tanker product theft (siphon). Weapons observed: small arms. boarders rifled bridge & masters cabin, stole cash and electronics; 5 crew taken hostage; ransom demand transmitted within 72h."
ASAM-2011-01272,2003-10-20T15:26:00,2003,10,2.1578,6.6765,Gulf of Guinea,Crude Oil Tanker,Boarded,0,0,AK-47,"Crude Oil Tanker attacked by Bakassi Strike Force remnant underway in transit lane. MOA: tanker product theft (siphon). Weapons observed: knives/machetes. boarders rifled bridge & masters cabin, stole cash and electronics."
ASAM-2012-01273,1994-10-11T01:24:00,1994,10,8.9566,-66.8513,Caribbean / Venezuelan,Crude Oil Tanker,Hijacked,1,20,AK-47,"Crude Oil Tanker attacked by Trinidad-Tobago smuggler crew approx 44nm offshore. MOA: yacht boarding at anchorage. Weapons observed: small arms. vessel hijacked, crew of 27 taken to coastal anchorage; 3 crew sustained injuries; 20 crew taken hostage; ransom demand transmitted within 72h."
ASAM-2013-01274,2018-10-20T03:28:00,2018,10,3.5353,3.1472,Gulf of Guinea,Container Ship,Attempted,0,0,AK-47,Container Ship attacked by Niger Delta militant offshoot at anchorage. MOA: tanker product theft (siphon). Weapons observed: knives/machetes. approach broken off after master sounded alarm and engaged firehoses.
ASAM-2014-01275,2024-03-23T08:16:00,2024,3,8.7958,111.1587,South China Sea,General Cargo,Attempted,0,0,AK-47,General Cargo attacked by Filipino anchor-rob crew at anchorage. MOA: product theft (diesel siphoning). Weapons observed: AK-47. approach broken off after master sounded alarm and engaged firehoses.
ASAM-2015-01276,2018-07-01T03:22:00,2018,7,5.7308,121.9452,Sulu Sea,Fishing Vessel,Boarded,1,0,RPG,"Fishing Vessel attacked by Abu Sayyaf maritime cell at anchorage. MOA: speedboat intercept tug & barge. Weapons observed: small arms. boarders rifled bridge & masters cabin, stole cash and electronics; 4 crew sustained injuries."
ASAM-2016-01277,2005-12-12T20:31:00,2005,12,1.9122,100.786,Strait of Malacca,Chemical Tanker,Boarded,0,0,Knives,"Chemical Tanker attacked by Riau Archipelago armed robbers underway in transit lane. MOA: fast skiff rob at narrow channel. Weapons observed: M16 + RPG. boarders rifled bridge & masters cabin, stole cash and electronics."
ASAM-2017-01278,2011-06-26T03:07:00,2011,6,11.6301,47.6618,Gulf of Aden,General Cargo,Boarded,0,0,RPG,"General Cargo attacked by Hobyo-Harardhere PAG at anchorage. MOA: mothership-launched skiff swarm. Weapons observed: AK-47. boarders rifled bridge & masters cabin, stole cash and electronics."
ASAM-2018-01279,2021-04-14T20:38:00,2021,4,3.1459,7.2363,Gulf of Guinea,Fishing Vessel,Hijacked,0,21,AK-47,"Fishing Vessel attacked by Niger Delta militant offshoot underway in transit lane. MOA: fast attack craft >150nm offshore. Weapons observed: knives/machetes. vessel hijacked, crew of 14 taken to coastal anchorage; 21 crew taken hostage; ransom demand transmitted within 72h."
ASAM-2019-01280,2009-01-02T23:36:00,2009,1,11.8531,46.497,Gulf of Aden,Chemical Tanker,Boarded,0,2,Small arms,"Chemical Tanker attacked by Somali pirate skiff network at anchorage. MOA: AK-47 small arms suppression. Weapons observed: RPG-7. boarders rifled bridge & masters cabin, stole cash and electronics; 2 crew taken hostage; ransom demand transmitted within 72h."
ASAM-2020-01281,2018-05-13T22:13:00,2018,5,11.3825,-65.5863,Caribbean / Venezuelan,General Cargo,Fired Upon,0,0,Unknown,"General Cargo attacked by Venezuelan coastal gang approx 263nm offshore. MOA: yacht boarding at anchorage. Weapons observed: M16 + RPG. master engaged evasive maneuvers, RPG and small arms fire received."
ASAM-2021-01282,1994-10-24T04:10:00,1994,10,2.9444,101.609,Strait of Malacca,Yacht,Attempted,0,0,AK-47,"Yacht attacked by Free Aceh splinter (historical) in narrow channel. MOA: knife-armed boarders, no firearms. Weapons observed: RPG-7. approach broken off after master sounded alarm and engaged firehoses."
ASAM-2022-01283,2023-04-25T20:18:00,2023,4,2.6,99.7286,Strait of Malacca,General Cargo,Boarded,0,1,RPG,"General Cargo attacked by Free Aceh splinter (historical) at anchorage. MOA: fast skiff rob at narrow channel. Weapons observed: AK-47. boarders rifled bridge & masters cabin, stole cash and electronics; 1 crew taken hostage; ransom demand transmitted within 72h."
ASAM-2023-01284,2020-03-24T04:02:00,2020,3,1.8957,4.4847,Gulf of Guinea,Container Ship,Boarded,0,0,RPG,"Container Ship attacked by Bakassi Strike Force remnant at anchorage. MOA: fast attack craft >150nm offshore. Weapons observed: M16 + RPG. boarders rifled bridge & masters cabin, stole cash and electronics."
ASAM-2024-01285,1993-03-23T02:00:00,1993,3,1.75,2.0848,Gulf of Guinea,Chemical Tanker,Attempted,0,0,AK-47,Chemical Tanker attacked by Bakassi Strike Force remnant in narrow channel. MOA: fast attack craft >150nm offshore. Weapons observed: M16 + RPG. approach broken off after master sounded alarm and engaged firehoses.
ASAM-2025-01286,2003-11-21T14:30:00,2003,11,13.1497,49.8306,Gulf of Aden,Container Ship,Hijacked,0,23,Small arms,"Container Ship attacked by Hobyo-Harardhere PAG in narrow channel. MOA: RPG warning shot then boarding. Weapons observed: knives/machetes. vessel hijacked, crew of 18 taken to coastal anchorage; 23 crew taken hostage; ransom demand transmitted within 72h."
ASAM-1993-01287,2011-10-23T04:40:00,2011,10,13.2333,48.4934,Gulf of Aden,General Cargo,Boarded,1,1,Knives,"General Cargo attacked by Hobyo-Harardhere PAG at anchorage. MOA: RPG warning shot then boarding. Weapons observed: knives/machetes. boarders rifled bridge & masters cabin, stole cash and electronics; 1 crew sustained injuries; 1 crew taken hostage; ransom demand transmitted within 72h."
ASAM-1994-01288,2003-04-25T08:19:00,2003,4,4.0813,99.7406,Strait of Malacca,Offshore Supply,Boarded,0,0,RPG,"Offshore Supply attacked by Free Aceh splinter (historical) approx 149nm offshore. MOA: fast skiff rob at narrow channel. Weapons observed: M16 + RPG. boarders rifled bridge & masters cabin, stole cash and electronics."
ASAM-1995-01289,2018-07-21T10:46:00,2018,7,5.8642,121.073,Sulu Sea,Crude Oil Tanker,Attempted,0,0,Knives,Crude Oil Tanker attacked by BIFF splinter group underway in transit lane. MOA: speedboat intercept tug & barge. Weapons observed: knives/machetes. approach broken off after master sounded alarm and engaged firehoses.
ASAM-1996-01290,1999-04-14T21:48:00,1999,4,3.3014,8.5571,Gulf of Guinea,Fishing Vessel,Attempted,0,0,AK-47,Fishing Vessel attacked by Niger Delta militant offshoot at anchorage. MOA: kidnap-for-ransom of officers. Weapons observed: knives/machetes. approach broken off after master sounded alarm and engaged firehoses.
ASAM-1997-01291,2024-01-01T03:07:00,2024,1,12.6024,52.1901,Gulf of Aden,Tug & Barge,Boarded,0,0,Knives,"Tug & Barge attacked by Somali pirate skiff network in narrow channel. MOA: RPG warning shot then boarding. Weapons observed: small arms. boarders rifled bridge & masters cabin, stole cash and electronics."
ASAM-1998-01292,2003-12-19T01:17:00,2003,12,4.5492,2.1457,Gulf of Guinea,Offshore Supply,Boarded,1,0,RPG,"Offshore Supply attacked by Bakassi Strike Force remnant in narrow channel. MOA: kidnap-for-ransom of officers. Weapons observed: RPG-7. boarders rifled bridge & masters cabin, stole cash and electronics; 2 crew sustained injuries."
ASAM-1999-01293,2016-10-10T02:48:00,2016,10,10.1135,110.1506,South China Sea,General Cargo,Boarded,0,0,AK-47,"General Cargo attacked by Filipino anchor-rob crew in narrow channel. MOA: stealth anchorage boarding. Weapons observed: M16 + RPG. boarders rifled bridge & masters cabin, stole cash and electronics."
ASAM-2000-01294,2013-06-24T18:36:00,2013,6,1.9923,99.1814,Strait of Malacca,Chemical Tanker,Attempted,0,0,AK-47,Chemical Tanker attacked by Riau Archipelago armed robbers underway in transit lane. MOA: nighttime stealth boarding at anchorage. Weapons observed: knives/machetes. approach broken off after master sounded alarm and engaged firehoses.
ASAM-2001-01295,1995-09-25T16:03:00,1995,9,3.258,2.5411,Gulf of Guinea,General Cargo,Fired Upon,0,0,Small arms,"General Cargo attacked by Bakassi Strike Force remnant at anchorage. MOA: tanker product theft (siphon). Weapons observed: RPG-7. master engaged evasive maneuvers, RPG and small arms fire received."
ASAM-2002-01296,2001-12-24T17:50:00,2001,12,3.8602,100.4574,Strait of Malacca,Bulk Carrier,Attempted,0,0,RPG,Bulk Carrier attacked by Indonesian coastal gang underway in transit lane. MOA: fast skiff rob at narrow channel. Weapons observed: AK-47. approach broken off after master sounded alarm and engaged firehoses.
ASAM-2003-01297,2000-06-01T04:11:00,2000,6,3.6926,3.0135,Gulf of Guinea,General Cargo,Attempted,1,0,Unknown,General Cargo attacked by Niger Delta militant offshoot underway in transit lane. MOA: fast attack craft >150nm offshore. Weapons observed: knives/machetes. approach broken off after master sounded alarm and engaged firehoses; 1 crew sustained injuries.
ASAM-2004-01298,2017-10-05T01:46:00,2017,10,5.8354,122.2212,Sulu Sea,Fishing Vessel,Suspicious Approach,0,0,RPG,Fishing Vessel attacked by BIFF splinter group approx 127nm offshore. MOA: speedboat intercept tug & barge. Weapons observed: small arms. unidentified skiff shadowed vessel for 18 minutes before withdrawing.
ASAM-2005-01299,2018-10-18T23:24:00,2018,10,5.7962,7.543,Gulf of Guinea,RoRo Vehicle Carrier,Attempted,0,0,Unknown,RoRo Vehicle Carrier attacked by Niger Delta militant offshoot approx 67nm offshore. MOA: tanker product theft (siphon). Weapons observed: RPG-7. approach broken off after master sounded alarm and engaged firehoses.
ASAM-2006-01300,2003-04-03T17:05:00,2003,4,12.7252,49.1036,Gulf of Aden,Fishing Vessel,Boarded,0,0,Small arms,"Fishing Vessel attacked by Puntland-based PAG approx 118nm offshore. MOA: grappling hook boarding at low freeboard. Weapons observed: knives/machetes. boarders rifled bridge & masters cabin, stole cash and electronics."
ASAM-2007-01301,2015-07-19T18:09:00,2015,7,8.8047,112.1564,South China Sea,General Cargo,Boarded,0,5,RPG,"General Cargo attacked by Filipino anchor-rob crew underway in transit lane. MOA: product theft (diesel siphoning). Weapons observed: knives/machetes. boarders rifled bridge & masters cabin, stole cash and electronics; 5 crew taken hostage; ransom demand transmitted within 72h."
ASAM-2008-01302,2010-03-23T08:23:00,2010,3,13.4647,49.7805,Gulf of Aden,Chemical Tanker,Boarded,0,0,AK-47,"Chemical Tanker attacked by Somali pirate skiff network at anchorage. MOA: grappling hook boarding at low freeboard. Weapons observed: knives/machetes. boarders rifled bridge & masters cabin, stole cash and electronics."
ASAM-2009-01303,2018-11-23T19:40:00,2018,11,12.6861,49.4823,Gulf of Aden,Fishing Vessel,Attempted,1,0,Small arms,Fishing Vessel attacked by Hobyo-Harardhere PAG at anchorage. MOA: RPG warning shot then boarding. Weapons observed: M16 + RPG. approach broken off after master sounded alarm and engaged firehoses; 4 crew sustained injuries.
ASAM-2010-01304,2012-08-23T19:34:00,2012,8,12.8234,50.035,Gulf of Aden,LPG/LNG Tanker,Boarded,0,0,AK-47,"LPG/LNG Tanker attacked by Puntland-based PAG at anchorage. MOA: RPG warning shot then boarding. Weapons observed: M16 + RPG. boarders rifled bridge & masters cabin, stole cash and electronics."
ASAM-2011-01305,1996-01-13T13:18:00,1996,1,15.241,51.7969,Gulf of Aden,Fishing Vessel,Hijacked,0,17,AK-47,"Fishing Vessel attacked by Hobyo-Harardhere PAG underway in transit lane. MOA: grappling hook boarding at low freeboard. Weapons observed: M16 + RPG. vessel hijacked, crew of 15 taken to coastal anchorage; 17 crew taken hostage; ransom demand transmitted within 72h."
ASAM-2012-01306,2021-10-26T21:11:00,2021,10,3.2411,6.4921,Gulf of Guinea,General Cargo,Boarded,0,0,Knives,"General Cargo attacked by Bakassi Strike Force remnant in narrow channel. MOA: fast attack craft >150nm offshore. Weapons observed: M16 + RPG. boarders rifled bridge & masters cabin, stole cash and electronics."
ASAM-2013-01307,1998-11-01T22:45:00,1998,11,6.2842,120.0141,Sulu Sea,General Cargo,Suspicious Approach,0,0,Unknown,General Cargo attacked by Abu Sayyaf maritime cell underway in transit lane. MOA: speedboat intercept tug & barge. Weapons observed: AK-47. unidentified skiff shadowed vessel for 18 minutes before withdrawing.
ASAM-2014-01308,2008-06-28T02:30:00,2008,6,13.067,46.672,Gulf of Aden,Fishing Vessel,Boarded,0,0,Knives,"Fishing Vessel attacked by Hobyo-Harardhere PAG in narrow channel. MOA: grappling hook boarding at low freeboard. Weapons observed: small arms. boarders rifled bridge & masters cabin, stole cash and electronics."
ASAM-2015-01309,2018-04-24T22:14:00,2018,4,6.9552,118.1069,Sulu Sea,Container Ship,Fired Upon,0,0,AK-47,"Container Ship attacked by BIFF splinter group approx 278nm offshore. MOA: hostage transfer to Jolo island camps. Weapons observed: AK-47. master engaged evasive maneuvers, RPG and small arms fire received."
ASAM-2016-01310,2005-03-27T23:29:00,2005,3,3.191,98.0648,Strait of Malacca,Bulk Carrier,Attempted,0,0,Unknown,"Bulk Carrier attacked by Riau Archipelago armed robbers approx 146nm offshore. MOA: knife-armed boarders, no firearms. Weapons observed: small arms. approach broken off after master sounded alarm and engaged firehoses."
ASAM-2017-01311,2006-04-06T23:24:00,2006,4,2.6496,101.3449,Strait of Malacca,Bulk Carrier,Boarded,0,0,Small arms,"Bulk Carrier attacked by Free Aceh splinter (historical) in narrow channel. MOA: nighttime stealth boarding at anchorage. Weapons observed: RPG-7. boarders rifled bridge & masters cabin, stole cash and electronics."
ASAM-2018-01312,2008-01-22T01:28:00,2008,1,11.8053,43.8644,Gulf of Aden,Container Ship,Boarded,0,0,Unknown,"Container Ship attacked by Hobyo-Harardhere PAG approx 272nm offshore. MOA: AK-47 small arms suppression. Weapons observed: small arms. boarders rifled bridge & masters cabin, stole cash and electronics."
ASAM-2019-01313,2019-01-09T21:21:00,2019,1,10.4792,114.3311,South China Sea,Chemical Tanker,Boarded,0,4,Unknown,"Chemical Tanker attacked by Filipino anchor-rob crew approx 123nm offshore. MOA: stealth anchorage boarding. Weapons observed: M16 + RPG. boarders rifled bridge & masters cabin, stole cash and electronics; 4 crew taken hostage; ransom demand transmitted within 72h."
ASAM-2020-01314,2002-03-19T03:57:00,2002,3,12.8065,48.6069,Gulf of Aden,LPG/LNG Tanker,Attempted,0,0,Small arms,LPG/LNG Tanker attacked by Hobyo-Harardhere PAG in narrow channel. MOA: mothership-launched skiff swarm. Weapons observed: M16 + RPG. approach broken off after master sounded alarm and engaged firehoses.
ASAM-2021-01315,2003-03-06T04:49:00,2003,3,3.8164,5.1515,Gulf of Guinea,Crude Oil Tanker,Suspicious Approach,0,0,Small arms,Crude Oil Tanker attacked by Niger Delta militant offshoot underway in transit lane. MOA: AK-47 + GPMG armed boarding. Weapons observed: small arms. unidentified skiff shadowed vessel for 18 minutes before withdrawing.
ASAM-2022-01316,2018-11-16T17:03:00,2018,11,5.8956,120.1214,Sulu Sea,Offshore Supply,Suspicious Approach,0,0,Small arms,Offshore Supply attacked by Abu Sayyaf maritime cell at anchorage. MOA: speedboat intercept tug & barge. Weapons observed: knives/machetes. unidentified skiff shadowed vessel for 18 minutes before withdrawing.
ASAM-2023-01317,2005-05-09T06:07:00,2005,5,2.8927,104.1526,Strait of Malacca,General Cargo,Boarded,1,0,AK-47,"General Cargo attacked by Riau Archipelago armed robbers approx 144nm offshore. MOA: nighttime stealth boarding at anchorage. Weapons observed: knives/machetes. boarders rifled bridge & masters cabin, stole cash and electronics; 3 crew sustained injuries."
ASAM-2024-01318,2018-08-21T22:54:00,2018,8,3.3798,6.3684,Gulf of Guinea,Tug & Barge,Hijacked,0,14,Knives,"Tug & Barge attacked by Bakassi Strike Force remnant in narrow channel. MOA: AK-47 + GPMG armed boarding. Weapons observed: small arms. vessel hijacked, crew of 27 taken to coastal anchorage; 14 crew taken hostage; ransom demand transmitted within 72h."
ASAM-2025-01319,2023-01-18T04:53:00,2023,1,8.8146,-64.7382,Caribbean / Venezuelan,Fishing Vessel,Hijacked,0,18,Unknown,"Fishing Vessel attacked by Venezuelan coastal gang underway in transit lane. MOA: crew theft + minor injuries. Weapons observed: AK-47. vessel hijacked, crew of 25 taken to coastal anchorage; 18 crew taken hostage; ransom demand transmitted within 72h."
ASAM-1993-01320,2018-06-16T01:14:00,2018,6,2.4843,8.4264,Gulf of Guinea,Fishing Vessel,Fired Upon,0,0,AK-47,"Fishing Vessel attacked by Niger Delta militant offshoot underway in transit lane. MOA: fast attack craft >150nm offshore. Weapons observed: M16 + RPG. master engaged evasive maneuvers, RPG and small arms fire received."
ASAM-1994-01321,2005-01-09T02:37:00,2005,1,3.3399,101.063,Strait of Malacca,Chemical Tanker,Attempted,0,0,RPG,Chemical Tanker attacked by Riau Archipelago armed robbers in narrow channel. MOA: crew rob & flee in <30 min. Weapons observed: M16 + RPG. approach broken off after master sounded alarm and engaged firehoses.
ASAM-1995-01322,2002-02-21T01:17:00,2002,2,6.24,4.7892,Gulf of Guinea,Offshore Supply,Fired Upon,0,0,AK-47,"Offshore Supply attacked by Nigerian kidnap-for-ransom cell underway in transit lane. MOA: kidnap-for-ransom of officers. Weapons observed: knives/machetes. master engaged evasive maneuvers, RPG and small arms fire received."
ASAM-1996-01323,2018-02-10T11:53:00,2018,2,7.082,120.8802,Sulu Sea,Bulk Carrier,Boarded,1,0,Small arms,"Bulk Carrier attacked by Abu Sayyaf maritime cell at anchorage. MOA: M16 + RPG armed boarding. Weapons observed: RPG-7. boarders rifled bridge & masters cabin, stole cash and electronics; 4 crew sustained injuries."
ASAM-1997-01324,2015-02-06T03:35:00,2015,2,8.8215,113.0037,South China Sea,RoRo Vehicle Carrier,Attempted,0,0,RPG,RoRo Vehicle Carrier attacked by Vietnamese coastal robbers in narrow channel. MOA: stealth anchorage boarding. Weapons observed: M16 + RPG. approach broken off after master sounded alarm and engaged firehoses.
ASAM-1998-01325,2019-05-16T21:50:00,2019,5,5.0419,8.5027,Gulf of Guinea,Chemical Tanker,Boarded,0,0,RPG,"Chemical Tanker attacked by Niger Delta militant offshoot in narrow channel. MOA: tanker product theft (siphon). Weapons observed: knives/machetes. boarders rifled bridge & masters cabin, stole cash and electronics."
ASAM-1999-01326,2010-03-02T00:08:00,2010,3,13.6676,49.6576,Gulf of Aden,Tug & Barge,Attempted,0,0,Small arms,Tug & Barge attacked by Hobyo-Harardhere PAG at anchorage. MOA: grappling hook boarding at low freeboard. Weapons observed: AK-47. approach broken off after master sounded alarm and engaged firehoses.
ASAM-2000-01327,2020-03-15T22:20:00,2020,3,2.953,8.8891,Gulf of Guinea,General Cargo,Attempted,0,0,Unknown,General Cargo attacked by Niger Delta militant offshoot in narrow channel. MOA: fast attack craft >150nm offshore. Weapons observed: M16 + RPG. approach broken off after master sounded alarm and engaged firehoses.
ASAM-2001-01328,2002-02-02T05:50:00,2002,2,5.5532,6.353,Gulf of Guinea,General Cargo,Fired Upon,0,0,AK-47,"General Cargo attacked by Bakassi Strike Force remnant underway in transit lane. MOA: tanker product theft (siphon). Weapons observed: AK-47. master engaged evasive maneuvers, RPG and small arms fire received."
ASAM-2002-01329,2006-01-24T04:32:00,2006,1,5.5847,120.5485,Sulu Sea,Bulk Carrier,Boarded,0,0,Small arms,"Bulk Carrier attacked by Sulu archipelago kidnapping ring approx 24nm offshore. MOA: hostage transfer to Jolo island camps. Weapons observed: small arms. boarders rifled bridge & masters cabin, stole cash and electronics."
ASAM-2003-01330,1999-09-01T02:45:00,1999,9,1.6051,4.5542,Gulf of Guinea,Container Ship,Hijacked,0,10,AK-47,"Container Ship attacked by Bakassi Strike Force remnant approx 205nm offshore. MOA: AK-47 + GPMG armed boarding. Weapons observed: knives/machetes. vessel hijacked, crew of 22 taken to coastal anchorage; 10 crew taken hostage; ransom demand transmitted within 72h."
ASAM-2004-01331,2011-07-14T01:54:00,2011,7,13.0453,47.5044,Gulf of Aden,Container Ship,Boarded,0,0,Unknown,"Container Ship attacked by Puntland-based PAG at anchorage. MOA: AK-47 small arms suppression. Weapons observed: AK-47. boarders rifled bridge & masters cabin, stole cash and electronics."
ASAM-2005-01332,2015-02-20T21:13:00,2015,2,3.4839,99.8545,Strait of Malacca,Bulk Carrier,Fired Upon,1,0,AK-47,"Bulk Carrier attacked by Free Aceh splinter (historical) underway in transit lane. MOA: knife-armed boarders, no firearms. Weapons observed: small arms. master engaged evasive maneuvers, RPG and small arms fire received; 2 crew sustained injuries."
ASAM-2006-01333,2015-04-07T22:23:00,2015,4,9.1588,114.7563,South China Sea,Crude Oil Tanker,Boarded,0,0,AK-47,"Crude Oil Tanker attacked by Vietnamese coastal robbers approx 185nm offshore. MOA: product theft (diesel siphoning). Weapons observed: RPG-7. boarders rifled bridge & masters cabin, stole cash and electronics."
ASAM-2007-01334,2015-09-20T11:53:00,2015,9,8.8642,114.5163,South China Sea,Container Ship,Attempted,0,0,AK-47,Container Ship attacked by Vietnamese coastal robbers in narrow channel. MOA: product theft (diesel siphoning). Weapons observed: M16 + RPG. approach broken off after master sounded alarm and engaged firehoses.
ASAM-2008-01335,2018-07-17T21:53:00,2018,7,4.3386,4.0145,Gulf of Guinea,Container Ship,Boarded,1,0,AK-47,"Container Ship attacked by Bakassi Strike Force remnant in narrow channel. MOA: fast attack craft >150nm offshore. Weapons observed: RPG-7. boarders rifled bridge & masters cabin, stole cash and electronics; 1 crew sustained injuries."
ASAM-2009-01336,2008-06-26T01:55:00,2008,6,14.222,47.0705,Gulf of Aden,Offshore Supply,Boarded,0,0,Unknown,"Offshore Supply attacked by Puntland-based PAG at anchorage. MOA: RPG warning shot then boarding. Weapons observed: small arms. boarders rifled bridge & masters cabin, stole cash and electronics."
ASAM-2010-01337,2017-03-21T07:49:00,2017,3,5.8041,120.3204,Sulu Sea,Chemical Tanker,Boarded,1,0,Knives,"Chemical Tanker attacked by Sulu archipelago kidnapping ring in narrow channel. MOA: hostage transfer to Jolo island camps. Weapons observed: AK-47. boarders rifled bridge & masters cabin, stole cash and electronics; 2 crew sustained injuries."
ASAM-2011-01338,1998-04-11T12:50:00,1998,4,6.2796,121.89,Sulu Sea,Chemical Tanker,Hijacked,0,26,RPG,"Chemical Tanker attacked by Abu Sayyaf maritime cell underway in transit lane. MOA: hostage transfer to Jolo island camps. Weapons observed: RPG-7. vessel hijacked, crew of 17 taken to coastal anchorage; 26 crew taken hostage; ransom demand transmitted within 72h."
ASAM-2012-01339,2014-07-09T21:50:00,2014,7,11.8307,112.3065,South China Sea,Bulk Carrier,Fired Upon,0,0,Small arms,"Bulk Carrier attacked by Filipino anchor-rob crew in narrow channel. MOA: stealth anchorage boarding. Weapons observed: knives/machetes. master engaged evasive maneuvers, RPG and small arms fire received."
ASAM-2013-01340,2009-09-28T21:01:00,2009,9,3.1573,5.1302,Gulf of Guinea,Yacht,Fired Upon,0,0,Unknown,"Yacht attacked by Niger Delta militant offshoot at anchorage. MOA: tanker product theft (siphon). Weapons observed: RPG-7. master engaged evasive maneuvers, RPG and small arms fire received."
ASAM-2014-01341,2020-08-03T06:31:00,2020,8,2.1869,7.78,Gulf of Guinea,Fishing Vessel,Boarded,1,0,RPG,"Fishing Vessel attacked by Niger Delta militant offshoot in narrow channel. MOA: fast attack craft >150nm offshore. Weapons observed: RPG-7. boarders rifled bridge & masters cabin, stole cash and electronics; 2 crew sustained injuries."
ASAM-2015-01342,2004-07-20T20:26:00,2004,7,3.9963,101.5388,Strait of Malacca,General Cargo,Attempted,0,0,AK-47,General Cargo attacked by Free Aceh splinter (historical) in narrow channel. MOA: fast skiff rob at narrow channel. Weapons observed: small arms. approach broken off after master sounded alarm and engaged firehoses.
ASAM-2016-01343,2000-11-08T14:18:00,2000,11,2.8244,102.1161,Strait of Malacca,Bulk Carrier,Attempted,0,0,AK-47,Bulk Carrier attacked by Indonesian coastal gang underway in transit lane. MOA: nighttime stealth boarding at anchorage. Weapons observed: small arms. approach broken off after master sounded alarm and engaged firehoses.
ASAM-2017-01344,2003-01-04T22:41:00,2003,1,3.4101,5.2208,Gulf of Guinea,Tug & Barge,Attempted,0,0,Knives,Tug & Barge attacked by Bakassi Strike Force remnant in narrow channel. MOA: AK-47 + GPMG armed boarding. Weapons observed: RPG-7. approach broken off after master sounded alarm and engaged firehoses.
ASAM-2018-01345,2016-05-16T06:18:00,2016,5,11.6066,115.2855,South China Sea,Chemical Tanker,Attempted,1,0,RPG,Chemical Tanker attacked by Filipino anchor-rob crew in narrow channel. MOA: product theft (diesel siphoning). Weapons observed: RPG-7. approach broken off after master sounded alarm and engaged firehoses; 2 crew sustained injuries.
ASAM-2019-01346,1993-01-02T23:41:00,1993,1,4.1919,102.7495,Strait of Malacca,Container Ship,Attempted,0,0,Knives,Container Ship attacked by Riau Archipelago armed robbers underway in transit lane. MOA: fast skiff rob at narrow channel. Weapons observed: small arms. approach broken off after master sounded alarm and engaged firehoses.
ASAM-2020-01347,2007-02-26T07:57:00,2007,2,6.0138,121.8657,Sulu Sea,General Cargo,Boarded,0,0,RPG,"General Cargo attacked by Sulu archipelago kidnapping ring at anchorage. MOA: M16 + RPG armed boarding. Weapons observed: AK-47. boarders rifled bridge & masters cabin, stole cash and electronics."
ASAM-2021-01348,2006-03-21T19:21:00,2006,3,4.8794,100.9744,Strait of Malacca,Fishing Vessel,Fired Upon,0,0,AK-47,"Fishing Vessel attacked by Free Aceh splinter (historical) approx 267nm offshore. MOA: nighttime stealth boarding at anchorage. Weapons observed: knives/machetes. master engaged evasive maneuvers, RPG and small arms fire received."
ASAM-2022-01349,2012-08-23T21:33:00,2012,8,13.092,50.4952,Gulf of Aden,Bulk Carrier,Attempted,0,0,RPG,Bulk Carrier attacked by Somali pirate skiff network underway in transit lane. MOA: RPG warning shot then boarding. Weapons observed: RPG-7. approach broken off after master sounded alarm and engaged firehoses.
ASAM-2023-01350,2006-11-10T22:48:00,2006,11,8.736,110.374,South China Sea,Chemical Tanker,Boarded,0,3,Unknown,"Chemical Tanker attacked by Filipino anchor-rob crew at anchorage. MOA: stealth anchorage boarding. Weapons observed: AK-47. boarders rifled bridge & masters cabin, stole cash and electronics; 3 crew taken hostage; ransom demand transmitted within 72h."
ASAM-2024-01351,2004-05-17T03:35:00,2004,5,2.83,98.0257,Strait of Malacca,Bulk Carrier,Boarded,0,0,Knives,"Bulk Carrier attacked by Indonesian coastal gang underway in transit lane. MOA: nighttime stealth boarding at anchorage. Weapons observed: M16 + RPG. boarders rifled bridge & masters cabin, stole cash and electronics."
ASAM-2025-01352,2015-06-21T05:31:00,2015,6,5.8481,120.2908,Sulu Sea,General Cargo,Boarded,1,0,AK-47,"General Cargo attacked by BIFF splinter group approx 183nm offshore. MOA: speedboat intercept tug & barge. Weapons observed: M16 + RPG. boarders rifled bridge & masters cabin, stole cash and electronics; 1 crew sustained injuries."
ASAM-1993-01353,1994-03-24T14:39:00,1994,3,12.9706,-66.08,Caribbean / Venezuelan,Bulk Carrier,Boarded,1,0,AK-47,"Bulk Carrier attacked by Trinidad-Tobago smuggler crew in narrow channel. MOA: crew theft + minor injuries. Weapons observed: small arms. boarders rifled bridge & masters cabin, stole cash and electronics; 1 crew sustained injuries."
ASAM-1994-01354,2018-08-02T00:13:00,2018,8,6.3685,120.136,Sulu Sea,Crude Oil Tanker,Hijacked,0,15,Small arms,"Crude Oil Tanker attacked by Abu Sayyaf maritime cell underway in transit lane. MOA: speedboat intercept tug & barge. Weapons observed: AK-47. vessel hijacked, crew of 12 taken to coastal anchorage; 15 crew taken hostage; ransom demand transmitted within 72h."
ASAM-1995-01355,2023-11-25T21:56:00,2023,11,6.468,121.1506,Sulu Sea,Container Ship,Hijacked,1,21,RPG,"Container Ship attacked by Sulu archipelago kidnapping ring in narrow channel. MOA: hostage transfer to Jolo island camps. Weapons observed: small arms. vessel hijacked, crew of 16 taken to coastal anchorage; 4 crew sustained injuries; 21 crew taken hostage; ransom demand transmitted within 72h."
ASAM-1996-01356,2014-10-14T20:01:00,2014,10,8.6203,113.5397,South China Sea,Container Ship,Fired Upon,0,0,Small arms,"Container Ship attacked by Vietnamese coastal robbers approx 29nm offshore. MOA: product theft (diesel siphoning). Weapons observed: small arms. master engaged evasive maneuvers, RPG and small arms fire received."
ASAM-1997-01357,2004-09-25T19:02:00,2004,9,4.0385,6.3783,Gulf of Guinea,Yacht,Boarded,0,2,Unknown,"Yacht attacked by Niger Delta militant offshoot at anchorage. MOA: AK-47 + GPMG armed boarding. Weapons observed: AK-47. boarders rifled bridge & masters cabin, stole cash and electronics; 2 crew taken hostage; ransom demand transmitted within 72h."
ASAM-1998-01358,2018-01-16T13:37:00,2018,1,5.0563,9.5355,Gulf of Guinea,Chemical Tanker,Fired Upon,1,0,Knives,"Chemical Tanker attacked by Bakassi Strike Force remnant approx 247nm offshore. MOA: fast attack craft >150nm offshore. Weapons observed: M16 + RPG. master engaged evasive maneuvers, RPG and small arms fire received; 1 crew sustained injuries."
ASAM-1999-01359,2008-04-16T19:39:00,2008,4,12.7334,50.3023,Gulf of Aden,Crude Oil Tanker,Boarded,1,0,Small arms,"Crude Oil Tanker attacked by Somali pirate skiff network underway in transit lane. MOA: RPG warning shot then boarding. Weapons observed: AK-47. boarders rifled bridge & masters cabin, stole cash and electronics; 1 crew sustained injuries."
ASAM-2000-01360,2004-06-15T20:22:00,2004,6,3.1104,5.748,Gulf of Guinea,Container Ship,Suspicious Approach,0,0,Small arms,Container Ship attacked by Nigerian kidnap-for-ransom cell in narrow channel. MOA: fast attack craft >150nm offshore. Weapons observed: knives/machetes. unidentified skiff shadowed vessel for 18 minutes before withdrawing.
ASAM-2001-01361,2020-02-04T04:48:00,2020,2,3.0806,0.0696,Gulf of Guinea,LPG/LNG Tanker,Attempted,0,0,RPG,LPG/LNG Tanker attacked by Bakassi Strike Force remnant underway in transit lane. MOA: kidnap-for-ransom of officers. Weapons observed: M16 + RPG. approach broken off after master sounded alarm and engaged firehoses.
ASAM-2002-01362,2008-06-27T18:28:00,2008,6,13.1254,49.0557,Gulf of Aden,Crude Oil Tanker,Boarded,0,0,AK-47,"Crude Oil Tanker attacked by Puntland-based PAG in narrow channel. MOA: mothership-launched skiff swarm. Weapons observed: M16 + RPG. boarders rifled bridge & masters cabin, stole cash and electronics."
ASAM-2003-01363,2008-09-10T00:33:00,2008,9,12.4125,48.6468,Gulf of Aden,General Cargo,Boarded,1,0,RPG,"General Cargo attacked by Hobyo-Harardhere PAG in narrow channel. MOA: mothership-launched skiff swarm. Weapons observed: M16 + RPG. boarders rifled bridge & masters cabin, stole cash and electronics; 4 crew sustained injuries."
ASAM-2004-01364,2009-02-19T10:22:00,2009,2,13.6969,50.0879,Gulf of Aden,Offshore Supply,Attempted,0,0,Unknown,Offshore Supply attacked by Puntland-based PAG in narrow channel. MOA: grappling hook boarding at low freeboard. Weapons observed: AK-47. approach broken off after master sounded alarm and engaged firehoses.
ASAM-2005-01365,2003-03-21T16:34:00,2003,3,3.534,101.9035,Strait of Malacca,Bulk Carrier,Boarded,0,0,RPG,"Bulk Carrier attacked by Indonesian coastal gang in narrow channel. MOA: fast skiff rob at narrow channel. Weapons observed: small arms. boarders rifled bridge & masters cabin, stole cash and electronics."
ASAM-2006-01366,2004-09-02T02:18:00,2004,9,2.4251,100.2535,Strait of Malacca,Bulk Carrier,Attempted,0,0,RPG,Bulk Carrier attacked by Free Aceh splinter (historical) underway in transit lane. MOA: fast skiff rob at narrow channel. Weapons observed: knives/machetes. approach broken off after master sounded alarm and engaged firehoses.
ASAM-2007-01367,2010-01-15T18:50:00,2010,1,1.7314,5.3172,Gulf of Guinea,Container Ship,Boarded,0,3,Knives,"Container Ship attacked by Bakassi Strike Force remnant approx 95nm offshore. MOA: AK-47 + GPMG armed boarding. Weapons observed: M16 + RPG. boarders rifled bridge & masters cabin, stole cash and electronics; 3 crew taken hostage; ransom demand transmitted within 72h."
ASAM-2008-01368,2017-09-25T21:36:00,2017,9,6.8819,120.8061,Sulu Sea,RoRo Vehicle Carrier,Hijacked,0,14,RPG,"RoRo Vehicle Carrier attacked by Abu Sayyaf maritime cell at anchorage. MOA: abduction of fishing crew. Weapons observed: M16 + RPG. vessel hijacked, crew of 25 taken to coastal anchorage; 14 crew taken hostage; ransom demand transmitted within 72h."
ASAM-2009-01369,2000-12-22T02:27:00,2000,12,12.2542,47.2323,Gulf of Aden,Bulk Carrier,Boarded,0,0,Knives,"Bulk Carrier attacked by Somali pirate skiff network in narrow channel. MOA: grappling hook boarding at low freeboard. Weapons observed: AK-47. boarders rifled bridge & masters cabin, stole cash and electronics."
ASAM-2010-01370,2014-10-23T04:36:00,2014,10,10.0505,115.5868,South China Sea,Container Ship,Boarded,1,4,Unknown,"Container Ship attacked by Vietnamese coastal robbers in narrow channel. MOA: product theft (diesel siphoning). Weapons observed: RPG-7. boarders rifled bridge & masters cabin, stole cash and electronics; 2 crew sustained injuries; 4 crew taken hostage; ransom demand transmitted within 72h."
ASAM-2011-01371,2011-01-12T02:48:00,2011,1,12.9021,51.296,Gulf of Aden,Fishing Vessel,Fired Upon,0,0,AK-47,"Fishing Vessel attacked by Somali pirate skiff network in narrow channel. MOA: RPG warning shot then boarding. Weapons observed: M16 + RPG. master engaged evasive maneuvers, RPG and small arms fire received."
ASAM-2012-01372,2012-02-17T12:54:00,2012,2,13.0321,52.3701,Gulf of Aden,Bulk Carrier,Fired Upon,0,0,AK-47,"Bulk Carrier attacked by Puntland-based PAG at anchorage. MOA: RPG warning shot then boarding. Weapons observed: M16 + RPG. master engaged evasive maneuvers, RPG and small arms fire received."
ASAM-2013-01373,2000-10-27T02:17:00,2000,10,5.7655,118.5786,Sulu Sea,Chemical Tanker,Attempted,0,0,AK-47,Chemical Tanker attacked by BIFF splinter group underway in transit lane. MOA: abduction of fishing crew. Weapons observed: M16 + RPG. approach broken off after master sounded alarm and engaged firehoses.
ASAM-2014-01374,2012-01-17T20:41:00,2012,1,13.2504,47.7407,Gulf of Aden,Chemical Tanker,Boarded,1,4,Small arms,"Chemical Tanker attacked by Hobyo-Harardhere PAG approx 273nm offshore. MOA: grappling hook boarding at low freeboard. Weapons observed: knives/machetes. boarders rifled bridge & masters cabin, stole cash and electronics; 4 crew sustained injuries; 4 crew taken hostage; ransom demand transmitted within 72h."
ASAM-2015-01375,2008-12-12T02:57:00,2008,12,14.0253,50.0225,Gulf of Aden,LPG/LNG Tanker,Boarded,0,1,Unknown,"LPG/LNG Tanker attacked by Hobyo-Harardhere PAG underway in transit lane. MOA: AK-47 small arms suppression. Weapons observed: AK-47. boarders rifled bridge & masters cabin, stole cash and electronics; 1 crew taken hostage; ransom demand transmitted within 72h."
ASAM-2016-01376,2025-01-08T01:44:00,2025,1,2.4841,100.4083,Strait of Malacca,Container Ship,Boarded,1,0,AK-47,"Container Ship attacked by Indonesian coastal gang approx 100nm offshore. MOA: fast skiff rob at narrow channel. Weapons observed: AK-47. boarders rifled bridge & masters cabin, stole cash and electronics; 4 crew sustained injuries."
ASAM-2017-01377,2000-03-10T20:51:00,2000,3,10.3711,-68.0795,Caribbean / Venezuelan,Yacht,Boarded,0,5,RPG,"Yacht attacked by Venezuelan coastal gang in narrow channel. MOA: small arms intimidation. Weapons observed: RPG-7. boarders rifled bridge & masters cabin, stole cash and electronics; 5 crew taken hostage; ransom demand transmitted within 72h."
ASAM-2018-01378,2019-11-24T05:12:00,2019,11,9.4177,-66.4754,Caribbean / Venezuelan,General Cargo,Boarded,0,0,Small arms,"General Cargo attacked by Venezuelan coastal gang in narrow channel. MOA: crew theft + minor injuries. Weapons observed: knives/machetes. boarders rifled bridge & masters cabin, stole cash and electronics."
ASAM-2019-01379,2014-12-01T01:28:00,2014,12,12.1732,110.6127,South China Sea,Crude Oil Tanker,Suspicious Approach,0,0,Knives,Crude Oil Tanker attacked by Filipino anchor-rob crew at anchorage. MOA: stealth anchorage boarding. Weapons observed: small arms. unidentified skiff shadowed vessel for 18 minutes before withdrawing.
ASAM-2020-01380,2010-03-21T20:35:00,2010,3,14.7794,50.2633,Gulf of Aden,Container Ship,Boarded,0,0,Knives,"Container Ship attacked by Hobyo-Harardhere PAG approx 23nm offshore. MOA: RPG warning shot then boarding. Weapons observed: knives/machetes. boarders rifled bridge & masters cabin, stole cash and electronics."
ASAM-2021-01381,2008-05-20T04:20:00,2008,5,11.3171,49.9989,Gulf of Aden,General Cargo,Boarded,1,0,Small arms,"General Cargo attacked by Puntland-based PAG at anchorage. MOA: mothership-launched skiff swarm. Weapons observed: small arms. boarders rifled bridge & masters cabin, stole cash and electronics; 2 crew sustained injuries."
ASAM-2022-01382,2017-11-12T20:57:00,2017,11,4.9609,120.4244,Sulu Sea,Offshore Supply,Boarded,1,0,AK-47,"Offshore Supply attacked by Sulu archipelago kidnapping ring in narrow channel. MOA: M16 + RPG armed boarding. Weapons observed: small arms. boarders rifled bridge & masters cabin, stole cash and electronics; 3 crew sustained injuries."
ASAM-2023-01383,2012-10-01T02:10:00,2012,10,13.6458,49.5,Gulf of Aden,Crude Oil Tanker,Attempted,0,0,RPG,Crude Oil Tanker attacked by Somali pirate skiff network underway in transit lane. MOA: mothership-launched skiff swarm. Weapons observed: M16 + RPG. approach broken off after master sounded alarm and engaged firehoses.
ASAM-2024-01384,2005-11-27T00:49:00,2005,11,5.8492,121.7694,Sulu Sea,Crude Oil Tanker,Attempted,0,0,RPG,Crude Oil Tanker attacked by BIFF splinter group approx 84nm offshore. MOA: speedboat intercept tug & barge. Weapons observed: M16 + RPG. approach broken off after master sounded alarm and engaged firehoses.
ASAM-2025-01385,2017-08-15T20:23:00,2017,8,5.363,120.8792,Sulu Sea,Offshore Supply,Attempted,0,0,Small arms,Offshore Supply attacked by BIFF splinter group underway in transit lane. MOA: speedboat intercept tug & barge. Weapons observed: M16 + RPG. approach broken off after master sounded alarm and engaged firehoses.
ASAM-1993-01386,2008-08-07T10:11:00,2008,8,11.2472,50.9793,Gulf of Aden,Fishing Vessel,Boarded,0,0,RPG,"Fishing Vessel attacked by Puntland-based PAG approx 22nm offshore. MOA: RPG warning shot then boarding. Weapons observed: AK-47. boarders rifled bridge & masters cabin, stole cash and electronics."
ASAM-1994-01387,2011-05-10T14:48:00,2011,5,13.3603,49.1192,Gulf of Aden,Bulk Carrier,Attempted,0,0,Small arms,Bulk Carrier attacked by Hobyo-Harardhere PAG approx 36nm offshore. MOA: grappling hook boarding at low freeboard. Weapons observed: RPG-7. approach broken off after master sounded alarm and engaged firehoses.
ASAM-1995-01388,2003-01-16T03:02:00,2003,1,9.8796,115.0878,South China Sea,Container Ship,Suspicious Approach,0,0,RPG,Container Ship attacked by Filipino anchor-rob crew at anchorage. MOA: product theft (diesel siphoning). Weapons observed: M16 + RPG. unidentified skiff shadowed vessel for 18 minutes before withdrawing.
ASAM-1996-01389,2024-07-23T23:47:00,2024,7,4.0305,4.3636,Gulf of Guinea,General Cargo,Boarded,0,0,Knives,"General Cargo attacked by Nigerian kidnap-for-ransom cell in narrow channel. MOA: tanker product theft (siphon). Weapons observed: M16 + RPG. boarders rifled bridge & masters cabin, stole cash and electronics."
ASAM-1997-01390,2025-03-27T00:48:00,2025,3,12.3657,-65.8987,Caribbean / Venezuelan,Bulk Carrier,Attempted,0,0,AK-47,Bulk Carrier attacked by Trinidad-Tobago smuggler crew approx 45nm offshore. MOA: yacht boarding at anchorage. Weapons observed: M16 + RPG. approach broken off after master sounded alarm and engaged firehoses.
ASAM-1998-01391,1993-05-17T03:41:00,1993,5,3.4329,98.9883,Strait of Malacca,Fishing Vessel,Suspicious Approach,0,0,Unknown,Fishing Vessel attacked by Riau Archipelago armed robbers approx 113nm offshore. MOA: crew rob & flee in <30 min. Weapons observed: AK-47. unidentified skiff shadowed vessel for 18 minutes before withdrawing.
ASAM-1999-01392,2015-05-13T21:54:00,2015,5,5.4201,3.7624,Gulf of Guinea,LPG/LNG Tanker,Boarded,0,2,Unknown,"LPG/LNG Tanker attacked by Nigerian kidnap-for-ransom cell in narrow channel. MOA: tanker product theft (siphon). Weapons observed: knives/machetes. boarders rifled bridge & masters cabin, stole cash and electronics; 2 crew taken hostage; ransom demand transmitted within 72h."
ASAM-2000-01393,2017-10-26T18:02:00,2017,10,3.1882,99.026,Strait of Malacca,General Cargo,Attempted,0,0,Small arms,General Cargo attacked by Free Aceh splinter (historical) underway in transit lane. MOA: fast skiff rob at narrow channel. Weapons observed: M16 + RPG. approach broken off after master sounded alarm and engaged firehoses.
ASAM-2001-01394,2018-07-18T18:23:00,2018,7,5.6169,119.759,Sulu Sea,General Cargo,Attempted,0,0,Small arms,General Cargo attacked by Abu Sayyaf maritime cell at anchorage. MOA: hostage transfer to Jolo island camps. Weapons observed: RPG-7. approach broken off after master sounded alarm and engaged firehoses.
ASAM-2002-01395,2009-06-02T02:38:00,2009,6,14.4194,48.9935,Gulf of Aden,Crude Oil Tanker,Boarded,0,0,Small arms,"Crude Oil Tanker attacked by Hobyo-Harardhere PAG underway in transit lane. MOA: AK-47 small arms suppression. Weapons observed: M16 + RPG. boarders rifled bridge & masters cabin, stole cash and electronics."
ASAM-2003-01396,2011-03-22T03:59:00,2011,3,14.6583,50.4771,Gulf of Aden,General Cargo,Attempted,0,0,RPG,General Cargo attacked by Somali pirate skiff network underway in transit lane. MOA: grappling hook boarding at low freeboard. Weapons observed: small arms. approach broken off after master sounded alarm and engaged firehoses.
ASAM-2004-01397,1995-07-05T02:03:00,1995,7,13.403,47.4137,Gulf of Aden,General Cargo,Fired Upon,1,0,RPG,"General Cargo attacked by Somali pirate skiff network in narrow channel. MOA: RPG warning shot then boarding. Weapons observed: small arms. master engaged evasive maneuvers, RPG and small arms fire received; 2 crew sustained injuries."
ASAM-2005-01398,2003-05-28T04:45:00,2003,5,4.9065,100.0664,Strait of Malacca,Container Ship,Boarded,0,1,Knives,"Container Ship attacked by Indonesian coastal gang approx 262nm offshore. MOA: nighttime stealth boarding at anchorage. Weapons observed: knives/machetes. boarders rifled bridge & masters cabin, stole cash and electronics; 1 crew taken hostage; ransom demand transmitted within 72h."
ASAM-2006-01399,2024-04-28T21:23:00,2024,4,4.4128,6.0635,Gulf of Guinea,Chemical Tanker,Boarded,1,0,Unknown,"Chemical Tanker attacked by Bakassi Strike Force remnant at anchorage. MOA: AK-47 + GPMG armed boarding. Weapons observed: RPG-7. boarders rifled bridge & masters cabin, stole cash and electronics; 4 crew sustained injuries."
ASAM-2007-01400,2016-05-24T23:26:00,2016,5,6.3738,120.4744,Sulu Sea,Container Ship,Boarded,0,3,Unknown,"Container Ship attacked by BIFF splinter group underway in transit lane. MOA: M16 + RPG armed boarding. Weapons observed: M16 + RPG. boarders rifled bridge & masters cabin, stole cash and electronics; 3 crew taken hostage; ransom demand transmitted within 72h."
ASAM-2008-01401,2019-09-03T15:32:00,2019,9,11.421,-64.9414,Caribbean / Venezuelan,Bulk Carrier,Boarded,0,0,Unknown,"Bulk Carrier attacked by Trinidad-Tobago smuggler crew in narrow channel. MOA: crew theft + minor injuries. Weapons observed: knives/machetes. boarders rifled bridge & masters cabin, stole cash and electronics."
ASAM-2009-01402,2004-12-01T07:12:00,2004,12,2.2108,103.2673,Strait of Malacca,Bulk Carrier,Hijacked,0,18,AK-47,"Bulk Carrier attacked by Riau Archipelago armed robbers approx 148nm offshore. MOA: crew rob & flee in <30 min. Weapons observed: M16 + RPG. vessel hijacked, crew of 23 taken to coastal anchorage; 18 crew taken hostage; ransom demand transmitted within 72h."
ASAM-2010-01403,2017-02-24T03:13:00,2017,2,6.4965,121.2035,Sulu Sea,Container Ship,Boarded,0,0,AK-47,"Container Ship attacked by Sulu archipelago kidnapping ring at anchorage. MOA: abduction of fishing crew. Weapons observed: M16 + RPG. boarders rifled bridge & masters cabin, stole cash and electronics."
ASAM-2011-01404,2019-08-24T19:26:00,2019,8,2.6936,6.4927,Gulf of Guinea,Crude Oil Tanker,Attempted,0,0,AK-47,Crude Oil Tanker attacked by Nigerian kidnap-for-ransom cell approx 56nm offshore. MOA: AK-47 + GPMG armed boarding. Weapons observed: RPG-7. approach broken off after master sounded alarm and engaged firehoses.
ASAM-2012-01405,2017-05-04T10:15:00,2017,5,9.7391,-65.1857,Caribbean / Venezuelan,Bulk Carrier,Suspicious Approach,0,0,Knives,Bulk Carrier attacked by Venezuelan coastal gang in narrow channel. MOA: yacht boarding at anchorage. Weapons observed: AK-47. unidentified skiff shadowed vessel for 18 minutes before withdrawing.
ASAM-2013-01406,2014-11-13T03:47:00,2014,11,8.7556,111.5978,South China Sea,Bulk Carrier,Attempted,0,0,Knives,Bulk Carrier attacked by Filipino anchor-rob crew approx 135nm offshore. MOA: stealth anchorage boarding. Weapons observed: M16 + RPG. approach broken off after master sounded alarm and engaged firehoses.
ASAM-2014-01407,2005-09-02T19:55:00,2005,9,3.3275,103.5076,Strait of Malacca,Fishing Vessel,Attempted,1,0,Knives,Fishing Vessel attacked by Riau Archipelago armed robbers underway in transit lane. MOA: crew rob & flee in <30 min. Weapons observed: RPG-7. approach broken off after master sounded alarm and engaged firehoses; 4 crew sustained injuries.
ASAM-2015-01408,2016-04-06T04:53:00,2016,4,5.73,120.1263,Sulu Sea,Fishing Vessel,Attempted,0,0,Small arms,Fishing Vessel attacked by BIFF splinter group in narrow channel. MOA: hostage transfer to Jolo island camps. Weapons observed: small arms. approach broken off after master sounded alarm and engaged firehoses.
ASAM-2016-01409,2005-04-15T10:25:00,2005,4,4.9539,102.6101,Strait of Malacca,Bulk Carrier,Fired Upon,0,0,Unknown,"Bulk Carrier attacked by Indonesian coastal gang at anchorage. MOA: knife-armed boarders, no firearms. Weapons observed: AK-47. master engaged evasive maneuvers, RPG and small arms fire received."
ASAM-2017-01410,2017-03-12T23:47:00,2017,3,5.9244,121.1569,Sulu Sea,Bulk Carrier,Hijacked,0,11,Small arms,"Bulk Carrier attacked by Sulu archipelago kidnapping ring underway in transit lane. MOA: M16 + RPG armed boarding. Weapons observed: M16 + RPG. vessel hijacked, crew of 12 taken to coastal anchorage; 11 crew taken hostage; ransom demand transmitted within 72h."
ASAM-2018-01411,2021-12-23T06:42:00,2021,12,3.646,8.4801,Gulf of Guinea,Crude Oil Tanker,Boarded,0,0,RPG,"Crude Oil Tanker attacked by Niger Delta militant offshoot at anchorage. MOA: fast attack craft >150nm offshore. Weapons observed: AK-47. boarders rifled bridge & masters cabin, stole cash and electronics."
ASAM-2019-01412,2012-04-20T13:29:00,2012,4,13.5323,49.0723,Gulf of Aden,Fishing Vessel,Hijacked,1,16,Small arms,"Fishing Vessel attacked by Hobyo-Harardhere PAG at anchorage. MOA: grappling hook boarding at low freeboard. Weapons observed: RPG-7. vessel hijacked, crew of 19 taken to coastal anchorage; 2 crew sustained injuries; 16 crew taken hostage; ransom demand transmitted within 72h."
ASAM-2020-01413,2022-12-13T20:13:00,2022,12,11.6954,49.0647,Gulf of Aden,General Cargo,Attempted,0,0,Unknown,General Cargo attacked by Puntland-based PAG in narrow channel. MOA: grappling hook boarding at low freeboard. Weapons observed: RPG-7. approach broken off after master sounded alarm and engaged firehoses.
ASAM-2021-01414,2018-06-05T02:27:00,2018,6,3.3991,7.6169,Gulf of Guinea,Tug & Barge,Attempted,0,0,Knives,Tug & Barge attacked by Bakassi Strike Force remnant at anchorage. MOA: tanker product theft (siphon). Weapons observed: small arms. approach broken off after master sounded alarm and engaged firehoses.
ASAM-2022-01415,2002-12-20T22:45:00,2002,12,12.8316,48.6849,Gulf of Aden,Crude Oil Tanker,Boarded,1,0,Knives,"Crude Oil Tanker attacked by Somali pirate skiff network at anchorage. MOA: grappling hook boarding at low freeboard. Weapons observed: small arms. boarders rifled bridge & masters cabin, stole cash and electronics; 4 crew sustained injuries."
ASAM-2023-01416,1997-10-10T06:18:00,1997,10,13.9409,49.1072,Gulf of Aden,Offshore Supply,Boarded,0,0,Unknown,"Offshore Supply attacked by Somali pirate skiff network approx 126nm offshore. MOA: RPG warning shot then boarding. Weapons observed: RPG-7. boarders rifled bridge & masters cabin, stole cash and electronics."
ASAM-2024-01417,2016-05-13T21:51:00,2016,5,11.4789,112.5986,South China Sea,Bulk Carrier,Boarded,1,0,RPG,"Bulk Carrier attacked by Vietnamese coastal robbers approx 231nm offshore. MOA: product theft (diesel siphoning). Weapons observed: AK-47. boarders rifled bridge & masters cabin, stole cash and electronics; 4 crew sustained injuries."
ASAM-2025-01418,2019-07-26T02:46:00,2019,7,3.6531,5.1962,Gulf of Guinea,Crude Oil Tanker,Boarded,0,0,Knives,"Crude Oil Tanker attacked by Nigerian kidnap-for-ransom cell at anchorage. MOA: AK-47 + GPMG armed boarding. Weapons observed: M16 + RPG. boarders rifled bridge & masters cabin, stole cash and electronics."
ASAM-1993-01419,2009-06-22T19:21:00,2009,6,9.5575,-66.5361,Caribbean / Venezuelan,General Cargo,Suspicious Approach,0,0,Knives,General Cargo attacked by Trinidad-Tobago smuggler crew approx 53nm offshore. MOA: crew theft + minor injuries. Weapons observed: knives/machetes. unidentified skiff shadowed vessel for 18 minutes before withdrawing.
ASAM-1994-01420,2006-09-18T02:42:00,2006,9,5.801,119.9415,Sulu Sea,Fishing Vessel,Suspicious Approach,0,0,RPG,Fishing Vessel attacked by Sulu archipelago kidnapping ring at anchorage. MOA: speedboat intercept tug & barge. Weapons observed: small arms. unidentified skiff shadowed vessel for 18 minutes before withdrawing.
ASAM-1995-01421,2012-02-08T06:23:00,2012,2,13.3368,45.8821,Gulf of Aden,Chemical Tanker,Fired Upon,0,0,Knives,"Chemical Tanker attacked by Hobyo-Harardhere PAG in narrow channel. MOA: RPG warning shot then boarding. Weapons observed: M16 + RPG. master engaged evasive maneuvers, RPG and small arms fire received."
ASAM-1996-01422,2021-09-20T21:29:00,2021,9,3.365,5.8287,Gulf of Guinea,Container Ship,Suspicious Approach,0,0,AK-47,Container Ship attacked by Nigerian kidnap-for-ransom cell in narrow channel. MOA: tanker product theft (siphon). Weapons observed: M16 + RPG. unidentified skiff shadowed vessel for 18 minutes before withdrawing.
ASAM-1997-01423,2016-08-22T19:22:00,2016,8,6.0844,121.1578,Sulu Sea,Chemical Tanker,Boarded,0,0,RPG,"Chemical Tanker attacked by Abu Sayyaf maritime cell underway in transit lane. MOA: hostage transfer to Jolo island camps. Weapons observed: AK-47. boarders rifled bridge & masters cabin, stole cash and electronics."
ASAM-1998-01424,1998-02-03T03:50:00,1998,2,4.7542,119.9412,Sulu Sea,Container Ship,Attempted,0,0,RPG,Container Ship attacked by Sulu archipelago kidnapping ring in narrow channel. MOA: speedboat intercept tug & barge. Weapons observed: M16 + RPG. approach broken off after master sounded alarm and engaged firehoses.
ASAM-1999-01425,2021-08-08T20:47:00,2021,8,7.5385,3.5647,Gulf of Guinea,Bulk Carrier,Boarded,0,0,Unknown,"Bulk Carrier attacked by Bakassi Strike Force remnant in narrow channel. MOA: kidnap-for-ransom of officers. Weapons observed: AK-47. boarders rifled bridge & masters cabin, stole cash and electronics."
ASAM-2000-01426,2018-12-11T04:46:00,2018,12,11.6137,-65.0231,Caribbean / Venezuelan,Chemical Tanker,Hijacked,0,16,RPG,"Chemical Tanker attacked by Venezuelan coastal gang at anchorage. MOA: crew theft + minor injuries. Weapons observed: small arms. vessel hijacked, crew of 24 taken to coastal anchorage; 16 crew taken hostage; ransom demand transmitted within 72h."
ASAM-2001-01427,2021-06-27T20:10:00,2021,6,2.9545,3.6707,Gulf of Guinea,Crude Oil Tanker,Fired Upon,0,0,Knives,"Crude Oil Tanker attacked by Bakassi Strike Force remnant in narrow channel. MOA: fast attack craft >150nm offshore. Weapons observed: small arms. master engaged evasive maneuvers, RPG and small arms fire received."
ASAM-2002-01428,2010-05-05T21:44:00,2010,5,12.35,48.519,Gulf of Aden,General Cargo,Boarded,0,0,Small arms,"General Cargo attacked by Puntland-based PAG approx 201nm offshore. MOA: AK-47 small arms suppression. Weapons observed: RPG-7. boarders rifled bridge & masters cabin, stole cash and electronics."
ASAM-2003-01429,1993-04-24T03:00:00,1993,4,5.0453,120.0238,Sulu Sea,Bulk Carrier,Boarded,0,0,RPG,"Bulk Carrier attacked by Sulu archipelago kidnapping ring in narrow channel. MOA: speedboat intercept tug & barge. Weapons observed: small arms. boarders rifled bridge & masters cabin, stole cash and electronics."
ASAM-2004-01430,2009-03-06T03:19:00,2009,3,15.1512,47.4596,Gulf of Aden,Yacht,Attempted,0,0,Small arms,Yacht attacked by Somali pirate skiff network approx 255nm offshore. MOA: grappling hook boarding at low freeboard. Weapons observed: RPG-7. approach broken off after master sounded alarm and engaged firehoses.
ASAM-2005-01431,2020-12-15T22:52:00,2020,12,4.7932,6.7292,Gulf of Guinea,General Cargo,Boarded,0,0,Small arms,"General Cargo attacked by Nigerian kidnap-for-ransom cell at anchorage. MOA: tanker product theft (siphon). Weapons observed: M16 + RPG. boarders rifled bridge & masters cabin, stole cash and electronics."
ASAM-2006-01432,2021-08-28T21:59:00,2021,8,4.7329,6.3633,Gulf of Guinea,RoRo Vehicle Carrier,Suspicious Approach,0,0,Knives,RoRo Vehicle Carrier attacked by Bakassi Strike Force remnant underway in transit lane. MOA: AK-47 + GPMG armed boarding. Weapons observed: knives/machetes. unidentified skiff shadowed vessel for 18 minutes before withdrawing.
ASAM-2007-01433,2025-06-18T06:35:00,2025,6,3.1532,5.3869,Gulf of Guinea,RoRo Vehicle Carrier,Attempted,0,0,Knives,RoRo Vehicle Carrier attacked by Nigerian kidnap-for-ransom cell in narrow channel. MOA: AK-47 + GPMG armed boarding. Weapons observed: small arms. approach broken off after master sounded alarm and engaged firehoses.
ASAM-2008-01434,2024-06-22T14:19:00,2024,6,2.6053,4.548,Gulf of Guinea,Bulk Carrier,Attempted,0,0,Small arms,Bulk Carrier attacked by Nigerian kidnap-for-ransom cell underway in transit lane. MOA: kidnap-for-ransom of officers. Weapons observed: small arms. approach broken off after master sounded alarm and engaged firehoses.
ASAM-2009-01435,2004-07-26T21:36:00,2004,7,3.8135,98.6315,Strait of Malacca,Bulk Carrier,Suspicious Approach,0,0,AK-47,Bulk Carrier attacked by Riau Archipelago armed robbers at anchorage. MOA: crew rob & flee in <30 min. Weapons observed: RPG-7. unidentified skiff shadowed vessel for 18 minutes before withdrawing.
ASAM-2010-01436,2020-01-18T06:39:00,2020,1,2.709,4.7071,Gulf of Guinea,Bulk Carrier,Boarded,0,0,RPG,"Bulk Carrier attacked by Nigerian kidnap-for-ransom cell in narrow channel. MOA: tanker product theft (siphon). Weapons observed: knives/machetes. boarders rifled bridge & masters cabin, stole cash and electronics."
ASAM-2011-01437,2018-09-01T08:10:00,2018,9,10.405,-63.6835,Caribbean / Venezuelan,Bulk Carrier,Boarded,0,0,RPG,"Bulk Carrier attacked by Trinidad-Tobago smuggler crew approx 125nm offshore. MOA: crew theft + minor injuries. Weapons observed: M16 + RPG. boarders rifled bridge & masters cabin, stole cash and electronics."
ASAM-2012-01438,2005-10-22T01:56:00,2005,10,4.3755,101.239,Strait of Malacca,Yacht,Boarded,0,0,Knives,"Yacht attacked by Riau Archipelago armed robbers underway in transit lane. MOA: crew rob & flee in <30 min. Weapons observed: small arms. boarders rifled bridge & masters cabin, stole cash and electronics."
ASAM-2013-01439,2023-10-14T23:13:00,2023,10,11.5019,48.3558,Gulf of Aden,Crude Oil Tanker,Attempted,0,0,Knives,Crude Oil Tanker attacked by Puntland-based PAG in narrow channel. MOA: AK-47 small arms suppression. Weapons observed: small arms. approach broken off after master sounded alarm and engaged firehoses.
ASAM-2014-01440,2015-01-21T02:22:00,2015,1,10.4157,113.4403,South China Sea,Container Ship,Attempted,0,0,RPG,Container Ship attacked by Filipino anchor-rob crew approx 185nm offshore. MOA: product theft (diesel siphoning). Weapons observed: RPG-7. approach broken off after master sounded alarm and engaged firehoses.
ASAM-2015-01441,2019-08-15T18:51:00,2019,8,4.6551,6.2958,Gulf of Guinea,Chemical Tanker,Boarded,0,3,Small arms,"Chemical Tanker attacked by Bakassi Strike Force remnant underway in transit lane. MOA: tanker product theft (siphon). Weapons observed: RPG-7. boarders rifled bridge & masters cabin, stole cash and electronics; 3 crew taken hostage; ransom demand transmitted within 72h."
ASAM-2016-01442,2006-07-03T23:45:00,2006,7,2.5872,99.8203,Strait of Malacca,Crude Oil Tanker,Attempted,0,0,Knives,Crude Oil Tanker attacked by Free Aceh splinter (historical) approx 59nm offshore. MOA: crew rob & flee in <30 min. Weapons observed: RPG-7. approach broken off after master sounded alarm and engaged firehoses.
ASAM-2017-01443,2016-08-26T17:31:00,2016,8,5.2147,121.4368,Sulu Sea,Tug & Barge,Attempted,0,0,Knives,Tug & Barge attacked by Abu Sayyaf maritime cell approx 243nm offshore. MOA: hostage transfer to Jolo island camps. Weapons observed: small arms. approach broken off after master sounded alarm and engaged firehoses.
ASAM-2018-01444,2011-07-02T15:03:00,2011,7,13.0102,47.6659,Gulf of Aden,Yacht,Attempted,0,0,Unknown,Yacht attacked by Somali pirate skiff network at anchorage. MOA: RPG warning shot then boarding. Weapons observed: AK-47. approach broken off after master sounded alarm and engaged firehoses.
ASAM-2019-01445,2014-10-06T03:31:00,2014,10,9.0728,114.7874,South China Sea,General Cargo,Boarded,0,0,Knives,"General Cargo attacked by Vietnamese coastal robbers at anchorage. MOA: product theft (diesel siphoning). Weapons observed: AK-47. boarders rifled bridge & masters cabin, stole cash and electronics."
ASAM-2020-01446,2020-12-14T21:38:00,2020,12,5.4774,9.9973,Gulf of Guinea,Tug & Barge,Attempted,0,0,AK-47,Tug & Barge attacked by Bakassi Strike Force remnant at anchorage. MOA: AK-47 + GPMG armed boarding. Weapons observed: M16 + RPG. approach broken off after master sounded alarm and engaged firehoses.
ASAM-2021-01447,2009-04-26T04:20:00,2009,4,2.7421,5.4109,Gulf of Guinea,Bulk Carrier,Attempted,0,0,Knives,Bulk Carrier attacked by Bakassi Strike Force remnant approx 139nm offshore. MOA: fast attack craft >150nm offshore. Weapons observed: AK-47. approach broken off after master sounded alarm and engaged firehoses.
ASAM-2022-01448,1997-11-07T22:11:00,1997,11,3.4631,100.7944,Strait of Malacca,RoRo Vehicle Carrier,Attempted,0,0,AK-47,"RoRo Vehicle Carrier attacked by Free Aceh splinter (historical) underway in transit lane. MOA: knife-armed boarders, no firearms. Weapons observed: M16 + RPG. approach broken off after master sounded alarm and engaged firehoses."
ASAM-2023-01449,1994-02-05T14:40:00,1994,2,13.6079,48.5905,Gulf of Aden,Bulk Carrier,Boarded,1,0,AK-47,"Bulk Carrier attacked by Hobyo-Harardhere PAG underway in transit lane. MOA: RPG warning shot then boarding. Weapons observed: RPG-7. boarders rifled bridge & masters cabin, stole cash and electronics; 4 crew sustained injuries."
ASAM-2024-01450,2018-07-27T20:59:00,2018,7,4.1017,2.0386,Gulf of Guinea,Bulk Carrier,Attempted,0,0,RPG,Bulk Carrier attacked by Bakassi Strike Force remnant in narrow channel. MOA: AK-47 + GPMG armed boarding. Weapons observed: RPG-7. approach broken off after master sounded alarm and engaged firehoses.
ASAM-2025-01451,2019-06-04T04:26:00,2019,6,4.9275,4.048,Gulf of Guinea,Container Ship,Fired Upon,0,0,Knives,"Container Ship attacked by Bakassi Strike Force remnant approx 238nm offshore. MOA: kidnap-for-ransom of officers. Weapons observed: RPG-7. master engaged evasive maneuvers, RPG and small arms fire received."
ASAM-1993-01452,2011-01-19T02:38:00,2011,1,15.2295,49.8582,Gulf of Aden,Container Ship,Attempted,0,0,Unknown,Container Ship attacked by Puntland-based PAG in narrow channel. MOA: RPG warning shot then boarding. Weapons observed: small arms. approach broken off after master sounded alarm and engaged firehoses.
ASAM-1994-01453,2021-11-01T17:12:00,2021,11,12.2589,49.5549,Gulf of Aden,Bulk Carrier,Boarded,1,0,Knives,"Bulk Carrier attacked by Puntland-based PAG at anchorage. MOA: AK-47 small arms suppression. Weapons observed: knives/machetes. boarders rifled bridge & masters cabin, stole cash and electronics; 3 crew sustained injuries."
ASAM-1995-01454,2020-01-08T19:09:00,2020,1,4.2351,99.8686,Strait of Malacca,Bulk Carrier,Attempted,0,0,RPG,Bulk Carrier attacked by Indonesian coastal gang approx 157nm offshore. MOA: crew rob & flee in <30 min. Weapons observed: M16 + RPG. approach broken off after master sounded alarm and engaged firehoses.
ASAM-1996-01455,2004-12-16T23:05:00,2004,12,3.653,99.2257,Strait of Malacca,Container Ship,Suspicious Approach,0,0,Unknown,Container Ship attacked by Riau Archipelago armed robbers approx 162nm offshore. MOA: crew rob & flee in <30 min. Weapons observed: small arms. unidentified skiff shadowed vessel for 18 minutes before withdrawing.
ASAM-1997-01456,2010-08-23T21:28:00,2010,8,5.484,119.9041,Sulu Sea,Crude Oil Tanker,Boarded,0,0,RPG,"Crude Oil Tanker attacked by BIFF splinter group in narrow channel. MOA: speedboat intercept tug & barge. Weapons observed: M16 + RPG. boarders rifled bridge & masters cabin, stole cash and electronics."
ASAM-1998-01457,2018-08-11T13:26:00,2018,8,5.2536,120.3473,Sulu Sea,Crude Oil Tanker,Boarded,0,0,AK-47,"Crude Oil Tanker attacked by Sulu archipelago kidnapping ring approx 240nm offshore. MOA: hostage transfer to Jolo island camps. Weapons observed: M16 + RPG. boarders rifled bridge & masters cabin, stole cash and electronics."
ASAM-1999-01458,2018-06-20T19:20:00,2018,6,3.7121,5.1802,Gulf of Guinea,Container Ship,Attempted,0,0,Knives,Container Ship attacked by Bakassi Strike Force remnant approx 116nm offshore. MOA: tanker product theft (siphon). Weapons observed: small arms. approach broken off after master sounded alarm and engaged firehoses.
ASAM-2000-01459,2016-03-26T19:24:00,2016,3,4.8827,121.5524,Sulu Sea,Bulk Carrier,Boarded,0,2,Knives,"Bulk Carrier attacked by BIFF splinter group in narrow channel. MOA: M16 + RPG armed boarding. Weapons observed: AK-47. boarders rifled bridge & masters cabin, stole cash and electronics; 2 crew taken hostage; ransom demand transmitted within 72h."
ASAM-2001-01460,2001-08-20T04:13:00,2001,8,6.6995,120.513,Sulu Sea,Chemical Tanker,Boarded,0,0,Knives,"Chemical Tanker attacked by Sulu archipelago kidnapping ring in narrow channel. MOA: speedboat intercept tug & barge. Weapons observed: M16 + RPG. boarders rifled bridge & masters cabin, stole cash and electronics."
ASAM-2002-01461,2025-05-08T03:49:00,2025,5,2.7264,100.7047,Strait of Malacca,Bulk Carrier,Boarded,0,0,Small arms,"Bulk Carrier attacked by Free Aceh splinter (historical) at anchorage. MOA: knife-armed boarders, no firearms. Weapons observed: small arms. boarders rifled bridge & masters cabin, stole cash and electronics."
ASAM-2003-01462,2004-02-25T08:46:00,2004,2,4.5188,98.5865,Strait of Malacca,Fishing Vessel,Boarded,0,0,Unknown,"Fishing Vessel attacked by Riau Archipelago armed robbers in narrow channel. MOA: fast skiff rob at narrow channel. Weapons observed: small arms. boarders rifled bridge & masters cabin, stole cash and electronics."
ASAM-2004-01463,2015-11-02T10:26:00,2015,11,11.138,112.2585,South China Sea,Chemical Tanker,Boarded,0,0,RPG,"Chemical Tanker attacked by Vietnamese coastal robbers approx 204nm offshore. MOA: product theft (diesel siphoning). Weapons observed: small arms. boarders rifled bridge & masters cabin, stole cash and electronics."
ASAM-2005-01464,2023-09-05T03:59:00,2023,9,12.1547,47.8345,Gulf of Aden,Tug & Barge,Boarded,1,0,Knives,"Tug & Barge attacked by Puntland-based PAG underway in transit lane. MOA: AK-47 small arms suppression. Weapons observed: RPG-7. boarders rifled bridge & masters cabin, stole cash and electronics; 3 crew sustained injuries."
ASAM-2006-01465,2011-03-06T00:26:00,2011,3,14.3207,49.5525,Gulf of Aden,Yacht,Fired Upon,0,0,AK-47,"Yacht attacked by Puntland-based PAG at anchorage. MOA: grappling hook boarding at low freeboard. Weapons observed: small arms. master engaged evasive maneuvers, RPG and small arms fire received."
ASAM-2007-01466,2018-01-05T15:47:00,2018,1,2.4024,7.4102,Gulf of Guinea,Chemical Tanker,Suspicious Approach,0,0,Small arms,Chemical Tanker attacked by Nigerian kidnap-for-ransom cell approx 125nm offshore. MOA: AK-47 + GPMG armed boarding. Weapons observed: RPG-7. unidentified skiff shadowed vessel for 18 minutes before withdrawing.
ASAM-2008-01467,2019-09-09T23:40:00,2019,9,10.9169,-63.0472,Caribbean / Venezuelan,Chemical Tanker,Boarded,0,5,Knives,"Chemical Tanker attacked by Trinidad-Tobago smuggler crew at anchorage. MOA: small arms intimidation. Weapons observed: RPG-7. boarders rifled bridge & masters cabin, stole cash and electronics; 5 crew taken hostage; ransom demand transmitted within 72h."
ASAM-2009-01468,2008-10-10T06:59:00,2008,10,12.7352,45.472,Gulf of Aden,Crude Oil Tanker,Boarded,0,0,Small arms,"Crude Oil Tanker attacked by Puntland-based PAG underway in transit lane. MOA: mothership-launched skiff swarm. Weapons observed: AK-47. boarders rifled bridge & masters cabin, stole cash and electronics."
ASAM-2010-01469,2008-02-06T05:54:00,2008,2,12.4252,51.0012,Gulf of Aden,Offshore Supply,Boarded,0,5,Small arms,"Offshore Supply attacked by Somali pirate skiff network approx 76nm offshore. MOA: AK-47 small arms suppression. Weapons observed: knives/machetes. boarders rifled bridge & masters cabin, stole cash and electronics; 5 crew taken hostage; ransom demand transmitted within 72h."
ASAM-2011-01470,2020-09-25T05:44:00,2020,9,5.8553,6.0223,Gulf of Guinea,Yacht,Boarded,0,1,Unknown,"Yacht attacked by Nigerian kidnap-for-ransom cell in narrow channel. MOA: fast attack craft >150nm offshore. Weapons observed: knives/machetes. boarders rifled bridge & masters cabin, stole cash and electronics; 1 crew taken hostage; ransom demand transmitted within 72h."
ASAM-2012-01471,2004-11-04T19:54:00,2004,11,4.8417,100.7027,Strait of Malacca,Tug & Barge,Boarded,0,0,AK-47,"Tug & Barge attacked by Indonesian coastal gang underway in transit lane. MOA: nighttime stealth boarding at anchorage. Weapons observed: M16 + RPG. boarders rifled bridge & masters cabin, stole cash and electronics."
ASAM-2013-01472,2018-04-20T03:08:00,2018,4,12.0565,-65.8341,Caribbean / Venezuelan,Crude Oil Tanker,Attempted,0,0,RPG,Crude Oil Tanker attacked by Venezuelan coastal gang underway in transit lane. MOA: small arms intimidation. Weapons observed: RPG-7. approach broken off after master sounded alarm and engaged firehoses.
ASAM-2014-01473,2017-12-03T17:29:00,2017,12,12.0275,-67.0486,Caribbean / Venezuelan,Bulk Carrier,Fired Upon,0,0,Knives,"Bulk Carrier attacked by Trinidad-Tobago smuggler crew at anchorage. MOA: crew theft + minor injuries. Weapons observed: small arms. master engaged evasive maneuvers, RPG and small arms fire received."
ASAM-2015-01474,2018-08-27T01:42:00,2018,8,11.9263,-64.2925,Caribbean / Venezuelan,LPG/LNG Tanker,Boarded,0,5,AK-47,"LPG/LNG Tanker attacked by Venezuelan coastal gang approx 29nm offshore. MOA: yacht boarding at anchorage. Weapons observed: knives/machetes. boarders rifled bridge & masters cabin, stole cash and electronics; 5 crew taken hostage; ransom demand transmitted within 72h."
ASAM-2016-01475,2013-11-22T13:52:00,2013,11,12.3846,50.326,Gulf of Aden,Container Ship,Hijacked,1,24,AK-47,"Container Ship attacked by Hobyo-Harardhere PAG approx 235nm offshore. MOA: mothership-launched skiff swarm. Weapons observed: RPG-7. vessel hijacked, crew of 16 taken to coastal anchorage; 3 crew sustained injuries; 24 crew taken hostage; ransom demand transmitted within 72h."
ASAM-2017-01476,2005-05-06T19:35:00,2005,5,9.7852,-64.655,Caribbean / Venezuelan,Bulk Carrier,Fired Upon,0,0,Knives,"Bulk Carrier attacked by Trinidad-Tobago smuggler crew at anchorage. MOA: yacht boarding at anchorage. Weapons observed: RPG-7. master engaged evasive maneuvers, RPG and small arms fire received."
ASAM-2018-01477,2006-04-07T22:58:00,2006,4,3.9287,102.3454,Strait of Malacca,Crude Oil Tanker,Attempted,0,0,Small arms,"Crude Oil Tanker attacked by Free Aceh splinter (historical) in narrow channel. MOA: knife-armed boarders, no firearms. Weapons observed: knives/machetes. approach broken off after master sounded alarm and engaged firehoses."
ASAM-2019-01478,2019-12-07T19:43:00,2019,12,3.7134,6.5003,Gulf of Guinea,Tug & Barge,Boarded,0,0,Small arms,"Tug & Barge attacked by Bakassi Strike Force remnant at anchorage. MOA: fast attack craft >150nm offshore. Weapons observed: small arms. boarders rifled bridge & masters cabin, stole cash and electronics."
ASAM-2020-01479,2004-01-12T18:19:00,2004,1,6.1089,4.9365,Gulf of Guinea,Chemical Tanker,Attempted,0,0,Unknown,Chemical Tanker attacked by Niger Delta militant offshoot in narrow channel. MOA: fast attack craft >150nm offshore. Weapons observed: small arms. approach broken off after master sounded alarm and engaged firehoses.
ASAM-2021-01480,2021-11-07T01:11:00,2021,11,9.0641,109.6888,South China Sea,Fishing Vessel,Attempted,0,0,Unknown,Fishing Vessel attacked by Vietnamese coastal robbers approx 27nm offshore. MOA: stealth anchorage boarding. Weapons observed: AK-47. approach broken off after master sounded alarm and engaged firehoses.
ASAM-2022-01481,2001-08-02T12:04:00,2001,8,5.4698,120.1854,Sulu Sea,RoRo Vehicle Carrier,Boarded,0,0,Small arms,"RoRo Vehicle Carrier attacked by BIFF splinter group in narrow channel. MOA: speedboat intercept tug & barge. Weapons observed: AK-47. boarders rifled bridge & masters cabin, stole cash and electronics."
ASAM-2023-01482,2011-05-23T22:33:00,2011,5,12.9941,48.0356,Gulf of Aden,Bulk Carrier,Boarded,0,0,Unknown,"Bulk Carrier attacked by Puntland-based PAG underway in transit lane. MOA: AK-47 small arms suppression. Weapons observed: knives/machetes. boarders rifled bridge & masters cabin, stole cash and electronics."
ASAM-2024-01483,2012-03-15T00:51:00,2012,3,5.7559,5.3928,Gulf of Guinea,Container Ship,Attempted,0,0,Small arms,Container Ship attacked by Bakassi Strike Force remnant in narrow channel. MOA: fast attack craft >150nm offshore. Weapons observed: AK-47. approach broken off after master sounded alarm and engaged firehoses.
ASAM-2025-01484,2010-10-20T22:11:00,2010,10,13.8409,51.0693,Gulf of Aden,RoRo Vehicle Carrier,Boarded,1,0,Unknown,"RoRo Vehicle Carrier attacked by Puntland-based PAG in narrow channel. MOA: grappling hook boarding at low freeboard. Weapons observed: M16 + RPG. boarders rifled bridge & masters cabin, stole cash and electronics; 2 crew sustained injuries."
ASAM-1993-01485,2004-11-06T11:59:00,2004,11,4.2005,101.0623,Strait of Malacca,Bulk Carrier,Attempted,0,0,AK-47,Bulk Carrier attacked by Indonesian coastal gang in narrow channel. MOA: nighttime stealth boarding at anchorage. Weapons observed: AK-47. approach broken off after master sounded alarm and engaged firehoses.
ASAM-1994-01486,2021-06-22T23:47:00,2021,6,3.441,4.9052,Gulf of Guinea,Bulk Carrier,Attempted,0,0,Knives,Bulk Carrier attacked by Nigerian kidnap-for-ransom cell approx 145nm offshore. MOA: AK-47 + GPMG armed boarding. Weapons observed: knives/machetes. approach broken off after master sounded alarm and engaged firehoses.
ASAM-1995-01487,2003-11-14T02:54:00,2003,11,4.8827,100.8827,Strait of Malacca,Bulk Carrier,Attempted,0,0,Knives,"Bulk Carrier attacked by Indonesian coastal gang in narrow channel. MOA: knife-armed boarders, no firearms. Weapons observed: AK-47. approach broken off after master sounded alarm and engaged firehoses."
ASAM-1996-01488,2011-09-25T00:07:00,2011,9,9.9471,-66.661,Caribbean / Venezuelan,Tug & Barge,Boarded,0,0,Small arms,"Tug & Barge attacked by Trinidad-Tobago smuggler crew underway in transit lane. MOA: yacht boarding at anchorage. Weapons observed: RPG-7. boarders rifled bridge & masters cabin, stole cash and electronics."
ASAM-1997-01489,2002-02-02T19:21:00,2002,2,13.7642,51.454,Gulf of Aden,Container Ship,Boarded,0,0,Unknown,"Container Ship attacked by Hobyo-Harardhere PAG at anchorage. MOA: mothership-launched skiff swarm. Weapons observed: AK-47. boarders rifled bridge & masters cabin, stole cash and electronics."
ASAM-1998-01490,1995-01-08T04:02:00,1995,1,12.4369,49.2814,Gulf of Aden,General Cargo,Suspicious Approach,0,0,AK-47,General Cargo attacked by Puntland-based PAG in narrow channel. MOA: grappling hook boarding at low freeboard. Weapons observed: RPG-7. unidentified skiff shadowed vessel for 18 minutes before withdrawing.
ASAM-1999-01491,2008-08-12T03:02:00,2008,8,4.0695,9.7902,Gulf of Guinea,Container Ship,Boarded,0,0,Unknown,"Container Ship attacked by Niger Delta militant offshoot approx 265nm offshore. MOA: fast attack craft >150nm offshore. Weapons observed: small arms. boarders rifled bridge & masters cabin, stole cash and electronics."
ASAM-2000-01492,2018-07-26T20:01:00,2018,7,13.9104,49.7948,Gulf of Aden,Container Ship,Boarded,0,2,AK-47,"Container Ship attacked by Somali pirate skiff network approx 144nm offshore. MOA: mothership-launched skiff swarm. Weapons observed: small arms. boarders rifled bridge & masters cabin, stole cash and electronics; 2 crew taken hostage; ransom demand transmitted within 72h."
ASAM-2001-01493,2016-06-14T03:21:00,2016,6,10.0242,113.916,South China Sea,Fishing Vessel,Attempted,0,0,AK-47,Fishing Vessel attacked by Filipino anchor-rob crew approx 202nm offshore. MOA: stealth anchorage boarding. Weapons observed: small arms. approach broken off after master sounded alarm and engaged firehoses.
ASAM-2002-01494,2021-08-23T01:02:00,2021,8,6.8501,4.6299,Gulf of Guinea,Bulk Carrier,Hijacked,0,15,RPG,"Bulk Carrier attacked by Niger Delta militant offshoot underway in transit lane. MOA: tanker product theft (siphon). Weapons observed: RPG-7. vessel hijacked, crew of 21 taken to coastal anchorage; 15 crew taken hostage; ransom demand transmitted within 72h."
ASAM-2003-01495,2018-09-24T21:08:00,2018,9,4.3121,3.3259,Gulf of Guinea,Yacht,Attempted,0,0,RPG,Yacht attacked by Nigerian kidnap-for-ransom cell underway in transit lane. MOA: AK-47 + GPMG armed boarding. Weapons observed: RPG-7. approach broken off after master sounded alarm and engaged firehoses.
ASAM-2004-01496,2011-04-08T23:13:00,2011,4,13.9714,47.1813,Gulf of Aden,RoRo Vehicle Carrier,Boarded,0,0,Unknown,"RoRo Vehicle Carrier attacked by Hobyo-Harardhere PAG in narrow channel. MOA: AK-47 small arms suppression. Weapons observed: small arms. boarders rifled bridge & masters cabin, stole cash and electronics."
ASAM-2005-01497,1994-02-22T18:45:00,1994,2,5.9429,121.5315,Sulu Sea,Container Ship,Boarded,0,4,RPG,"Container Ship attacked by BIFF splinter group underway in transit lane. MOA: hostage transfer to Jolo island camps. Weapons observed: knives/machetes. boarders rifled bridge & masters cabin, stole cash and electronics; 4 crew taken hostage; ransom demand transmitted within 72h."
ASAM-2006-01498,2001-09-27T07:34:00,2001,9,5.1352,100.6338,Strait of Malacca,Tug & Barge,Boarded,0,0,Knives,"Tug & Barge attacked by Free Aceh splinter (historical) at anchorage. MOA: fast skiff rob at narrow channel. Weapons observed: RPG-7. boarders rifled bridge & masters cabin, stole cash and electronics."
ASAM-2007-01499,2011-12-27T03:03:00,2011,12,11.2912,47.0345,Gulf of Aden,Chemical Tanker,Boarded,0,0,Small arms,"Chemical Tanker attacked by Somali pirate skiff network underway in transit lane. MOA: RPG warning shot then boarding. Weapons observed: knives/machetes. boarders rifled bridge & masters cabin, stole cash and electronics."
ASAM-2008-01500,2015-03-06T03:35:00,2015,3,6.161,120.7016,Sulu Sea,Container Ship,Attempted,0,0,AK-47,Container Ship attacked by Abu Sayyaf maritime cell approx 168nm offshore. MOA: hostage transfer to Jolo island camps. Weapons observed: RPG-7. approach broken off after master sounded alarm and engaged firehoses.
ASAM-2009-01501,2008-01-09T21:16:00,2008,1,13.2001,49.0289,Gulf of Aden,Tug & Barge,Fired Upon,0,0,Unknown,"Tug & Barge attacked by Hobyo-Harardhere PAG at anchorage. MOA: AK-47 small arms suppression. Weapons observed: M16 + RPG. master engaged evasive maneuvers, RPG and small arms fire received."
ASAM-2010-01502,2005-08-11T20:39:00,2005,8,5.034,7.5364,Gulf of Guinea,General Cargo,Boarded,0,0,RPG,"General Cargo attacked by Nigerian kidnap-for-ransom cell in narrow channel. MOA: tanker product theft (siphon). Weapons observed: RPG-7. boarders rifled bridge & masters cabin, stole cash and electronics."
ASAM-2011-01503,2003-03-17T05:40:00,2003,3,12.6637,46.5168,Gulf of Aden,Yacht,Boarded,0,0,Unknown,"Yacht attacked by Puntland-based PAG in narrow channel. MOA: AK-47 small arms suppression. Weapons observed: small arms. boarders rifled bridge & masters cabin, stole cash and electronics."
ASAM-2012-01504,2004-04-21T19:59:00,2004,4,13.0673,46.1658,Gulf of Aden,RoRo Vehicle Carrier,Attempted,0,0,Small arms,RoRo Vehicle Carrier attacked by Puntland-based PAG approx 260nm offshore. MOA: AK-47 small arms suppression. Weapons observed: RPG-7. approach broken off after master sounded alarm and engaged firehoses.
ASAM-2013-01505,2019-02-11T04:45:00,2019,2,12.0351,-65.6795,Caribbean / Venezuelan,Bulk Carrier,Attempted,0,0,Unknown,Bulk Carrier attacked by Venezuelan coastal gang approx 214nm offshore. MOA: yacht boarding at anchorage. Weapons observed: M16 + RPG. approach broken off after master sounded alarm and engaged firehoses.
ASAM-2014-01506,2019-02-28T12:50:00,2019,2,4.6735,5.187,Gulf of Guinea,Fishing Vessel,Fired Upon,1,0,AK-47,"Fishing Vessel attacked by Niger Delta militant offshoot in narrow channel. MOA: fast attack craft >150nm offshore. Weapons observed: AK-47. master engaged evasive maneuvers, RPG and small arms fire received; 2 crew sustained injuries."
ASAM-2015-01507,2000-12-22T11:09:00,2000,12,9.4268,113.2766,South China Sea,LPG/LNG Tanker,Boarded,1,0,RPG,"LPG/LNG Tanker attacked by Vietnamese coastal robbers in narrow channel. MOA: product theft (diesel siphoning). Weapons observed: RPG-7. boarders rifled bridge & masters cabin, stole cash and electronics; 1 crew sustained injuries."
ASAM-2016-01508,2016-01-05T02:24:00,2016,1,5.6296,3.5038,Gulf of Guinea,Bulk Carrier,Attempted,0,0,Small arms,Bulk Carrier attacked by Niger Delta militant offshoot in narrow channel. MOA: AK-47 + GPMG armed boarding. Weapons observed: RPG-7. approach broken off after master sounded alarm and engaged firehoses.
ASAM-2017-01509,2016-07-02T02:49:00,2016,7,5.9873,118.5906,Sulu Sea,Container Ship,Hijacked,0,23,Knives,"Container Ship attacked by BIFF splinter group approx 93nm offshore. MOA: speedboat intercept tug & barge. Weapons observed: small arms. vessel hijacked, crew of 23 taken to coastal anchorage; 23 crew taken hostage; ransom demand transmitted within 72h."
ASAM-2018-01510,2017-08-10T20:29:00,2017,8,11.705,-64.5356,Caribbean / Venezuelan,Chemical Tanker,Boarded,1,0,Unknown,"Chemical Tanker attacked by Trinidad-Tobago smuggler crew underway in transit lane. MOA: small arms intimidation. Weapons observed: AK-47. boarders rifled bridge & masters cabin, stole cash and electronics; 4 crew sustained injuries."
ASAM-2019-01511,2023-05-06T03:47:00,2023,5,2.719,5.1957,Gulf of Guinea,Crude Oil Tanker,Boarded,0,0,Small arms,"Crude Oil Tanker attacked by Niger Delta militant offshoot underway in transit lane. MOA: AK-47 + GPMG armed boarding. Weapons observed: small arms. boarders rifled bridge & masters cabin, stole cash and electronics."
ASAM-2020-01512,1993-02-01T06:07:00,1993,2,4.4722,7.1774,Gulf of Guinea,Bulk Carrier,Suspicious Approach,1,0,Knives,Bulk Carrier attacked by Bakassi Strike Force remnant in narrow channel. MOA: tanker product theft (siphon). Weapons observed: RPG-7. unidentified skiff shadowed vessel for 18 minutes before withdrawing; 2 crew sustained injuries.
ASAM-2021-01513,2019-04-17T22:03:00,2019,4,2.8906,5.1883,Gulf of Guinea,Bulk Carrier,Boarded,0,6,AK-47,"Bulk Carrier attacked by Bakassi Strike Force remnant approx 203nm offshore. MOA: AK-47 + GPMG armed boarding. Weapons observed: AK-47. boarders rifled bridge & masters cabin, stole cash and electronics; 6 crew taken hostage; ransom demand transmitted within 72h."
ASAM-2022-01514,2016-12-01T04:21:00,2016,12,0.9099,101.0798,Strait of Malacca,Chemical Tanker,Boarded,0,0,Knives,"Chemical Tanker attacked by Free Aceh splinter (historical) at anchorage. MOA: nighttime stealth boarding at anchorage. Weapons observed: small arms. boarders rifled bridge & masters cabin, stole cash and electronics."
ASAM-2023-01515,2014-10-14T22:15:00,2014,10,1.859,5.6752,Gulf of Guinea,Bulk Carrier,Attempted,0,0,AK-47,Bulk Carrier attacked by Niger Delta militant offshoot at anchorage. MOA: fast attack craft >150nm offshore. Weapons observed: AK-47. approach broken off after master sounded alarm and engaged firehoses.
ASAM-2024-01516,1995-08-08T00:45:00,1995,8,3.8781,100.0559,Strait of Malacca,Container Ship,Boarded,0,3,AK-47,"Container Ship attacked by Indonesian coastal gang in narrow channel. MOA: knife-armed boarders, no firearms. Weapons observed: AK-47. boarders rifled bridge & masters cabin, stole cash and electronics; 3 crew taken hostage; ransom demand transmitted within 72h."
ASAM-2025-01517,2012-02-26T03:40:00,2012,2,3.4033,100.2504,Strait of Malacca,Tug & Barge,Boarded,0,0,Unknown,"Tug & Barge attacked by Free Aceh splinter (historical) approx 207nm offshore. MOA: fast skiff rob at narrow channel. Weapons observed: knives/machetes. boarders rifled bridge & masters cabin, stole cash and electronics."
ASAM-1993-01518,2014-05-17T04:36:00,2014,5,3.4324,102.5435,Strait of Malacca,Bulk Carrier,Boarded,0,0,Unknown,"Bulk Carrier attacked by Free Aceh splinter (historical) in narrow channel. MOA: nighttime stealth boarding at anchorage. Weapons observed: AK-47. boarders rifled bridge & masters cabin, stole cash and electronics."
ASAM-1994-01519,1993-10-14T23:25:00,1993,10,3.3782,99.4591,Strait of Malacca,Fishing Vessel,Fired Upon,1,0,RPG,"Fishing Vessel attacked by Free Aceh splinter (historical) underway in transit lane. MOA: crew rob & flee in <30 min. Weapons observed: M16 + RPG. master engaged evasive maneuvers, RPG and small arms fire received; 3 crew sustained injuries."
ASAM-1995-01520,2006-12-04T14:04:00,2006,12,4.2535,101.977,Strait of Malacca,Chemical Tanker,Attempted,0,0,Small arms,"Chemical Tanker attacked by Indonesian coastal gang underway in transit lane. MOA: knife-armed boarders, no firearms. Weapons observed: M16 + RPG. approach broken off after master sounded alarm and engaged firehoses."
ASAM-1996-01521,2014-08-24T21:31:00,2014,8,10.1385,113.8472,South China Sea,Crude Oil Tanker,Attempted,0,0,RPG,Crude Oil Tanker attacked by Filipino anchor-rob crew in narrow channel. MOA: stealth anchorage boarding. Weapons observed: knives/machetes. approach broken off after master sounded alarm and engaged firehoses.
ASAM-1997-01522,2005-07-14T23:23:00,2005,7,11.816,48.7577,Gulf of Aden,Tug & Barge,Hijacked,0,22,AK-47,"Tug & Barge attacked by Somali pirate skiff network underway in transit lane. MOA: mothership-launched skiff swarm. Weapons observed: AK-47. vessel hijacked, crew of 26 taken to coastal anchorage; 22 crew taken hostage; ransom demand transmitted within 72h."
ASAM-1998-01523,2025-12-19T23:11:00,2025,12,3.1272,99.1789,Strait of Malacca,LPG/LNG Tanker,Boarded,0,0,Knives,"LPG/LNG Tanker attacked by Indonesian coastal gang approx 182nm offshore. MOA: fast skiff rob at narrow channel. Weapons observed: RPG-7. boarders rifled bridge & masters cabin, stole cash and electronics."
ASAM-1999-01524,2007-10-05T01:18:00,2007,10,14.0462,49.7933,Gulf of Aden,LPG/LNG Tanker,Hijacked,0,18,RPG,"LPG/LNG Tanker attacked by Hobyo-Harardhere PAG at anchorage. MOA: RPG warning shot then boarding. Weapons observed: small arms. vessel hijacked, crew of 19 taken to coastal anchorage; 18 crew taken hostage; ransom demand transmitted within 72h."
ASAM-2000-01525,2022-06-01T21:14:00,2022,6,5.9523,121.0769,Sulu Sea,Crude Oil Tanker,Boarded,0,0,Unknown,"Crude Oil Tanker attacked by Sulu archipelago kidnapping ring in narrow channel. MOA: M16 + RPG armed boarding. Weapons observed: small arms. boarders rifled bridge & masters cabin, stole cash and electronics."
ASAM-2001-01526,2021-07-17T14:11:00,2021,7,3.6036,4.5411,Gulf of Guinea,Bulk Carrier,Attempted,0,0,Knives,Bulk Carrier attacked by Bakassi Strike Force remnant approx 36nm offshore. MOA: fast attack craft >150nm offshore. Weapons observed: small arms. approach broken off after master sounded alarm and engaged firehoses.
ASAM-2002-01527,2016-01-09T04:46:00,2016,1,1.9731,99.9655,Strait of Malacca,General Cargo,Suspicious Approach,0,0,Knives,"General Cargo attacked by Indonesian coastal gang approx 216nm offshore. MOA: knife-armed boarders, no firearms. Weapons observed: small arms. unidentified skiff shadowed vessel for 18 minutes before withdrawing."
ASAM-2003-01528,2018-11-26T09:30:00,2018,11,4.3518,8.2256,Gulf of Guinea,Container Ship,Hijacked,0,18,Unknown,"Container Ship attacked by Nigerian kidnap-for-ransom cell underway in transit lane. MOA: tanker product theft (siphon). Weapons observed: knives/machetes. vessel hijacked, crew of 22 taken to coastal anchorage; 18 crew taken hostage; ransom demand transmitted within 72h."
ASAM-2004-01529,2009-04-13T15:34:00,2009,4,11.6339,49.3948,Gulf of Aden,Bulk Carrier,Boarded,0,1,Small arms,"Bulk Carrier attacked by Puntland-based PAG in narrow channel. MOA: mothership-launched skiff swarm. Weapons observed: M16 + RPG. boarders rifled bridge & masters cabin, stole cash and electronics; 1 crew taken hostage; ransom demand transmitted within 72h."
ASAM-2005-01530,2017-04-14T16:58:00,2017,4,6.3869,118.1009,Sulu Sea,Chemical Tanker,Boarded,0,0,Knives,"Chemical Tanker attacked by Sulu archipelago kidnapping ring at anchorage. MOA: hostage transfer to Jolo island camps. Weapons observed: knives/machetes. boarders rifled bridge & masters cabin, stole cash and electronics."
ASAM-2006-01531,2014-11-16T02:02:00,2014,11,3.1967,4.8607,Gulf of Guinea,Crude Oil Tanker,Boarded,0,0,Knives,"Crude Oil Tanker attacked by Bakassi Strike Force remnant at anchorage. MOA: tanker product theft (siphon). Weapons observed: M16 + RPG. boarders rifled bridge & masters cabin, stole cash and electronics."
ASAM-2007-01532,2011-04-18T19:33:00,2011,4,4.31,99.6669,Strait of Malacca,Fishing Vessel,Suspicious Approach,0,0,Unknown,"Fishing Vessel attacked by Free Aceh splinter (historical) approx 110nm offshore. MOA: knife-armed boarders, no firearms. Weapons observed: RPG-7. unidentified skiff shadowed vessel for 18 minutes before withdrawing."
ASAM-2008-01533,2008-10-07T18:07:00,2008,10,14.005,51.7561,Gulf of Aden,Tug & Barge,Fired Upon,0,0,Unknown,"Tug & Barge attacked by Puntland-based PAG underway in transit lane. MOA: RPG warning shot then boarding. Weapons observed: AK-47. master engaged evasive maneuvers, RPG and small arms fire received."
ASAM-2009-01534,2018-01-27T05:58:00,2018,1,3.7346,99.7503,Strait of Malacca,Yacht,Attempted,0,0,Unknown,Yacht attacked by Indonesian coastal gang approx 230nm offshore. MOA: fast skiff rob at narrow channel. Weapons observed: small arms. approach broken off after master sounded alarm and engaged firehoses.
ASAM-2010-01535,2006-10-10T21:52:00,2006,10,6.1097,119.7967,Sulu Sea,Crude Oil Tanker,Attempted,1,0,RPG,Crude Oil Tanker attacked by BIFF splinter group in narrow channel. MOA: speedboat intercept tug & barge. Weapons observed: M16 + RPG. approach broken off after master sounded alarm and engaged firehoses; 2 crew sustained injuries.
ASAM-2011-01536,2020-12-26T03:22:00,2020,12,4.5288,4.318,Gulf of Guinea,RoRo Vehicle Carrier,Boarded,1,0,AK-47,"RoRo Vehicle Carrier attacked by Nigerian kidnap-for-ransom cell approx 273nm offshore. MOA: tanker product theft (siphon). Weapons observed: M16 + RPG. boarders rifled bridge & masters cabin, stole cash and electronics; 1 crew sustained injuries."
ASAM-2012-01537,2024-02-15T18:37:00,2024,2,13.074,48.3052,Gulf of Aden,General Cargo,Attempted,0,0,RPG,General Cargo attacked by Hobyo-Harardhere PAG underway in transit lane. MOA: AK-47 small arms suppression. Weapons observed: knives/machetes. approach broken off after master sounded alarm and engaged firehoses.
ASAM-2013-01538,2011-11-06T22:52:00,2011,11,4.6725,100.8791,Strait of Malacca,Fishing Vessel,Boarded,0,0,Knives,"Fishing Vessel attacked by Indonesian coastal gang at anchorage. MOA: nighttime stealth boarding at anchorage. Weapons observed: RPG-7. boarders rifled bridge & masters cabin, stole cash and electronics."
ASAM-2014-01539,2021-06-25T10:09:00,2021,6,4.9011,4.3593,Gulf of Guinea,Crude Oil Tanker,Attempted,0,0,Small arms,Crude Oil Tanker attacked by Nigerian kidnap-for-ransom cell at anchorage. MOA: fast attack craft >150nm offshore. Weapons observed: RPG-7. approach broken off after master sounded alarm and engaged firehoses.
ASAM-2015-01540,2021-09-02T20:12:00,2021,9,4.6972,3.3104,Gulf of Guinea,Fishing Vessel,Attempted,0,0,Knives,Fishing Vessel attacked by Nigerian kidnap-for-ransom cell approx 140nm offshore. MOA: fast attack craft >150nm offshore. Weapons observed: knives/machetes. approach broken off after master sounded alarm and engaged firehoses.
ASAM-2016-01541,2009-05-03T17:47:00,2009,5,13.9442,48.4711,Gulf of Aden,LPG/LNG Tanker,Boarded,1,0,RPG,"LPG/LNG Tanker attacked by Hobyo-Harardhere PAG at anchorage. MOA: grappling hook boarding at low freeboard. Weapons observed: RPG-7. boarders rifled bridge & masters cabin, stole cash and electronics; 1 crew sustained injuries."
ASAM-2017-01542,2018-03-26T21:23:00,2018,3,4.0695,3.317,Gulf of Guinea,General Cargo,Boarded,0,0,Knives,"General Cargo attacked by Nigerian kidnap-for-ransom cell at anchorage. MOA: fast attack craft >150nm offshore. Weapons observed: knives/machetes. boarders rifled bridge & masters cabin, stole cash and electronics."
ASAM-2018-01543,2005-01-23T03:08:00,2005,1,3.0901,99.8672,Strait of Malacca,RoRo Vehicle Carrier,Boarded,1,0,Unknown,"RoRo Vehicle Carrier attacked by Free Aceh splinter (historical) in narrow channel. MOA: crew rob & flee in <30 min. Weapons observed: AK-47. boarders rifled bridge & masters cabin, stole cash and electronics; 3 crew sustained injuries."
ASAM-2019-01544,2003-03-27T04:25:00,2003,3,1.9747,100.7243,Strait of Malacca,Crude Oil Tanker,Boarded,0,0,Unknown,"Crude Oil Tanker attacked by Free Aceh splinter (historical) at anchorage. MOA: nighttime stealth boarding at anchorage. Weapons observed: AK-47. boarders rifled bridge & masters cabin, stole cash and electronics."
ASAM-2020-01545,2020-06-21T01:25:00,2020,6,4.8762,7.8592,Gulf of Guinea,Bulk Carrier,Hijacked,1,10,Knives,"Bulk Carrier attacked by Niger Delta militant offshoot approx 92nm offshore. MOA: AK-47 + GPMG armed boarding. Weapons observed: AK-47. vessel hijacked, crew of 19 taken to coastal anchorage; 1 crew sustained injuries; 10 crew taken hostage; ransom demand transmitted within 72h."
ASAM-2021-01546,2003-10-16T20:35:00,2003,10,3.3485,99.3396,Strait of Malacca,Tug & Barge,Boarded,0,0,Knives,"Tug & Barge attacked by Riau Archipelago armed robbers at anchorage. MOA: knife-armed boarders, no firearms. Weapons observed: RPG-7. boarders rifled bridge & masters cabin, stole cash and electronics."
ASAM-2022-01547,2006-06-14T03:15:00,2006,6,5.0734,99.885,Strait of Malacca,Chemical Tanker,Fired Upon,1,0,RPG,"Chemical Tanker attacked by Indonesian coastal gang underway in transit lane. MOA: nighttime stealth boarding at anchorage. Weapons observed: small arms. master engaged evasive maneuvers, RPG and small arms fire received; 2 crew sustained injuries."
ASAM-2023-01548,2011-01-20T07:04:00,2011,1,11.4729,46.3752,Gulf of Aden,Fishing Vessel,Hijacked,0,21,Knives,"Fishing Vessel attacked by Hobyo-Harardhere PAG in narrow channel. MOA: AK-47 small arms suppression. Weapons observed: M16 + RPG. vessel hijacked, crew of 23 taken to coastal anchorage; 21 crew taken hostage; ransom demand transmitted within 72h."
ASAM-2024-01549,2016-03-28T04:13:00,2016,3,8.3633,113.6373,South China Sea,Tug & Barge,Boarded,1,0,RPG,"Tug & Barge attacked by Vietnamese coastal robbers approx 190nm offshore. MOA: stealth anchorage boarding. Weapons observed: M16 + RPG. boarders rifled bridge & masters cabin, stole cash and electronics; 4 crew sustained injuries."
ASAM-2025-01550,2006-02-12T19:47:00,2006,2,3.4262,101.3916,Strait of Malacca,Container Ship,Suspicious Approach,0,0,Small arms,Container Ship attacked by Riau Archipelago armed robbers in narrow channel. MOA: nighttime stealth boarding at anchorage. Weapons observed: RPG-7. unidentified skiff shadowed vessel for 18 minutes before withdrawing.
ASAM-1993-01551,1996-03-28T06:41:00,1996,3,7.0587,114.7037,South China Sea,Fishing Vessel,Fired Upon,1,0,Knives,"Fishing Vessel attacked by Filipino anchor-rob crew approx 199nm offshore. MOA: product theft (diesel siphoning). Weapons observed: RPG-7. master engaged evasive maneuvers, RPG and small arms fire received; 2 crew sustained injuries."
ASAM-1994-01552,2004-01-09T02:00:00,2004,1,3.1684,101.2995,Strait of Malacca,Container Ship,Boarded,0,0,AK-47,"Container Ship attacked by Indonesian coastal gang in narrow channel. MOA: crew rob & flee in <30 min. Weapons observed: knives/machetes. boarders rifled bridge & masters cabin, stole cash and electronics."
ASAM-1995-01553,2003-11-05T23:04:00,2003,11,4.4329,102.7551,Strait of Malacca,Container Ship,Boarded,1,5,AK-47,"Container Ship attacked by Free Aceh splinter (historical) at anchorage. MOA: knife-armed boarders, no firearms. Weapons observed: M16 + RPG. boarders rifled bridge & masters cabin, stole cash and electronics; 4 crew sustained injuries; 5 crew taken hostage; ransom demand transmitted within 72h."
ASAM-1996-01554,2000-12-05T22:04:00,2000,12,5.5377,119.9283,Sulu Sea,Crude Oil Tanker,Attempted,0,0,RPG,Crude Oil Tanker attacked by Sulu archipelago kidnapping ring approx 156nm offshore. MOA: hostage transfer to Jolo island camps. Weapons observed: small arms. approach broken off after master sounded alarm and engaged firehoses.
ASAM-1997-01555,2007-10-04T18:04:00,2007,10,6.324,120.831,Sulu Sea,Bulk Carrier,Hijacked,0,23,RPG,"Bulk Carrier attacked by Sulu archipelago kidnapping ring in narrow channel. MOA: speedboat intercept tug & barge. Weapons observed: knives/machetes. vessel hijacked, crew of 19 taken to coastal anchorage; 23 crew taken hostage; ransom demand transmitted within 72h."
ASAM-1998-01556,2023-08-22T02:45:00,2023,8,11.6732,49.2652,Gulf of Aden,Bulk Carrier,Boarded,0,0,Knives,"Bulk Carrier attacked by Somali pirate skiff network approx 193nm offshore. MOA: mothership-launched skiff swarm. Weapons observed: knives/machetes. boarders rifled bridge & masters cabin, stole cash and electronics."
ASAM-1999-01557,2014-11-23T04:34:00,2014,11,10.819,113.7159,South China Sea,Tug & Barge,Attempted,0,0,Knives,Tug & Barge attacked by Filipino anchor-rob crew at anchorage. MOA: stealth anchorage boarding. Weapons observed: RPG-7. approach broken off after master sounded alarm and engaged firehoses.
ASAM-2000-01558,2021-06-20T12:53:00,2021,6,1.7657,4.829,Gulf of Guinea,Chemical Tanker,Attempted,0,0,Knives,Chemical Tanker attacked by Nigerian kidnap-for-ransom cell underway in transit lane. MOA: fast attack craft >150nm offshore. Weapons observed: RPG-7. approach broken off after master sounded alarm and engaged firehoses.
ASAM-2001-01559,2017-10-01T19:01:00,2017,10,5.5417,121.4522,Sulu Sea,Crude Oil Tanker,Boarded,0,6,Small arms,"Crude Oil Tanker attacked by Sulu archipelago kidnapping ring underway in transit lane. MOA: M16 + RPG armed boarding. Weapons observed: RPG-7. boarders rifled bridge & masters cabin, stole cash and electronics; 6 crew taken hostage; ransom demand transmitted within 72h."
ASAM-2002-01560,2018-06-07T22:48:00,2018,6,5.6746,3.1633,Gulf of Guinea,LPG/LNG Tanker,Attempted,0,0,RPG,LPG/LNG Tanker attacked by Nigerian kidnap-for-ransom cell approx 148nm offshore. MOA: tanker product theft (siphon). Weapons observed: knives/machetes. approach broken off after master sounded alarm and engaged firehoses.
ASAM-2003-01561,2009-06-08T22:26:00,2009,6,15.0573,48.9429,Gulf of Aden,Container Ship,Boarded,0,1,Small arms,"Container Ship attacked by Puntland-based PAG at anchorage. MOA: mothership-launched skiff swarm. Weapons observed: knives/machetes. boarders rifled bridge & masters cabin, stole cash and electronics; 1 crew taken hostage; ransom demand transmitted within 72h."
ASAM-2004-01562,2021-12-16T23:00:00,2021,12,3.3634,5.8924,Gulf of Guinea,Crude Oil Tanker,Attempted,0,0,Small arms,Crude Oil Tanker attacked by Niger Delta militant offshoot underway in transit lane. MOA: fast attack craft >150nm offshore. Weapons observed: knives/machetes. approach broken off after master sounded alarm and engaged firehoses.
ASAM-2005-01563,2000-11-22T23:59:00,2000,11,12.0229,48.185,Gulf of Aden,Yacht,Boarded,1,3,Small arms,"Yacht attacked by Puntland-based PAG approx 97nm offshore. MOA: RPG warning shot then boarding. Weapons observed: AK-47. boarders rifled bridge & masters cabin, stole cash and electronics; 2 crew sustained injuries; 3 crew taken hostage; ransom demand transmitted within 72h."
ASAM-2006-01564,2003-01-17T19:59:00,2003,1,3.2754,103.4396,Strait of Malacca,Bulk Carrier,Attempted,0,0,Unknown,"Bulk Carrier attacked by Free Aceh splinter (historical) approx 73nm offshore. MOA: knife-armed boarders, no firearms. Weapons observed: AK-47. approach broken off after master sounded alarm and engaged firehoses."
ASAM-2007-01565,2004-06-20T22:25:00,2004,6,3.6211,4.6202,Gulf of Guinea,Bulk Carrier,Attempted,0,0,Small arms,Bulk Carrier attacked by Niger Delta militant offshoot underway in transit lane. MOA: kidnap-for-ransom of officers. Weapons observed: AK-47. approach broken off after master sounded alarm and engaged firehoses.
ASAM-2008-01566,2016-12-13T18:11:00,2016,12,2.6896,1.2623,Gulf of Guinea,General Cargo,Boarded,0,0,Unknown,"General Cargo attacked by Niger Delta militant offshoot at anchorage. MOA: tanker product theft (siphon). Weapons observed: small arms. boarders rifled bridge & masters cabin, stole cash and electronics."
ASAM-2009-01567,2008-06-01T18:28:00,2008,6,14.9809,48.1422,Gulf of Aden,General Cargo,Attempted,0,0,Knives,General Cargo attacked by Somali pirate skiff network approx 108nm offshore. MOA: grappling hook boarding at low freeboard. Weapons observed: small arms. approach broken off after master sounded alarm and engaged firehoses.
ASAM-2010-01568,2019-07-03T00:09:00,2019,7,11.7491,-66.0462,Caribbean / Venezuelan,Tug & Barge,Boarded,0,0,Knives,"Tug & Barge attacked by Trinidad-Tobago smuggler crew approx 125nm offshore. MOA: small arms intimidation. Weapons observed: small arms. boarders rifled bridge & masters cabin, stole cash and electronics."
ASAM-2011-01569,2009-04-06T20:01:00,2009,4,12.1737,48.7535,Gulf of Aden,Container Ship,Boarded,0,0,RPG,"Container Ship attacked by Puntland-based PAG approx 222nm offshore. MOA: RPG warning shot then boarding. Weapons observed: small arms. boarders rifled bridge & masters cabin, stole cash and electronics."
ASAM-2012-01570,2006-01-07T19:09:00,2006,1,6.8518,4.949,Gulf of Guinea,General Cargo,Boarded,0,3,AK-47,"General Cargo attacked by Nigerian kidnap-for-ransom cell at anchorage. MOA: kidnap-for-ransom of officers. Weapons observed: AK-47. boarders rifled bridge & masters cabin, stole cash and electronics; 3 crew taken hostage; ransom demand transmitted within 72h."
ASAM-2013-01571,2014-10-12T00:59:00,2014,10,7.5356,114.444,South China Sea,Bulk Carrier,Boarded,0,2,RPG,"Bulk Carrier attacked by Filipino anchor-rob crew at anchorage. MOA: product theft (diesel siphoning). Weapons observed: RPG-7. boarders rifled bridge & masters cabin, stole cash and electronics; 2 crew taken hostage; ransom demand transmitted within 72h."
ASAM-2014-01572,2010-04-22T23:19:00,2010,4,12.5475,43.9742,Gulf of Aden,Tug & Barge,Attempted,0,0,Small arms,Tug & Barge attacked by Somali pirate skiff network underway in transit lane. MOA: AK-47 small arms suppression. Weapons observed: AK-47. approach broken off after master sounded alarm and engaged firehoses.
ASAM-2015-01573,2006-05-09T01:39:00,2006,5,4.4001,99.3675,Strait of Malacca,Offshore Supply,Suspicious Approach,0,0,Small arms,Offshore Supply attacked by Riau Archipelago armed robbers approx 19nm offshore. MOA: nighttime stealth boarding at anchorage. Weapons observed: knives/machetes. unidentified skiff shadowed vessel for 18 minutes before withdrawing.
ASAM-2016-01574,1999-08-18T04:56:00,1999,8,11.2655,-62.6197,Caribbean / Venezuelan,RoRo Vehicle Carrier,Suspicious Approach,1,0,Small arms,RoRo Vehicle Carrier attacked by Venezuelan coastal gang underway in transit lane. MOA: crew theft + minor injuries. Weapons observed: M16 + RPG. unidentified skiff shadowed vessel for 18 minutes before withdrawing; 4 crew sustained injuries.
ASAM-2017-01575,2008-08-17T03:33:00,2008,8,13.2252,49.6252,Gulf of Aden,RoRo Vehicle Carrier,Boarded,0,0,RPG,"RoRo Vehicle Carrier attacked by Puntland-based PAG at anchorage. MOA: AK-47 small arms suppression. Weapons observed: small arms. boarders rifled bridge & masters cabin, stole cash and electronics."
ASAM-2018-01576,2008-11-12T02:25:00,2008,11,12.6475,48.4319,Gulf of Aden,Tug & Barge,Boarded,1,0,AK-47,"Tug & Barge attacked by Somali pirate skiff network in narrow channel. MOA: RPG warning shot then boarding. Weapons observed: RPG-7. boarders rifled bridge & masters cabin, stole cash and electronics; 2 crew sustained injuries."
ASAM-2019-01577,2001-08-05T17:18:00,2001,8,4.445,101.2966,Strait of Malacca,Container Ship,Hijacked,1,18,Knives,"Container Ship attacked by Riau Archipelago armed robbers underway in transit lane. MOA: nighttime stealth boarding at anchorage. Weapons observed: M16 + RPG. vessel hijacked, crew of 15 taken to coastal anchorage; 1 crew sustained injuries; 18 crew taken hostage; ransom demand transmitted within 72h."
ASAM-2020-01578,2008-11-19T02:10:00,2008,11,14.516,46.7201,Gulf of Aden,Container Ship,Attempted,1,0,Unknown,Container Ship attacked by Hobyo-Harardhere PAG in narrow channel. MOA: RPG warning shot then boarding. Weapons observed: small arms. approach broken off after master sounded alarm and engaged firehoses; 1 crew sustained injuries.
ASAM-2021-01579,2021-04-12T02:42:00,2021,4,2.5935,4.6095,Gulf of Guinea,Container Ship,Boarded,1,0,Small arms,"Container Ship attacked by Nigerian kidnap-for-ransom cell at anchorage. MOA: tanker product theft (siphon). Weapons observed: RPG-7. boarders rifled bridge & masters cabin, stole cash and electronics; 4 crew sustained injuries."
ASAM-2022-01580,2018-11-20T02:34:00,2018,11,5.6843,121.2251,Sulu Sea,Crude Oil Tanker,Boarded,0,3,Small arms,"Crude Oil Tanker attacked by Abu Sayyaf maritime cell in narrow channel. MOA: speedboat intercept tug & barge. Weapons observed: RPG-7. boarders rifled bridge & masters cabin, stole cash and electronics; 3 crew taken hostage; ransom demand transmitted within 72h."
ASAM-2023-01581,1995-10-21T05:04:00,1995,10,4.6966,7.2465,Gulf of Guinea,Bulk Carrier,Suspicious Approach,0,0,Knives,Bulk Carrier attacked by Bakassi Strike Force remnant at anchorage. MOA: tanker product theft (siphon). Weapons observed: RPG-7. unidentified skiff shadowed vessel for 18 minutes before withdrawing.
ASAM-2024-01582,2017-05-19T12:35:00,2017,5,6.2222,121.1534,Sulu Sea,Fishing Vessel,Hijacked,0,25,Small arms,"Fishing Vessel attacked by BIFF splinter group approx 58nm offshore. MOA: hostage transfer to Jolo island camps. Weapons observed: knives/machetes. vessel hijacked, crew of 28 taken to coastal anchorage; 25 crew taken hostage; ransom demand transmitted within 72h."
ASAM-2025-01583,2014-11-07T18:57:00,2014,11,13.8648,47.2322,Gulf of Aden,LPG/LNG Tanker,Attempted,0,0,Unknown,LPG/LNG Tanker attacked by Somali pirate skiff network approx 177nm offshore. MOA: mothership-launched skiff swarm. Weapons observed: knives/machetes. approach broken off after master sounded alarm and engaged firehoses.
ASAM-1993-01584,2003-08-23T01:35:00,2003,8,5.3176,101.5637,Strait of Malacca,LPG/LNG Tanker,Boarded,0,0,Knives,"LPG/LNG Tanker attacked by Riau Archipelago armed robbers underway in transit lane. MOA: nighttime stealth boarding at anchorage. Weapons observed: knives/machetes. boarders rifled bridge & masters cabin, stole cash and electronics."
ASAM-1994-01585,2006-02-24T22:11:00,2006,2,3.2066,99.6987,Strait of Malacca,Bulk Carrier,Suspicious Approach,0,0,Unknown,"Bulk Carrier attacked by Indonesian coastal gang at anchorage. MOA: knife-armed boarders, no firearms. Weapons observed: RPG-7. unidentified skiff shadowed vessel for 18 minutes before withdrawing."
ASAM-1995-01586,2012-11-02T15:36:00,2012,11,13.4711,50.2708,Gulf of Aden,Tug & Barge,Attempted,1,0,Small arms,Tug & Barge attacked by Somali pirate skiff network at anchorage. MOA: RPG warning shot then boarding. Weapons observed: M16 + RPG. approach broken off after master sounded alarm and engaged firehoses; 2 crew sustained injuries.
ASAM-1996-01587,2009-09-03T06:52:00,2009,9,13.1776,47.1126,Gulf of Aden,RoRo Vehicle Carrier,Boarded,0,0,RPG,"RoRo Vehicle Carrier attacked by Hobyo-Harardhere PAG underway in transit lane. MOA: mothership-launched skiff swarm. Weapons observed: small arms. boarders rifled bridge & masters cabin, stole cash and electronics."
ASAM-1997-01588,2011-12-15T18:58:00,2011,12,12.9033,47.9178,Gulf of Aden,Fishing Vessel,Attempted,0,0,RPG,Fishing Vessel attacked by Somali pirate skiff network approx 94nm offshore. MOA: AK-47 small arms suppression. Weapons observed: M16 + RPG. approach broken off after master sounded alarm and engaged firehoses.
ASAM-1998-01589,2018-11-03T03:33:00,2018,11,5.5171,7.6594,Gulf of Guinea,RoRo Vehicle Carrier,Boarded,1,0,Unknown,"RoRo Vehicle Carrier attacked by Niger Delta militant offshoot in narrow channel. MOA: AK-47 + GPMG armed boarding. Weapons observed: knives/machetes. boarders rifled bridge & masters cabin, stole cash and electronics; 3 crew sustained injuries."
ASAM-1999-01590,2015-05-06T06:44:00,2015,5,8.8832,112.5727,South China Sea,Crude Oil Tanker,Boarded,1,0,Small arms,"Crude Oil Tanker attacked by Filipino anchor-rob crew at anchorage. MOA: product theft (diesel siphoning). Weapons observed: knives/machetes. boarders rifled bridge & masters cabin, stole cash and electronics; 1 crew sustained injuries."
ASAM-2000-01591,2021-11-27T18:26:00,2021,11,3.7697,3.4411,Gulf of Guinea,Bulk Carrier,Attempted,0,0,RPG,Bulk Carrier attacked by Nigerian kidnap-for-ransom cell at anchorage. MOA: tanker product theft (siphon). Weapons observed: small arms. approach broken off after master sounded alarm and engaged firehoses.
ASAM-2001-01592,2005-01-22T08:13:00,2005,1,4.5061,7.6458,Gulf of Guinea,General Cargo,Attempted,0,0,Unknown,General Cargo attacked by Nigerian kidnap-for-ransom cell in narrow channel. MOA: tanker product theft (siphon). Weapons observed: M16 + RPG. approach broken off after master sounded alarm and engaged firehoses.
ASAM-2002-01593,2006-11-28T05:14:00,2006,11,3.0304,102.9908,Strait of Malacca,Bulk Carrier,Boarded,0,5,Knives,"Bulk Carrier attacked by Indonesian coastal gang underway in transit lane. MOA: nighttime stealth boarding at anchorage. Weapons observed: RPG-7. boarders rifled bridge & masters cabin, stole cash and electronics; 5 crew taken hostage; ransom demand transmitted within 72h."
ASAM-2003-01594,2012-11-14T14:09:00,2012,11,13.6172,50.1392,Gulf of Aden,Yacht,Attempted,0,0,Unknown,Yacht attacked by Puntland-based PAG at anchorage. MOA: RPG warning shot then boarding. Weapons observed: AK-47. approach broken off after master sounded alarm and engaged firehoses.
ASAM-2004-01595,2021-01-06T19:31:00,2021,1,3.1281,100.1679,Strait of Malacca,Bulk Carrier,Boarded,0,0,Knives,"Bulk Carrier attacked by Riau Archipelago armed robbers in narrow channel. MOA: crew rob & flee in <30 min. Weapons observed: M16 + RPG. boarders rifled bridge & masters cabin, stole cash and electronics."
ASAM-2005-01596,2002-03-22T11:32:00,2002,3,2.4314,100.9335,Strait of Malacca,Bulk Carrier,Boarded,1,3,Small arms,"Bulk Carrier attacked by Indonesian coastal gang approx 87nm offshore. MOA: fast skiff rob at narrow channel. Weapons observed: small arms. boarders rifled bridge & masters cabin, stole cash and electronics; 4 crew sustained injuries; 3 crew taken hostage; ransom demand transmitted within 72h."
ASAM-2006-01597,2015-11-04T14:18:00,2015,11,10.6758,112.5648,South China Sea,Tug & Barge,Boarded,0,0,Small arms,"Tug & Barge attacked by Filipino anchor-rob crew in narrow channel. MOA: stealth anchorage boarding. Weapons observed: small arms. boarders rifled bridge & masters cabin, stole cash and electronics."
ASAM-2007-01598,2014-01-02T03:11:00,2014,1,12.4504,49.4276,Gulf of Aden,General Cargo,Hijacked,0,14,Unknown,"General Cargo attacked by Somali pirate skiff network in narrow channel. MOA: mothership-launched skiff swarm. Weapons observed: knives/machetes. vessel hijacked, crew of 26 taken to coastal anchorage; 14 crew taken hostage; ransom demand transmitted within 72h."
ASAM-2008-01599,2009-09-23T22:38:00,2009,9,5.5448,119.0166,Sulu Sea,Fishing Vessel,Boarded,0,0,Unknown,"Fishing Vessel attacked by Sulu archipelago kidnapping ring underway in transit lane. MOA: speedboat intercept tug & barge. Weapons observed: AK-47. boarders rifled bridge & masters cabin, stole cash and electronics."
ASAM-2009-01600,2006-06-20T11:36:00,2006,6,1.2201,99.215,Strait of Malacca,Chemical Tanker,Attempted,0,0,Knives,Chemical Tanker attacked by Riau Archipelago armed robbers in narrow channel. MOA: nighttime stealth boarding at anchorage. Weapons observed: knives/machetes. approach broken off after master sounded alarm and engaged firehoses.
ASAM-2010-01601,2015-09-22T20:27:00,2015,9,10.3943,49.3773,Gulf of Aden,Fishing Vessel,Attempted,0,0,Small arms,Fishing Vessel attacked by Hobyo-Harardhere PAG approx 193nm offshore. MOA: grappling hook boarding at low freeboard. Weapons observed: M16 + RPG. approach broken off after master sounded alarm and engaged firehoses.
ASAM-2011-01602,2019-09-22T22:41:00,2019,9,12.5834,48.6776,Gulf of Aden,Chemical Tanker,Suspicious Approach,0,0,AK-47,Chemical Tanker attacked by Puntland-based PAG at anchorage. MOA: AK-47 small arms suppression. Weapons observed: M16 + RPG. unidentified skiff shadowed vessel for 18 minutes before withdrawing.
ASAM-2012-01603,2009-04-05T06:46:00,2009,4,13.4148,52.591,Gulf of Aden,General Cargo,Fired Upon,0,0,AK-47,"General Cargo attacked by Somali pirate skiff network at anchorage. MOA: mothership-launched skiff swarm. Weapons observed: RPG-7. master engaged evasive maneuvers, RPG and small arms fire received."
ASAM-2013-01604,2021-12-21T22:12:00,2021,12,2.2743,3.3629,Gulf of Guinea,Tug & Barge,Fired Upon,0,0,RPG,"Tug & Barge attacked by Niger Delta militant offshoot at anchorage. MOA: fast attack craft >150nm offshore. Weapons observed: M16 + RPG. master engaged evasive maneuvers, RPG and small arms fire received."
ASAM-2014-01605,2009-01-27T12:01:00,2009,1,13.3017,49.5703,Gulf of Aden,General Cargo,Boarded,0,0,Small arms,"General Cargo attacked by Puntland-based PAG at anchorage. MOA: AK-47 small arms suppression. Weapons observed: small arms. boarders rifled bridge & masters cabin, stole cash and electronics."
ASAM-2015-01606,2004-08-06T23:26:00,2004,8,5.0172,101.1835,Strait of Malacca,Container Ship,Suspicious Approach,0,0,AK-47,Container Ship attacked by Indonesian coastal gang underway in transit lane. MOA: crew rob & flee in <30 min. Weapons observed: small arms. unidentified skiff shadowed vessel for 18 minutes before withdrawing.
ASAM-2016-01607,2025-10-28T00:44:00,2025,10,12.3495,112.7472,South China Sea,Bulk Carrier,Boarded,0,0,Unknown,"Bulk Carrier attacked by Vietnamese coastal robbers at anchorage. MOA: product theft (diesel siphoning). Weapons observed: M16 + RPG. boarders rifled bridge & masters cabin, stole cash and electronics."
ASAM-2017-01608,2014-07-07T05:12:00,2014,7,2.7417,99.8629,Strait of Malacca,Bulk Carrier,Boarded,0,2,Knives,"Bulk Carrier attacked by Riau Archipelago armed robbers in narrow channel. MOA: knife-armed boarders, no firearms. Weapons observed: knives/machetes. boarders rifled bridge & masters cabin, stole cash and electronics; 2 crew taken hostage; ransom demand transmitted within 72h."
ASAM-2018-01609,2018-08-19T21:20:00,2018,8,5.4973,4.2036,Gulf of Guinea,Bulk Carrier,Attempted,0,0,Unknown,Bulk Carrier attacked by Bakassi Strike Force remnant approx 116nm offshore. MOA: tanker product theft (siphon). Weapons observed: M16 + RPG. approach broken off after master sounded alarm and engaged firehoses.
ASAM-2019-01610,1998-03-15T14:51:00,1998,3,1.8242,4.2197,Gulf of Guinea,Bulk Carrier,Suspicious Approach,0,0,AK-47,Bulk Carrier attacked by Bakassi Strike Force remnant at anchorage. MOA: fast attack craft >150nm offshore. Weapons observed: RPG-7. unidentified skiff shadowed vessel for 18 minutes before withdrawing.
ASAM-2020-01611,2009-07-01T04:07:00,2009,7,13.1398,49.5371,Gulf of Aden,Chemical Tanker,Boarded,0,0,AK-47,"Chemical Tanker attacked by Hobyo-Harardhere PAG in narrow channel. MOA: RPG warning shot then boarding. Weapons observed: M16 + RPG. boarders rifled bridge & masters cabin, stole cash and electronics."
ASAM-2021-01612,2003-12-25T21:06:00,2003,12,3.7675,99.9947,Strait of Malacca,General Cargo,Attempted,0,0,Knives,General Cargo attacked by Indonesian coastal gang approx 225nm offshore. MOA: crew rob & flee in <30 min. Weapons observed: small arms. approach broken off after master sounded alarm and engaged firehoses.
ASAM-2022-01613,2012-05-05T11:58:00,2012,5,13.0643,49.9102,Gulf of Aden,Fishing Vessel,Boarded,0,0,Small arms,"Fishing Vessel attacked by Puntland-based PAG underway in transit lane. MOA: AK-47 small arms suppression. Weapons observed: small arms. boarders rifled bridge & masters cabin, stole cash and electronics."
ASAM-2023-01614,1993-01-24T14:22:00,1993,1,3.8205,100.7507,Strait of Malacca,Crude Oil Tanker,Attempted,0,0,Knives,Crude Oil Tanker attacked by Riau Archipelago armed robbers underway in transit lane. MOA: fast skiff rob at narrow channel. Weapons observed: small arms. approach broken off after master sounded alarm and engaged firehoses.
ASAM-2024-01615,2020-02-11T21:32:00,2020,2,4.6675,6.5628,Gulf of Guinea,Bulk Carrier,Attempted,0,0,RPG,Bulk Carrier attacked by Bakassi Strike Force remnant at anchorage. MOA: AK-47 + GPMG armed boarding. Weapons observed: M16 + RPG. approach broken off after master sounded alarm and engaged firehoses.
ASAM-2025-01616,2016-01-02T19:59:00,2016,1,10.5793,113.554,South China Sea,General Cargo,Boarded,0,0,RPG,"General Cargo attacked by Filipino anchor-rob crew at anchorage. MOA: product theft (diesel siphoning). Weapons observed: RPG-7. boarders rifled bridge & masters cabin, stole cash and electronics."
ASAM-1993-01617,2006-08-08T18:57:00,2006,8,3.0363,100.3385,Strait of Malacca,Chemical Tanker,Attempted,0,0,AK-47,Chemical Tanker attacked by Free Aceh splinter (historical) underway in transit lane. MOA: crew rob & flee in <30 min. Weapons observed: AK-47. approach broken off after master sounded alarm and engaged firehoses.
ASAM-1994-01618,2000-02-28T08:11:00,2000,2,4.7815,120.7274,Sulu Sea,Chemical Tanker,Attempted,0,0,AK-47,Chemical Tanker attacked by BIFF splinter group in narrow channel. MOA: hostage transfer to Jolo island camps. Weapons observed: M16 + RPG. approach broken off after master sounded alarm and engaged firehoses.
ASAM-1995-01619,2007-10-22T23:59:00,2007,10,13.9072,50.1311,Gulf of Aden,Bulk Carrier,Hijacked,0,25,AK-47,"Bulk Carrier attacked by Somali pirate skiff network underway in transit lane. MOA: RPG warning shot then boarding. Weapons observed: AK-47. vessel hijacked, crew of 24 taken to coastal anchorage; 25 crew taken hostage; ransom demand transmitted within 72h."
ASAM-1996-01620,2020-05-02T07:40:00,2020,5,3.2932,4.4597,Gulf of Guinea,LPG/LNG Tanker,Attempted,0,0,AK-47,LPG/LNG Tanker attacked by Nigerian kidnap-for-ransom cell at anchorage. MOA: tanker product theft (siphon). Weapons observed: knives/machetes. approach broken off after master sounded alarm and engaged firehoses.
ASAM-1997-01621,2014-04-15T20:58:00,2014,4,4.0197,7.6641,Gulf of Guinea,General Cargo,Fired Upon,0,0,Small arms,"General Cargo attacked by Bakassi Strike Force remnant underway in transit lane. MOA: fast attack craft >150nm offshore. Weapons observed: knives/machetes. master engaged evasive maneuvers, RPG and small arms fire received."
ASAM-1998-01622,2016-05-06T20:02:00,2016,5,7.8623,114.2598,South China Sea,Tug & Barge,Attempted,0,0,Unknown,Tug & Barge attacked by Vietnamese coastal robbers underway in transit lane. MOA: stealth anchorage boarding. Weapons observed: M16 + RPG. approach broken off after master sounded alarm and engaged firehoses.
ASAM-1999-01623,2016-01-02T17:50:00,2016,1,9.1896,113.8029,South China Sea,Bulk Carrier,Boarded,0,0,Small arms,"Bulk Carrier attacked by Filipino anchor-rob crew at anchorage. MOA: product theft (diesel siphoning). Weapons observed: knives/machetes. boarders rifled bridge & masters cabin, stole cash and electronics."
ASAM-2000-01624,2003-04-25T03:57:00,2003,4,1.0901,98.7222,Strait of Malacca,Crude Oil Tanker,Boarded,0,0,RPG,"Crude Oil Tanker attacked by Free Aceh splinter (historical) underway in transit lane. MOA: crew rob & flee in <30 min. Weapons observed: small arms. boarders rifled bridge & masters cabin, stole cash and electronics."
ASAM-2001-01625,2011-07-17T23:14:00,2011,7,12.1654,51.6899,Gulf of Aden,Tug & Barge,Boarded,0,0,RPG,"Tug & Barge attacked by Hobyo-Harardhere PAG at anchorage. MOA: AK-47 small arms suppression. Weapons observed: RPG-7. boarders rifled bridge & masters cabin, stole cash and electronics."
ASAM-2002-01626,2019-09-14T12:39:00,2019,9,2.8537,101.1545,Strait of Malacca,General Cargo,Boarded,0,0,Knives,"General Cargo attacked by Indonesian coastal gang at anchorage. MOA: nighttime stealth boarding at anchorage. Weapons observed: knives/machetes. boarders rifled bridge & masters cabin, stole cash and electronics."
ASAM-2003-01627,2019-10-28T13:58:00,2019,10,4.7306,5.8304,Gulf of Guinea,Tug & Barge,Boarded,0,0,Knives,"Tug & Barge attacked by Niger Delta militant offshoot in narrow channel. MOA: tanker product theft (siphon). Weapons observed: M16 + RPG. boarders rifled bridge & masters cabin, stole cash and electronics."
ASAM-2004-01628,2018-05-22T10:47:00,2018,5,3.1028,3.2429,Gulf of Guinea,General Cargo,Boarded,0,0,Small arms,"General Cargo attacked by Bakassi Strike Force remnant approx 47nm offshore. MOA: fast attack craft >150nm offshore. Weapons observed: RPG-7. boarders rifled bridge & masters cabin, stole cash and electronics."
ASAM-2005-01629,2007-10-13T01:39:00,2007,10,6.8042,119.1856,Sulu Sea,General Cargo,Attempted,0,0,RPG,General Cargo attacked by BIFF splinter group underway in transit lane. MOA: speedboat intercept tug & barge. Weapons observed: knives/machetes. approach broken off after master sounded alarm and engaged firehoses.
ASAM-2006-01630,2010-11-08T05:34:00,2010,11,11.0921,49.3219,Gulf of Aden,Tug & Barge,Hijacked,0,17,AK-47,"Tug & Barge attacked by Hobyo-Harardhere PAG at anchorage. MOA: RPG warning shot then boarding. Weapons observed: small arms. vessel hijacked, crew of 26 taken to coastal anchorage; 17 crew taken hostage; ransom demand transmitted within 72h."
ASAM-2007-01631,2018-01-02T19:15:00,2018,1,7.0425,120.2618,Sulu Sea,LPG/LNG Tanker,Boarded,1,0,AK-47,"LPG/LNG Tanker attacked by BIFF splinter group at anchorage. MOA: speedboat intercept tug & barge. Weapons observed: knives/machetes. boarders rifled bridge & masters cabin, stole cash and electronics; 4 crew sustained injuries."
ASAM-2008-01632,2018-08-03T18:28:00,2018,8,10.4451,-66.1057,Caribbean / Venezuelan,General Cargo,Hijacked,0,21,Knives,"General Cargo attacked by Venezuelan coastal gang at anchorage. MOA: yacht boarding at anchorage. Weapons observed: M16 + RPG. vessel hijacked, crew of 15 taken to coastal anchorage; 21 crew taken hostage; ransom demand transmitted within 72h."
ASAM-2009-01633,2018-07-07T12:45:00,2018,7,5.2862,119.4339,Sulu Sea,Crude Oil Tanker,Fired Upon,0,0,Unknown,"Crude Oil Tanker attacked by Sulu archipelago kidnapping ring approx 216nm offshore. MOA: abduction of fishing crew. Weapons observed: small arms. master engaged evasive maneuvers, RPG and small arms fire received."
ASAM-2010-01634,2001-07-03T21:36:00,2001,7,11.0442,49.9193,Gulf of Aden,Bulk Carrier,Boarded,0,0,Small arms,"Bulk Carrier attacked by Somali pirate skiff network in narrow channel. MOA: mothership-launched skiff swarm. Weapons observed: RPG-7. boarders rifled bridge & masters cabin, stole cash and electronics."
ASAM-2011-01635,2016-07-18T22:49:00,2016,7,4.7435,121.4024,Sulu Sea,General Cargo,Boarded,0,0,Small arms,"General Cargo attacked by Sulu archipelago kidnapping ring at anchorage. MOA: M16 + RPG armed boarding. Weapons observed: M16 + RPG. boarders rifled bridge & masters cabin, stole cash and electronics."
ASAM-2012-01636,2006-04-27T02:20:00,2006,4,11.6381,-66.6441,Caribbean / Venezuelan,Bulk Carrier,Hijacked,0,14,Unknown,"Bulk Carrier attacked by Trinidad-Tobago smuggler crew at anchorage. MOA: small arms intimidation. Weapons observed: M16 + RPG. vessel hijacked, crew of 26 taken to coastal anchorage; 14 crew taken hostage; ransom demand transmitted within 72h."
ASAM-2013-01637,2003-07-10T03:19:00,2003,7,3.0732,102.1761,Strait of Malacca,Crude Oil Tanker,Suspicious Approach,0,0,Small arms,"Crude Oil Tanker attacked by Indonesian coastal gang underway in transit lane. MOA: knife-armed boarders, no firearms. Weapons observed: M16 + RPG. unidentified skiff shadowed vessel for 18 minutes before withdrawing."
ASAM-2014-01638,2021-05-13T07:16:00,2021,5,3.9234,5.8796,Gulf of Guinea,Bulk Carrier,Attempted,0,0,AK-47,Bulk Carrier attacked by Niger Delta militant offshoot in narrow channel. MOA: tanker product theft (siphon). Weapons observed: knives/machetes. approach broken off after master sounded alarm and engaged firehoses.
ASAM-2015-01639,1998-04-11T19:09:00,1998,4,3.8437,7.4363,Gulf of Guinea,Bulk Carrier,Attempted,0,0,Knives,Bulk Carrier attacked by Bakassi Strike Force remnant underway in transit lane. MOA: AK-47 + GPMG armed boarding. Weapons observed: AK-47. approach broken off after master sounded alarm and engaged firehoses.
ASAM-2016-01640,2009-10-20T04:19:00,2009,10,13.5463,48.5718,Gulf of Aden,Chemical Tanker,Hijacked,0,26,Small arms,"Chemical Tanker attacked by Somali pirate skiff network underway in transit lane. MOA: grappling hook boarding at low freeboard. Weapons observed: RPG-7. vessel hijacked, crew of 22 taken to coastal anchorage; 26 crew taken hostage; ransom demand transmitted within 72h."
ASAM-2017-01641,2011-04-11T05:48:00,2011,4,11.4745,49.6532,Gulf of Aden,Chemical Tanker,Suspicious Approach,0,0,Knives,Chemical Tanker attacked by Hobyo-Harardhere PAG underway in transit lane. MOA: mothership-launched skiff swarm. Weapons observed: RPG-7. unidentified skiff shadowed vessel for 18 minutes before withdrawing.
ASAM-2018-01642,2004-11-27T18:07:00,2004,11,3.9564,102.0916,Strait of Malacca,RoRo Vehicle Carrier,Hijacked,0,10,Unknown,"RoRo Vehicle Carrier attacked by Riau Archipelago armed robbers approx 62nm offshore. MOA: nighttime stealth boarding at anchorage. Weapons observed: RPG-7. vessel hijacked, crew of 23 taken to coastal anchorage; 10 crew taken hostage; ransom demand transmitted within 72h."
ASAM-2019-01643,1994-07-28T09:20:00,1994,7,6.4138,121.7033,Sulu Sea,Container Ship,Attempted,0,0,Small arms,Container Ship attacked by Abu Sayyaf maritime cell underway in transit lane. MOA: abduction of fishing crew. Weapons observed: small arms. approach broken off after master sounded alarm and engaged firehoses.
ASAM-2020-01644,2017-03-22T09:31:00,2017,3,5.8953,121.1142,Sulu Sea,Chemical Tanker,Boarded,0,0,Knives,"Chemical Tanker attacked by BIFF splinter group approx 148nm offshore. MOA: hostage transfer to Jolo island camps. Weapons observed: M16 + RPG. boarders rifled bridge & masters cabin, stole cash and electronics."
ASAM-2021-01645,1994-02-04T03:15:00,1994,2,2.7139,2.0018,Gulf of Guinea,Tug & Barge,Attempted,0,0,AK-47,Tug & Barge attacked by Nigerian kidnap-for-ransom cell underway in transit lane. MOA: tanker product theft (siphon). Weapons observed: RPG-7. approach broken off after master sounded alarm and engaged firehoses.
ASAM-2022-01646,2012-12-11T02:05:00,2012,12,14.4581,49.6599,Gulf of Aden,Bulk Carrier,Fired Upon,0,0,Unknown,"Bulk Carrier attacked by Somali pirate skiff network approx 102nm offshore. MOA: grappling hook boarding at low freeboard. Weapons observed: RPG-7. master engaged evasive maneuvers, RPG and small arms fire received."
ASAM-2023-01647,2018-12-08T02:02:00,2018,12,6.492,120.9173,Sulu Sea,Chemical Tanker,Fired Upon,0,0,Knives,"Chemical Tanker attacked by BIFF splinter group approx 267nm offshore. MOA: speedboat intercept tug & barge. Weapons observed: M16 + RPG. master engaged evasive maneuvers, RPG and small arms fire received."
ASAM-2024-01648,2019-01-16T05:01:00,2019,1,10.8258,-67.6135,Caribbean / Venezuelan,Container Ship,Suspicious Approach,0,0,Knives,Container Ship attacked by Trinidad-Tobago smuggler crew in narrow channel. MOA: yacht boarding at anchorage. Weapons observed: AK-47. unidentified skiff shadowed vessel for 18 minutes before withdrawing.
ASAM-2025-01649,2007-07-19T02:06:00,2007,7,4.1556,5.1766,Gulf of Guinea,Bulk Carrier,Hijacked,0,8,RPG,"Bulk Carrier attacked by Bakassi Strike Force remnant approx 262nm offshore. MOA: tanker product theft (siphon). Weapons observed: AK-47. vessel hijacked, crew of 20 taken to coastal anchorage; 8 crew taken hostage; ransom demand transmitted within 72h."
ASAM-1993-01650,2016-04-09T03:52:00,2016,4,4.9401,121.1751,Sulu Sea,Bulk Carrier,Boarded,0,0,AK-47,"Bulk Carrier attacked by Abu Sayyaf maritime cell underway in transit lane. MOA: speedboat intercept tug & barge. Weapons observed: M16 + RPG. boarders rifled bridge & masters cabin, stole cash and electronics."
ASAM-1994-01651,2013-02-26T04:00:00,2013,2,3.2185,99.6547,Strait of Malacca,Container Ship,Boarded,1,0,Small arms,"Container Ship attacked by Riau Archipelago armed robbers in narrow channel. MOA: knife-armed boarders, no firearms. Weapons observed: knives/machetes. boarders rifled bridge & masters cabin, stole cash and electronics; 3 crew sustained injuries."
ASAM-1995-01652,2016-05-06T05:46:00,2016,5,6.2815,121.5823,Sulu Sea,General Cargo,Fired Upon,0,0,Small arms,"General Cargo attacked by Sulu archipelago kidnapping ring approx 22nm offshore. MOA: hostage transfer to Jolo island camps. Weapons observed: AK-47. master engaged evasive maneuvers, RPG and small arms fire received."
ASAM-1996-01653,2005-05-04T20:42:00,2005,5,3.3211,100.2936,Strait of Malacca,General Cargo,Attempted,0,0,AK-47,General Cargo attacked by Free Aceh splinter (historical) in narrow channel. MOA: crew rob & flee in <30 min. Weapons observed: AK-47. approach broken off after master sounded alarm and engaged firehoses.
ASAM-1997-01654,2007-11-17T04:12:00,2007,11,9.3985,110.067,South China Sea,Chemical Tanker,Attempted,0,0,Knives,Chemical Tanker attacked by Filipino anchor-rob crew approx 165nm offshore. MOA: product theft (diesel siphoning). Weapons observed: RPG-7. approach broken off after master sounded alarm and engaged firehoses.
ASAM-1998-01655,2012-12-15T20:54:00,2012,12,12.2472,51.1205,Gulf of Aden,Chemical Tanker,Attempted,0,0,Knives,Chemical Tanker attacked by Hobyo-Harardhere PAG at anchorage. MOA: RPG warning shot then boarding. Weapons observed: knives/machetes. approach broken off after master sounded alarm and engaged firehoses.
ASAM-1999-01656,2019-09-05T03:16:00,2019,9,1.39,5.3728,Gulf of Guinea,Crude Oil Tanker,Boarded,0,0,Small arms,"Crude Oil Tanker attacked by Niger Delta militant offshoot in narrow channel. MOA: tanker product theft (siphon). Weapons observed: AK-47. boarders rifled bridge & masters cabin, stole cash and electronics."
ASAM-2000-01657,2008-08-24T01:05:00,2008,8,10.3168,110.1638,South China Sea,Container Ship,Boarded,0,0,AK-47,"Container Ship attacked by Filipino anchor-rob crew approx 202nm offshore. MOA: stealth anchorage boarding. Weapons observed: knives/machetes. boarders rifled bridge & masters cabin, stole cash and electronics."
ASAM-2001-01658,2006-11-19T23:44:00,2006,11,3.2239,101.9713,Strait of Malacca,Crude Oil Tanker,Boarded,0,0,Small arms,"Crude Oil Tanker attacked by Free Aceh splinter (historical) at anchorage. MOA: knife-armed boarders, no firearms. Weapons observed: M16 + RPG. boarders rifled bridge & masters cabin, stole cash and electronics."
ASAM-2002-01659,2017-03-05T05:52:00,2017,3,5.9268,120.6112,Sulu Sea,General Cargo,Fired Upon,0,0,Knives,"General Cargo attacked by BIFF splinter group in narrow channel. MOA: M16 + RPG armed boarding. Weapons observed: RPG-7. master engaged evasive maneuvers, RPG and small arms fire received."
ASAM-2003-01660,2017-07-24T19:18:00,2017,7,11.6639,46.8018,Gulf of Aden,Crude Oil Tanker,Boarded,0,0,Knives,"Crude Oil Tanker attacked by Hobyo-Harardhere PAG in narrow channel. MOA: RPG warning shot then boarding. Weapons observed: RPG-7. boarders rifled bridge & masters cabin, stole cash and electronics."
ASAM-2004-01661,2021-12-17T23:34:00,2021,12,2.8494,6.2052,Gulf of Guinea,General Cargo,Suspicious Approach,0,0,RPG,General Cargo attacked by Niger Delta militant offshoot at anchorage. MOA: fast attack craft >150nm offshore. Weapons observed: knives/machetes. unidentified skiff shadowed vessel for 18 minutes before withdrawing.
ASAM-2005-01662,2008-02-12T00:30:00,2008,2,13.9315,50.7995,Gulf of Aden,Offshore Supply,Suspicious Approach,1,0,RPG,Offshore Supply attacked by Somali pirate skiff network at anchorage. MOA: RPG warning shot then boarding. Weapons observed: RPG-7. unidentified skiff shadowed vessel for 18 minutes before withdrawing; 2 crew sustained injuries.
ASAM-2006-01663,2021-01-12T19:00:00,2021,1,5.5653,4.76,Gulf of Guinea,Chemical Tanker,Attempted,0,0,Knives,Chemical Tanker attacked by Niger Delta militant offshoot approx 191nm offshore. MOA: AK-47 + GPMG armed boarding. Weapons observed: AK-47. approach broken off after master sounded alarm and engaged firehoses.
ASAM-2007-01664,2018-02-06T02:34:00,2018,2,4.8501,119.1006,Sulu Sea,Tug & Barge,Fired Upon,0,0,RPG,"Tug & Barge attacked by Sulu archipelago kidnapping ring in narrow channel. MOA: speedboat intercept tug & barge. Weapons observed: AK-47. master engaged evasive maneuvers, RPG and small arms fire received."
ASAM-2008-01665,2018-01-10T20:57:00,2018,1,6.0759,120.8159,Sulu Sea,Bulk Carrier,Attempted,0,0,Knives,Bulk Carrier attacked by Abu Sayyaf maritime cell at anchorage. MOA: M16 + RPG armed boarding. Weapons observed: small arms. approach broken off after master sounded alarm and engaged firehoses.
ASAM-2009-01666,2024-09-09T18:44:00,2024,9,12.7576,47.0667,Gulf of Aden,Bulk Carrier,Boarded,1,3,RPG,"Bulk Carrier attacked by Somali pirate skiff network in narrow channel. MOA: RPG warning shot then boarding. Weapons observed: RPG-7. boarders rifled bridge & masters cabin, stole cash and electronics; 3 crew sustained injuries; 3 crew taken hostage; ransom demand transmitted within 72h."
ASAM-2010-01667,2001-07-19T21:10:00,2001,7,12.9314,48.5611,Gulf of Aden,Fishing Vessel,Fired Upon,0,0,Knives,"Fishing Vessel attacked by Somali pirate skiff network underway in transit lane. MOA: grappling hook boarding at low freeboard. Weapons observed: small arms. master engaged evasive maneuvers, RPG and small arms fire received."
ASAM-2011-01668,2015-02-17T21:15:00,2015,2,13.2384,48.1688,Gulf of Aden,Offshore Supply,Boarded,1,0,AK-47,"Offshore Supply attacked by Puntland-based PAG approx 72nm offshore. MOA: RPG warning shot then boarding. Weapons observed: RPG-7. boarders rifled bridge & masters cabin, stole cash and electronics; 3 crew sustained injuries."
ASAM-2012-01669,2002-01-15T20:40:00,2002,1,11.2946,47.3198,Gulf of Aden,General Cargo,Attempted,0,0,Knives,General Cargo attacked by Hobyo-Harardhere PAG underway in transit lane. MOA: grappling hook boarding at low freeboard. Weapons observed: knives/machetes. approach broken off after master sounded alarm and engaged firehoses.
ASAM-2013-01670,2008-04-21T03:38:00,2008,4,15.5388,48.6712,Gulf of Aden,Bulk Carrier,Boarded,0,0,AK-47,"Bulk Carrier attacked by Puntland-based PAG in narrow channel. MOA: AK-47 small arms suppression. Weapons observed: AK-47. boarders rifled bridge & masters cabin, stole cash and electronics."
ASAM-2014-01671,2002-04-06T22:24:00,2002,4,5.2409,120.0324,Sulu Sea,Bulk Carrier,Boarded,0,0,Unknown,"Bulk Carrier attacked by Abu Sayyaf maritime cell at anchorage. MOA: abduction of fishing crew. Weapons observed: AK-47. boarders rifled bridge & masters cabin, stole cash and electronics."
ASAM-2015-01672,2018-07-01T02:49:00,2018,7,5.8035,121.8146,Sulu Sea,General Cargo,Attempted,0,0,AK-47,General Cargo attacked by Sulu archipelago kidnapping ring approx 55nm offshore. MOA: hostage transfer to Jolo island camps. Weapons observed: M16 + RPG. approach broken off after master sounded alarm and engaged firehoses.
ASAM-2016-01673,2018-03-08T01:19:00,2018,3,5.9453,121.4596,Sulu Sea,General Cargo,Attempted,0,0,Unknown,General Cargo attacked by BIFF splinter group approx 92nm offshore. MOA: speedboat intercept tug & barge. Weapons observed: knives/machetes. approach broken off after master sounded alarm and engaged firehoses.
ASAM-2017-01674,2020-05-12T10:32:00,2020,5,7.9857,5.6132,Gulf of Guinea,Container Ship,Fired Upon,0,0,AK-47,"Container Ship attacked by Bakassi Strike Force remnant in narrow channel. MOA: fast attack craft >150nm offshore. Weapons observed: M16 + RPG. master engaged evasive maneuvers, RPG and small arms fire received."
ASAM-2018-01675,2003-07-10T23:12:00,2003,7,5.2326,101.6369,Strait of Malacca,Container Ship,Fired Upon,0,0,AK-47,"Container Ship attacked by Free Aceh splinter (historical) in narrow channel. MOA: nighttime stealth boarding at anchorage. Weapons observed: small arms. master engaged evasive maneuvers, RPG and small arms fire received."
ASAM-2019-01676,2018-07-28T21:28:00,2018,7,5.3647,4.8002,Gulf of Guinea,Fishing Vessel,Attempted,1,0,RPG,Fishing Vessel attacked by Nigerian kidnap-for-ransom cell at anchorage. MOA: tanker product theft (siphon). Weapons observed: AK-47. approach broken off after master sounded alarm and engaged firehoses; 2 crew sustained injuries.
ASAM-2020-01677,1996-06-26T14:30:00,1996,6,8.9134,112.9095,South China Sea,LPG/LNG Tanker,Boarded,0,6,Unknown,"LPG/LNG Tanker attacked by Filipino anchor-rob crew approx 233nm offshore. MOA: stealth anchorage boarding. Weapons observed: RPG-7. boarders rifled bridge & masters cabin, stole cash and electronics; 6 crew taken hostage; ransom demand transmitted within 72h."
ASAM-2021-01678,2022-09-17T05:15:00,2022,9,5.6707,119.0522,Sulu Sea,Bulk Carrier,Attempted,0,0,RPG,Bulk Carrier attacked by BIFF splinter group approx 181nm offshore. MOA: M16 + RPG armed boarding. Weapons observed: knives/machetes. approach broken off after master sounded alarm and engaged firehoses.
ASAM-2022-01679,2012-12-24T21:50:00,2012,12,12.2541,48.3961,Gulf of Aden,Bulk Carrier,Boarded,0,0,RPG,"Bulk Carrier attacked by Puntland-based PAG approx 202nm offshore. MOA: AK-47 small arms suppression. Weapons observed: knives/machetes. boarders rifled bridge & masters cabin, stole cash and electronics."
ASAM-2023-01680,2019-11-21T04:32:00,2019,11,4.3894,6.949,Gulf of Guinea,Bulk Carrier,Attempted,0,0,Knives,Bulk Carrier attacked by Nigerian kidnap-for-ransom cell at anchorage. MOA: fast attack craft >150nm offshore. Weapons observed: small arms. approach broken off after master sounded alarm and engaged firehoses.
ASAM-2024-01681,2019-05-16T23:58:00,2019,5,10.8685,50.2764,Gulf of Aden,Crude Oil Tanker,Boarded,0,0,AK-47,"Crude Oil Tanker attacked by Puntland-based PAG approx 264nm offshore. MOA: AK-47 small arms suppression. Weapons observed: knives/machetes. boarders rifled bridge & masters cabin, stole cash and electronics."
ASAM-2025-01682,2012-08-12T06:11:00,2012,8,13.0934,47.4221,Gulf of Aden,Chemical Tanker,Suspicious Approach,0,0,Unknown,Chemical Tanker attacked by Somali pirate skiff network approx 260nm offshore. MOA: AK-47 small arms suppression. Weapons observed: small arms. unidentified skiff shadowed vessel for 18 minutes before withdrawing.
ASAM-1993-01683,2017-03-17T01:10:00,2017,3,6.1103,119.4762,Sulu Sea,Chemical Tanker,Boarded,0,0,Unknown,"Chemical Tanker attacked by BIFF splinter group in narrow channel. MOA: hostage transfer to Jolo island camps. Weapons observed: AK-47. boarders rifled bridge & masters cabin, stole cash and electronics."
ASAM-1994-01684,2017-08-26T20:42:00,2017,8,6.5833,121.2731,Sulu Sea,Chemical Tanker,Fired Upon,1,0,Knives,"Chemical Tanker attacked by Sulu archipelago kidnapping ring underway in transit lane. MOA: speedboat intercept tug & barge. Weapons observed: M16 + RPG. master engaged evasive maneuvers, RPG and small arms fire received; 3 crew sustained injuries."
ASAM-1995-01685,2021-07-10T23:25:00,2021,7,5.0371,120.8912,Sulu Sea,Tug & Barge,Boarded,0,0,Small arms,"Tug & Barge attacked by Sulu archipelago kidnapping ring in narrow channel. MOA: hostage transfer to Jolo island camps. Weapons observed: knives/machetes. boarders rifled bridge & masters cabin, stole cash and electronics."
ASAM-1996-01686,2022-11-07T13:02:00,2022,11,2.8337,3.6802,Gulf of Guinea,Tug & Barge,Boarded,0,0,Small arms,"Tug & Barge attacked by Niger Delta militant offshoot approx 15nm offshore. MOA: AK-47 + GPMG armed boarding. Weapons observed: knives/machetes. boarders rifled bridge & masters cabin, stole cash and electronics."
ASAM-1997-01687,2011-04-20T15:43:00,2011,4,11.7986,51.1836,Gulf of Aden,Chemical Tanker,Attempted,1,0,Unknown,Chemical Tanker attacked by Puntland-based PAG at anchorage. MOA: grappling hook boarding at low freeboard. Weapons observed: RPG-7. approach broken off after master sounded alarm and engaged firehoses; 3 crew sustained injuries.
ASAM-1998-01688,2017-07-19T01:23:00,2017,7,6.664,119.7405,Sulu Sea,Chemical Tanker,Attempted,0,0,RPG,Chemical Tanker attacked by BIFF splinter group approx 145nm offshore. MOA: speedboat intercept tug & barge. Weapons observed: RPG-7. approach broken off after master sounded alarm and engaged firehoses.
ASAM-1999-01689,2019-11-26T19:42:00,2019,11,1.8511,7.1932,Gulf of Guinea,Bulk Carrier,Fired Upon,1,0,RPG,"Bulk Carrier attacked by Bakassi Strike Force remnant underway in transit lane. MOA: fast attack craft >150nm offshore. Weapons observed: knives/machetes. master engaged evasive maneuvers, RPG and small arms fire received; 4 crew sustained injuries."
ASAM-2000-01690,1996-03-08T05:42:00,1996,3,5.9873,122.331,Sulu Sea,Container Ship,Boarded,1,4,AK-47,"Container Ship attacked by BIFF splinter group in narrow channel. MOA: abduction of fishing crew. Weapons observed: AK-47. boarders rifled bridge & masters cabin, stole cash and electronics; 4 crew sustained injuries; 4 crew taken hostage; ransom demand transmitted within 72h."
ASAM-2001-01691,2021-05-24T22:50:00,2021,5,6.5496,5.4803,Gulf of Guinea,Offshore Supply,Boarded,1,3,AK-47,"Offshore Supply attacked by Nigerian kidnap-for-ransom cell at anchorage. MOA: tanker product theft (siphon). Weapons observed: AK-47. boarders rifled bridge & masters cabin, stole cash and electronics; 4 crew sustained injuries; 3 crew taken hostage; ransom demand transmitted within 72h."
ASAM-2002-01692,2016-07-19T03:43:00,2016,7,5.6945,120.8592,Sulu Sea,General Cargo,Suspicious Approach,0,0,AK-47,General Cargo attacked by Abu Sayyaf maritime cell underway in transit lane. MOA: abduction of fishing crew. Weapons observed: small arms. unidentified skiff shadowed vessel for 18 minutes before withdrawing.
ASAM-2003-01693,1997-06-06T23:06:00,1997,6,11.3579,-62.5962,Caribbean / Venezuelan,Bulk Carrier,Fired Upon,0,0,Unknown,"Bulk Carrier attacked by Venezuelan coastal gang in narrow channel. MOA: crew theft + minor injuries. Weapons observed: small arms. master engaged evasive maneuvers, RPG and small arms fire received."
ASAM-2004-01694,2006-10-22T06:00:00,2006,10,3.0697,101.3681,Strait of Malacca,Bulk Carrier,Fired Upon,0,0,Unknown,"Bulk Carrier attacked by Free Aceh splinter (historical) approx 111nm offshore. MOA: nighttime stealth boarding at anchorage. Weapons observed: M16 + RPG. master engaged evasive maneuvers, RPG and small arms fire received."
ASAM-2005-01695,2010-09-26T20:59:00,2010,9,13.9044,51.0111,Gulf of Aden,Chemical Tanker,Attempted,0,0,RPG,Chemical Tanker attacked by Somali pirate skiff network in narrow channel. MOA: AK-47 small arms suppression. Weapons observed: knives/machetes. approach broken off after master sounded alarm and engaged firehoses.
ASAM-2006-01696,2006-07-10T06:29:00,2006,7,2.1225,102.0651,Strait of Malacca,Container Ship,Boarded,0,0,RPG,"Container Ship attacked by Free Aceh splinter (historical) approx 274nm offshore. MOA: crew rob & flee in <30 min. Weapons observed: AK-47. boarders rifled bridge & masters cabin, stole cash and electronics."
ASAM-2007-01697,2021-12-03T03:31:00,2021,12,5.7784,2.9183,Gulf of Guinea,Fishing Vessel,Hijacked,0,20,AK-47,"Fishing Vessel attacked by Niger Delta militant offshoot approx 24nm offshore. MOA: kidnap-for-ransom of officers. Weapons observed: RPG-7. vessel hijacked, crew of 22 taken to coastal anchorage; 20 crew taken hostage; ransom demand transmitted within 72h."
ASAM-2008-01698,2011-09-19T18:25:00,2011,9,13.9034,47.2963,Gulf of Aden,RoRo Vehicle Carrier,Boarded,0,0,Small arms,"RoRo Vehicle Carrier attacked by Somali pirate skiff network at anchorage. MOA: mothership-launched skiff swarm. Weapons observed: knives/machetes. boarders rifled bridge & masters cabin, stole cash and electronics."
ASAM-2009-01699,2004-11-18T20:13:00,2004,11,13.257,47.9141,Gulf of Aden,Container Ship,Boarded,0,0,AK-47,"Container Ship attacked by Hobyo-Harardhere PAG in narrow channel. MOA: grappling hook boarding at low freeboard. Weapons observed: small arms. boarders rifled bridge & masters cabin, stole cash and electronics."
ASAM-2010-01700,2011-06-24T17:45:00,2011,6,14.8835,50.101,Gulf of Aden,Tug & Barge,Boarded,0,0,AK-47,"Tug & Barge attacked by Somali pirate skiff network at anchorage. MOA: RPG warning shot then boarding. Weapons observed: M16 + RPG. boarders rifled bridge & masters cabin, stole cash and electronics."
ASAM-2011-01701,2010-08-26T04:50:00,2010,8,13.3405,51.2125,Gulf of Aden,General Cargo,Attempted,0,0,AK-47,General Cargo attacked by Puntland-based PAG approx 35nm offshore. MOA: RPG warning shot then boarding. Weapons observed: small arms. approach broken off after master sounded alarm and engaged firehoses.
ASAM-2012-01702,2011-02-19T06:06:00,2011,2,15.57,52.0569,Gulf of Aden,General Cargo,Hijacked,0,13,AK-47,"General Cargo attacked by Somali pirate skiff network in narrow channel. MOA: mothership-launched skiff swarm. Weapons observed: M16 + RPG. vessel hijacked, crew of 28 taken to coastal anchorage; 13 crew taken hostage; ransom demand transmitted within 72h."
ASAM-2013-01703,2012-02-25T10:10:00,2012,2,12.6357,46.7867,Gulf of Aden,Container Ship,Attempted,0,0,Knives,Container Ship attacked by Puntland-based PAG approx 160nm offshore. MOA: AK-47 small arms suppression. Weapons observed: AK-47. approach broken off after master sounded alarm and engaged firehoses.
ASAM-2014-01704,2000-05-27T11:29:00,2000,5,3.7681,100.1174,Strait of Malacca,Bulk Carrier,Attempted,0,0,Unknown,"Bulk Carrier attacked by Riau Archipelago armed robbers at anchorage. MOA: knife-armed boarders, no firearms. Weapons observed: RPG-7. approach broken off after master sounded alarm and engaged firehoses."
ASAM-2015-01705,2018-09-05T13:32:00,2018,9,10.9448,-64.2585,Caribbean / Venezuelan,LPG/LNG Tanker,Boarded,0,0,Small arms,"LPG/LNG Tanker attacked by Trinidad-Tobago smuggler crew at anchorage. MOA: crew theft + minor injuries. Weapons observed: RPG-7. boarders rifled bridge & masters cabin, stole cash and electronics."
ASAM-2016-01706,2017-03-17T06:06:00,2017,3,11.468,48.3101,Gulf of Aden,Container Ship,Attempted,0,0,Small arms,Container Ship attacked by Somali pirate skiff network in narrow channel. MOA: mothership-launched skiff swarm. Weapons observed: M16 + RPG. approach broken off after master sounded alarm and engaged firehoses.
ASAM-2017-01707,2007-07-25T23:09:00,2007,7,15.0516,50.2838,Gulf of Aden,Crude Oil Tanker,Boarded,0,0,AK-47,"Crude Oil Tanker attacked by Puntland-based PAG approx 231nm offshore. MOA: AK-47 small arms suppression. Weapons observed: RPG-7. boarders rifled bridge & masters cabin, stole cash and electronics."
ASAM-2018-01708,2009-03-02T18:11:00,2009,3,12.5241,47.7138,Gulf of Aden,Bulk Carrier,Attempted,0,0,RPG,Bulk Carrier attacked by Puntland-based PAG approx 161nm offshore. MOA: AK-47 small arms suppression. Weapons observed: AK-47. approach broken off after master sounded alarm and engaged firehoses.
ASAM-2019-01709,2010-03-20T20:43:00,2010,3,13.4732,49.1313,Gulf of Aden,Bulk Carrier,Boarded,0,0,Knives,"Bulk Carrier attacked by Hobyo-Harardhere PAG at anchorage. MOA: AK-47 small arms suppression. Weapons observed: AK-47. boarders rifled bridge & masters cabin, stole cash and electronics."
ASAM-2020-01710,2005-12-15T02:49:00,2005,12,1.6503,101.9853,Strait of Malacca,Container Ship,Boarded,0,0,RPG,"Container Ship attacked by Free Aceh splinter (historical) underway in transit lane. MOA: nighttime stealth boarding at anchorage. Weapons observed: knives/machetes. boarders rifled bridge & masters cabin, stole cash and electronics."
ASAM-2021-01711,2015-08-23T03:36:00,2015,8,13.4175,48.9856,Gulf of Aden,Container Ship,Boarded,0,0,Small arms,"Container Ship attacked by Puntland-based PAG at anchorage. MOA: grappling hook boarding at low freeboard. Weapons observed: RPG-7. boarders rifled bridge & masters cabin, stole cash and electronics."
ASAM-2022-01712,2014-11-22T22:28:00,2014,11,6.3406,119.7065,Sulu Sea,Yacht,Hijacked,0,20,RPG,"Yacht attacked by Sulu archipelago kidnapping ring at anchorage. MOA: abduction of fishing crew. Weapons observed: M16 + RPG. vessel hijacked, crew of 21 taken to coastal anchorage; 20 crew taken hostage; ransom demand transmitted within 72h."
ASAM-2023-01713,2005-11-08T22:55:00,2005,11,5.6174,5.4508,Gulf of Guinea,Container Ship,Attempted,0,0,Unknown,Container Ship attacked by Bakassi Strike Force remnant approx 54nm offshore. MOA: tanker product theft (siphon). Weapons observed: small arms. approach broken off after master sounded alarm and engaged firehoses.
ASAM-2024-01714,2011-02-22T20:09:00,2011,2,12.0906,46.0343,Gulf of Aden,Chemical Tanker,Suspicious Approach,0,0,RPG,Chemical Tanker attacked by Hobyo-Harardhere PAG at anchorage. MOA: mothership-launched skiff swarm. Weapons observed: knives/machetes. unidentified skiff shadowed vessel for 18 minutes before withdrawing.
ASAM-2025-01715,2019-01-12T04:02:00,2019,1,5.9629,3.9429,Gulf of Guinea,Bulk Carrier,Attempted,0,0,AK-47,Bulk Carrier attacked by Niger Delta militant offshoot underway in transit lane. MOA: fast attack craft >150nm offshore. Weapons observed: AK-47. approach broken off after master sounded alarm and engaged firehoses.
ASAM-1993-01716,2009-07-04T01:48:00,2009,7,12.4798,48.4793,Gulf of Aden,Bulk Carrier,Boarded,1,0,Knives,"Bulk Carrier attacked by Hobyo-Harardhere PAG at anchorage. MOA: grappling hook boarding at low freeboard. Weapons observed: AK-47. boarders rifled bridge & masters cabin, stole cash and electronics; 3 crew sustained injuries."
ASAM-1994-01717,2019-06-19T18:42:00,2019,6,3.2332,6.1974,Gulf of Guinea,Bulk Carrier,Attempted,0,0,Unknown,Bulk Carrier attacked by Nigerian kidnap-for-ransom cell in narrow channel. MOA: kidnap-for-ransom of officers. Weapons observed: M16 + RPG. approach broken off after master sounded alarm and engaged firehoses.
ASAM-1995-01718,2018-01-09T23:37:00,2018,1,5.5148,119.3835,Sulu Sea,Chemical Tanker,Boarded,0,0,Knives,"Chemical Tanker attacked by Abu Sayyaf maritime cell at anchorage. MOA: speedboat intercept tug & barge. Weapons observed: AK-47. boarders rifled bridge & masters cabin, stole cash and electronics."
ASAM-1996-01719,2021-07-08T01:20:00,2021,7,4.71,4.0311,Gulf of Guinea,RoRo Vehicle Carrier,Hijacked,0,14,RPG,"RoRo Vehicle Carrier attacked by Niger Delta militant offshoot at anchorage. MOA: tanker product theft (siphon). Weapons observed: RPG-7. vessel hijacked, crew of 13 taken to coastal anchorage; 14 crew taken hostage; ransom demand transmitted within 72h."
ASAM-1997-01720,2019-06-06T18:30:00,2019,6,5.8461,3.7546,Gulf of Guinea,General Cargo,Hijacked,0,22,AK-47,"General Cargo attacked by Niger Delta militant offshoot in narrow channel. MOA: fast attack craft >150nm offshore. Weapons observed: RPG-7. vessel hijacked, crew of 13 taken to coastal anchorage; 22 crew taken hostage; ransom demand transmitted within 72h."
ASAM-1998-01721,2006-06-14T21:48:00,2006,6,3.8822,99.4047,Strait of Malacca,Yacht,Attempted,0,0,AK-47,Yacht attacked by Indonesian coastal gang at anchorage. MOA: nighttime stealth boarding at anchorage. Weapons observed: knives/machetes. approach broken off after master sounded alarm and engaged firehoses.
ASAM-1999-01722,2020-10-17T01:14:00,2020,10,3.6008,0.3683,Gulf of Guinea,Tug & Barge,Fired Upon,1,0,Knives,"Tug & Barge attacked by Niger Delta militant offshoot approx 85nm offshore. MOA: AK-47 + GPMG armed boarding. Weapons observed: AK-47. master engaged evasive maneuvers, RPG and small arms fire received; 1 crew sustained injuries."
ASAM-2000-01723,2019-04-27T01:30:00,2019,4,3.1003,3.278,Gulf of Guinea,Crude Oil Tanker,Attempted,0,0,Small arms,Crude Oil Tanker attacked by Niger Delta militant offshoot approx 145nm offshore. MOA: fast attack craft >150nm offshore. Weapons observed: small arms. approach broken off after master sounded alarm and engaged firehoses.
ASAM-2001-01724,2019-06-26T02:47:00,2019,6,5.2965,5.352,Gulf of Guinea,Container Ship,Attempted,0,0,Unknown,Container Ship attacked by Niger Delta militant offshoot at anchorage. MOA: fast attack craft >150nm offshore. Weapons observed: small arms. approach broken off after master sounded alarm and engaged firehoses.
ASAM-2002-01725,2011-05-09T09:09:00,2011,5,12.8438,50.0109,Gulf of Aden,Bulk Carrier,Attempted,0,0,Knives,Bulk Carrier attacked by Puntland-based PAG in narrow channel. MOA: AK-47 small arms suppression. Weapons observed: small arms. approach broken off after master sounded alarm and engaged firehoses.
ASAM-2003-01726,1999-12-09T02:41:00,1999,12,4.35,6.215,Gulf of Guinea,Container Ship,Suspicious Approach,0,0,Unknown,Container Ship attacked by Nigerian kidnap-for-ransom cell underway in transit lane. MOA: tanker product theft (siphon). Weapons observed: M16 + RPG. unidentified skiff shadowed vessel for 18 minutes before withdrawing.
ASAM-2004-01727,1996-03-23T21:31:00,1996,3,6.4829,120.1611,Sulu Sea,Bulk Carrier,Boarded,0,0,Knives,"Bulk Carrier attacked by Abu Sayyaf maritime cell in narrow channel. MOA: M16 + RPG armed boarding. Weapons observed: knives/machetes. boarders rifled bridge & masters cabin, stole cash and electronics."
ASAM-2005-01728,2005-06-11T00:49:00,2005,6,4.6577,99.4471,Strait of Malacca,Fishing Vessel,Attempted,0,0,AK-47,"Fishing Vessel attacked by Indonesian coastal gang underway in transit lane. MOA: knife-armed boarders, no firearms. Weapons observed: M16 + RPG. approach broken off after master sounded alarm and engaged firehoses."
ASAM-2006-01729,1994-05-11T21:13:00,1994,5,13.6484,48.96,Gulf of Aden,Crude Oil Tanker,Suspicious Approach,0,0,Unknown,Crude Oil Tanker attacked by Puntland-based PAG in narrow channel. MOA: mothership-launched skiff swarm. Weapons observed: RPG-7. unidentified skiff shadowed vessel for 18 minutes before withdrawing.
ASAM-2007-01730,2005-03-01T18:06:00,2005,3,2.1007,103.7784,Strait of Malacca,Bulk Carrier,Boarded,0,0,Small arms,"Bulk Carrier attacked by Free Aceh splinter (historical) in narrow channel. MOA: nighttime stealth boarding at anchorage. Weapons observed: M16 + RPG. boarders rifled bridge & masters cabin, stole cash and electronics."
ASAM-2008-01731,2017-03-25T00:01:00,2017,3,6.8937,119.1497,Sulu Sea,Fishing Vessel,Boarded,0,0,AK-47,"Fishing Vessel attacked by Sulu archipelago kidnapping ring approx 241nm offshore. MOA: speedboat intercept tug & barge. Weapons observed: small arms. boarders rifled bridge & masters cabin, stole cash and electronics."
ASAM-2009-01732,2023-02-15T01:55:00,2023,2,10.3638,-66.0827,Caribbean / Venezuelan,Bulk Carrier,Boarded,0,0,Unknown,"Bulk Carrier attacked by Venezuelan coastal gang in narrow channel. MOA: small arms intimidation. Weapons observed: small arms. boarders rifled bridge & masters cabin, stole cash and electronics."
ASAM-2010-01733,1995-12-05T00:17:00,1995,12,10.2307,114.3136,South China Sea,Yacht,Fired Upon,0,0,AK-47,"Yacht attacked by Filipino anchor-rob crew approx 254nm offshore. MOA: stealth anchorage boarding. Weapons observed: M16 + RPG. master engaged evasive maneuvers, RPG and small arms fire received."
ASAM-2011-01734,2011-08-04T03:04:00,2011,8,13.2745,51.1319,Gulf of Aden,Fishing Vessel,Boarded,0,0,RPG,"Fishing Vessel attacked by Hobyo-Harardhere PAG at anchorage. MOA: mothership-launched skiff swarm. Weapons observed: knives/machetes. boarders rifled bridge & masters cabin, stole cash and electronics."
ASAM-2012-01735,2009-09-21T22:35:00,2009,9,14.4201,49.6651,Gulf of Aden,Fishing Vessel,Boarded,0,0,Unknown,"Fishing Vessel attacked by Hobyo-Harardhere PAG in narrow channel. MOA: grappling hook boarding at low freeboard. Weapons observed: small arms. boarders rifled bridge & masters cabin, stole cash and electronics."
ASAM-2013-01736,2008-03-12T17:55:00,2008,3,12.7356,46.2339,Gulf of Aden,Crude Oil Tanker,Boarded,1,2,RPG,"Crude Oil Tanker attacked by Somali pirate skiff network in narrow channel. MOA: AK-47 small arms suppression. Weapons observed: RPG-7. boarders rifled bridge & masters cabin, stole cash and electronics; 3 crew sustained injuries; 2 crew taken hostage; ransom demand transmitted within 72h."
ASAM-2014-01737,1994-02-10T14:28:00,1994,2,3.5108,4.7635,Gulf of Guinea,General Cargo,Attempted,0,0,AK-47,General Cargo attacked by Nigerian kidnap-for-ransom cell underway in transit lane. MOA: fast attack craft >150nm offshore. Weapons observed: RPG-7. approach broken off after master sounded alarm and engaged firehoses.
ASAM-2015-01738,2008-03-24T04:23:00,2008,3,2.8741,99.9482,Strait of Malacca,Bulk Carrier,Fired Upon,0,0,AK-47,"Bulk Carrier attacked by Free Aceh splinter (historical) approx 228nm offshore. MOA: nighttime stealth boarding at anchorage. Weapons observed: knives/machetes. master engaged evasive maneuvers, RPG and small arms fire received."
ASAM-2016-01739,2000-06-19T03:23:00,2000,6,1.7278,4.2537,Gulf of Guinea,RoRo Vehicle Carrier,Boarded,0,1,Unknown,"RoRo Vehicle Carrier attacked by Nigerian kidnap-for-ransom cell approx 178nm offshore. MOA: AK-47 + GPMG armed boarding. Weapons observed: M16 + RPG. boarders rifled bridge & masters cabin, stole cash and electronics; 1 crew taken hostage; ransom demand transmitted within 72h."
ASAM-2017-01740,2004-10-01T21:09:00,2004,10,5.5698,119.5448,Sulu Sea,Container Ship,Attempted,0,0,RPG,Container Ship attacked by Abu Sayyaf maritime cell at anchorage. MOA: hostage transfer to Jolo island camps. Weapons observed: M16 + RPG. approach broken off after master sounded alarm and engaged firehoses.
ASAM-2018-01741,2012-07-12T21:22:00,2012,7,13.7875,50.0866,Gulf of Aden,Bulk Carrier,Boarded,0,0,Small arms,"Bulk Carrier attacked by Hobyo-Harardhere PAG in narrow channel. MOA: grappling hook boarding at low freeboard. Weapons observed: knives/machetes. boarders rifled bridge & masters cabin, stole cash and electronics."
ASAM-2019-01742,2004-11-15T11:45:00,2004,11,14.722,47.8468,Gulf of Aden,LPG/LNG Tanker,Attempted,0,0,Small arms,LPG/LNG Tanker attacked by Somali pirate skiff network at anchorage. MOA: mothership-launched skiff swarm. Weapons observed: RPG-7. approach broken off after master sounded alarm and engaged firehoses.
ASAM-2020-01743,2009-01-07T04:47:00,2009,1,11.9863,48.9674,Gulf of Aden,Yacht,Boarded,0,5,Small arms,"Yacht attacked by Somali pirate skiff network underway in transit lane. MOA: RPG warning shot then boarding. Weapons observed: RPG-7. boarders rifled bridge & masters cabin, stole cash and electronics; 5 crew taken hostage; ransom demand transmitted within 72h."
ASAM-2021-01744,1997-12-17T01:07:00,1997,12,3.1013,7.242,Gulf of Guinea,Container Ship,Boarded,0,0,AK-47,"Container Ship attacked by Bakassi Strike Force remnant in narrow channel. MOA: kidnap-for-ransom of officers. Weapons observed: small arms. boarders rifled bridge & masters cabin, stole cash and electronics."
ASAM-2022-01745,2014-08-08T14:48:00,2014,8,5.071,121.5357,Sulu Sea,General Cargo,Boarded,0,0,RPG,"General Cargo attacked by Abu Sayyaf maritime cell at anchorage. MOA: speedboat intercept tug & barge. Weapons observed: RPG-7. boarders rifled bridge & masters cabin, stole cash and electronics."
ASAM-2023-01746,1999-07-22T23:52:00,1999,7,13.3696,49.1595,Gulf of Aden,Tug & Barge,Boarded,0,0,RPG,"Tug & Barge attacked by Puntland-based PAG approx 90nm offshore. MOA: AK-47 small arms suppression. Weapons observed: M16 + RPG. boarders rifled bridge & masters cabin, stole cash and electronics."
ASAM-2024-01747,2022-08-25T03:01:00,2022,8,3.9074,103.1875,Strait of Malacca,Bulk Carrier,Boarded,1,0,AK-47,"Bulk Carrier attacked by Indonesian coastal gang underway in transit lane. MOA: fast skiff rob at narrow channel. Weapons observed: AK-47. boarders rifled bridge & masters cabin, stole cash and electronics; 2 crew sustained injuries."
ASAM-2025-01748,2001-01-02T18:21:00,2001,1,12.904,48.0832,Gulf of Aden,Fishing Vessel,Boarded,0,6,RPG,"Fishing Vessel attacked by Somali pirate skiff network in narrow channel. MOA: AK-47 small arms suppression. Weapons observed: RPG-7. boarders rifled bridge & masters cabin, stole cash and electronics; 6 crew taken hostage; ransom demand transmitted within 72h."
ASAM-1993-01749,2000-09-26T21:55:00,2000,9,5.6525,120.0715,Sulu Sea,Tug & Barge,Hijacked,0,18,Small arms,"Tug & Barge attacked by Abu Sayyaf maritime cell at anchorage. MOA: abduction of fishing crew. Weapons observed: knives/machetes. vessel hijacked, crew of 25 taken to coastal anchorage; 18 crew taken hostage; ransom demand transmitted within 72h."
ASAM-1994-01750,2021-10-19T04:49:00,2021,10,3.992,3.9615,Gulf of Guinea,Container Ship,Boarded,0,0,Small arms,"Container Ship attacked by Nigerian kidnap-for-ransom cell at anchorage. MOA: fast attack craft >150nm offshore. Weapons observed: knives/machetes. boarders rifled bridge & masters cabin, stole cash and electronics."
ASAM-1995-01751,2017-09-14T20:21:00,2017,9,5.7887,121.7007,Sulu Sea,Tug & Barge,Attempted,0,0,RPG,Tug & Barge attacked by Sulu archipelago kidnapping ring at anchorage. MOA: M16 + RPG armed boarding. Weapons observed: AK-47. approach broken off after master sounded alarm and engaged firehoses.
ASAM-1996-01752,2020-07-07T22:04:00,2020,7,6.4134,5.1173,Gulf of Guinea,Tug & Barge,Boarded,0,0,Small arms,"Tug & Barge attacked by Bakassi Strike Force remnant in narrow channel. MOA: AK-47 + GPMG armed boarding. Weapons observed: knives/machetes. boarders rifled bridge & masters cabin, stole cash and electronics."
ASAM-1997-01753,2010-04-24T03:29:00,2010,4,15.0092,48.7268,Gulf of Aden,Crude Oil Tanker,Boarded,0,0,Unknown,"Crude Oil Tanker attacked by Puntland-based PAG in narrow channel. MOA: mothership-launched skiff swarm. Weapons observed: knives/machetes. boarders rifled bridge & masters cabin, stole cash and electronics."
ASAM-1998-01754,2021-01-09T05:43:00,2021,1,5.2763,5.1674,Gulf of Guinea,Container Ship,Boarded,0,0,Unknown,"Container Ship attacked by Bakassi Strike Force remnant approx 128nm offshore. MOA: kidnap-for-ransom of officers. Weapons observed: knives/machetes. boarders rifled bridge & masters cabin, stole cash and electronics."
ASAM-1999-01755,2018-12-07T01:03:00,2018,12,4.4532,4.8517,Gulf of Guinea,Tug & Barge,Boarded,0,0,Unknown,"Tug & Barge attacked by Bakassi Strike Force remnant at anchorage. MOA: fast attack craft >150nm offshore. Weapons observed: small arms. boarders rifled bridge & masters cabin, stole cash and electronics."
ASAM-2000-01756,2021-09-16T20:43:00,2021,9,4.1427,98.5575,Strait of Malacca,Bulk Carrier,Boarded,0,0,RPG,"Bulk Carrier attacked by Riau Archipelago armed robbers approx 199nm offshore. MOA: fast skiff rob at narrow channel. Weapons observed: M16 + RPG. boarders rifled bridge & masters cabin, stole cash and electronics."
ASAM-2001-01757,2004-04-21T22:25:00,2004,4,2.8279,99.9507,Strait of Malacca,General Cargo,Hijacked,1,20,Unknown,"General Cargo attacked by Indonesian coastal gang underway in transit lane. MOA: fast skiff rob at narrow channel. Weapons observed: knives/machetes. vessel hijacked, crew of 21 taken to coastal anchorage; 2 crew sustained injuries; 20 crew taken hostage; ransom demand transmitted within 72h."
ASAM-2002-01758,2004-03-20T02:43:00,2004,3,3.2277,97.9347,Strait of Malacca,Yacht,Attempted,0,0,Unknown,"Yacht attacked by Free Aceh splinter (historical) underway in transit lane. MOA: knife-armed boarders, no firearms. Weapons observed: RPG-7. approach broken off after master sounded alarm and engaged firehoses."
ASAM-2003-01759,2021-07-05T06:52:00,2021,7,3.1088,1.9397,Gulf of Guinea,Offshore Supply,Boarded,0,0,Unknown,"Offshore Supply attacked by Nigerian kidnap-for-ransom cell underway in transit lane. MOA: tanker product theft (siphon). Weapons observed: M16 + RPG. boarders rifled bridge & masters cabin, stole cash and electronics."
ASAM-2004-01760,2021-05-19T21:40:00,2021,5,3.6674,6.7597,Gulf of Guinea,Container Ship,Attempted,0,0,Unknown,Container Ship attacked by Niger Delta militant offshoot underway in transit lane. MOA: AK-47 + GPMG armed boarding. Weapons observed: M16 + RPG. approach broken off after master sounded alarm and engaged firehoses.
ASAM-2005-01761,2009-11-04T16:43:00,2009,11,3.2591,6.1542,Gulf of Guinea,LPG/LNG Tanker,Boarded,0,0,RPG,"LPG/LNG Tanker attacked by Niger Delta militant offshoot approx 277nm offshore. MOA: kidnap-for-ransom of officers. Weapons observed: M16 + RPG. boarders rifled bridge & masters cabin, stole cash and electronics."
ASAM-2006-01762,2009-03-20T14:48:00,2009,3,12.1695,48.8752,Gulf of Aden,Chemical Tanker,Boarded,1,0,Small arms,"Chemical Tanker attacked by Hobyo-Harardhere PAG in narrow channel. MOA: AK-47 small arms suppression. Weapons observed: RPG-7. boarders rifled bridge & masters cabin, stole cash and electronics; 1 crew sustained injuries."
ASAM-2007-01763,2015-05-05T01:47:00,2015,5,7.6526,114.439,South China Sea,Fishing Vessel,Fired Upon,0,0,RPG,"Fishing Vessel attacked by Vietnamese coastal robbers in narrow channel. MOA: stealth anchorage boarding. Weapons observed: M16 + RPG. master engaged evasive maneuvers, RPG and small arms fire received."
ASAM-2008-01764,2009-07-23T11:13:00,2009,7,13.1356,46.2008,Gulf of Aden,Tug & Barge,Attempted,0,0,Knives,Tug & Barge attacked by Somali pirate skiff network in narrow channel. MOA: grappling hook boarding at low freeboard. Weapons observed: RPG-7. approach broken off after master sounded alarm and engaged firehoses.
ASAM-2009-01765,2009-03-09T16:48:00,2009,3,12.9043,50.6325,Gulf of Aden,Bulk Carrier,Boarded,0,0,Knives,"Bulk Carrier attacked by Puntland-based PAG approx 110nm offshore. MOA: AK-47 small arms suppression. Weapons observed: AK-47. boarders rifled bridge & masters cabin, stole cash and electronics."
ASAM-2010-01766,2016-05-17T00:33:00,2016,5,5.7907,121.0194,Sulu Sea,Bulk Carrier,Fired Upon,1,0,AK-47,"Bulk Carrier attacked by BIFF splinter group approx 185nm offshore. MOA: M16 + RPG armed boarding. Weapons observed: AK-47. master engaged evasive maneuvers, RPG and small arms fire received; 3 crew sustained injuries."
ASAM-2011-01767,2002-07-02T18:08:00,2002,7,1.8645,-0.4691,Gulf of Guinea,Fishing Vessel,Boarded,0,0,AK-47,"Fishing Vessel attacked by Bakassi Strike Force remnant at anchorage. MOA: AK-47 + GPMG armed boarding. Weapons observed: small arms. boarders rifled bridge & masters cabin, stole cash and electronics."
ASAM-2012-01768,2020-04-05T09:02:00,2020,4,4.2318,100.2795,Strait of Malacca,Container Ship,Boarded,1,0,Knives,"Container Ship attacked by Free Aceh splinter (historical) underway in transit lane. MOA: knife-armed boarders, no firearms. Weapons observed: knives/machetes. boarders rifled bridge & masters cabin, stole cash and electronics; 2 crew sustained injuries."
ASAM-2013-01769,2010-03-15T23:14:00,2010,3,14.5647,50.7137,Gulf of Aden,Fishing Vessel,Boarded,0,0,Unknown,"Fishing Vessel attacked by Puntland-based PAG at anchorage. MOA: AK-47 small arms suppression. Weapons observed: AK-47. boarders rifled bridge & masters cabin, stole cash and electronics."
ASAM-2014-01770,2023-04-15T02:15:00,2023,4,4.194,99.8087,Strait of Malacca,Chemical Tanker,Hijacked,0,16,AK-47,"Chemical Tanker attacked by Riau Archipelago armed robbers at anchorage. MOA: knife-armed boarders, no firearms. Weapons observed: AK-47. vessel hijacked, crew of 16 taken to coastal anchorage; 16 crew taken hostage; ransom demand transmitted within 72h."
ASAM-2015-01771,2003-12-05T17:35:00,2003,12,11.285,-65.7146,Caribbean / Venezuelan,General Cargo,Boarded,0,0,Unknown,"General Cargo attacked by Venezuelan coastal gang approx 26nm offshore. MOA: crew theft + minor injuries. Weapons observed: knives/machetes. boarders rifled bridge & masters cabin, stole cash and electronics."
ASAM-2016-01772,2019-05-28T20:07:00,2019,5,5.1658,6.639,Gulf of Guinea,Fishing Vessel,Hijacked,0,14,AK-47,"Fishing Vessel attacked by Bakassi Strike Force remnant underway in transit lane. MOA: kidnap-for-ransom of officers. Weapons observed: AK-47. vessel hijacked, crew of 13 taken to coastal anchorage; 14 crew taken hostage; ransom demand transmitted within 72h."
ASAM-2017-01773,2008-02-17T20:44:00,2008,2,13.0133,48.0448,Gulf of Aden,General Cargo,Boarded,1,5,AK-47,"General Cargo attacked by Somali pirate skiff network at anchorage. MOA: AK-47 small arms suppression. Weapons observed: M16 + RPG. boarders rifled bridge & masters cabin, stole cash and electronics; 4 crew sustained injuries; 5 crew taken hostage; ransom demand transmitted within 72h."
ASAM-2018-01774,2009-09-16T18:47:00,2009,9,5.6194,121.0881,Sulu Sea,Crude Oil Tanker,Hijacked,0,18,RPG,"Crude Oil Tanker attacked by Sulu archipelago kidnapping ring at anchorage. MOA: M16 + RPG armed boarding. Weapons observed: small arms. vessel hijacked, crew of 28 taken to coastal anchorage; 18 crew taken hostage; ransom demand transmitted within 72h."
ASAM-2019-01775,2018-04-11T04:05:00,2018,4,3.724,5.9369,Gulf of Guinea,Bulk Carrier,Attempted,0,0,AK-47,Bulk Carrier attacked by Nigerian kidnap-for-ransom cell in narrow channel. MOA: AK-47 + GPMG armed boarding. Weapons observed: RPG-7. approach broken off after master sounded alarm and engaged firehoses.
ASAM-2020-01776,2008-02-05T02:24:00,2008,2,3.1412,3.5013,Gulf of Guinea,Crude Oil Tanker,Attempted,0,0,RPG,Crude Oil Tanker attacked by Bakassi Strike Force remnant approx 273nm offshore. MOA: tanker product theft (siphon). Weapons observed: RPG-7. approach broken off after master sounded alarm and engaged firehoses.
ASAM-2021-01777,1993-01-16T01:30:00,1993,1,12.8317,47.5579,Gulf of Aden,Bulk Carrier,Attempted,0,0,RPG,Bulk Carrier attacked by Hobyo-Harardhere PAG underway in transit lane. MOA: mothership-launched skiff swarm. Weapons observed: RPG-7. approach broken off after master sounded alarm and engaged firehoses.
ASAM-2022-01778,2017-04-14T17:37:00,2017,4,6.5155,120.9079,Sulu Sea,Chemical Tanker,Boarded,0,0,Knives,"Chemical Tanker attacked by BIFF splinter group underway in transit lane. MOA: speedboat intercept tug & barge. Weapons observed: knives/machetes. boarders rifled bridge & masters cabin, stole cash and electronics."
ASAM-2023-01779,2017-05-02T05:29:00,2017,5,6.2991,122.0122,Sulu Sea,Crude Oil Tanker,Boarded,0,3,Unknown,"Crude Oil Tanker attacked by Sulu archipelago kidnapping ring in narrow channel. MOA: abduction of fishing crew. Weapons observed: RPG-7. boarders rifled bridge & masters cabin, stole cash and electronics; 3 crew taken hostage; ransom demand transmitted within 72h."
ASAM-2024-01780,2009-12-02T04:48:00,2009,12,12.2954,48.0135,Gulf of Aden,LPG/LNG Tanker,Attempted,0,0,Small arms,LPG/LNG Tanker attacked by Hobyo-Harardhere PAG underway in transit lane. MOA: RPG warning shot then boarding. Weapons observed: RPG-7. approach broken off after master sounded alarm and engaged firehoses.
ASAM-2025-01781,2003-07-22T15:48:00,2003,7,2.9949,102.7065,Strait of Malacca,Chemical Tanker,Attempted,0,0,Unknown,Chemical Tanker attacked by Indonesian coastal gang approx 217nm offshore. MOA: nighttime stealth boarding at anchorage. Weapons observed: small arms. approach broken off after master sounded alarm and engaged firehoses.
ASAM-1993-01782,2009-02-28T07:36:00,2009,2,2.5915,99.938,Strait of Malacca,Container Ship,Attempted,0,0,Small arms,Container Ship attacked by Riau Archipelago armed robbers approx 185nm offshore. MOA: fast skiff rob at narrow channel. Weapons observed: AK-47. approach broken off after master sounded alarm and engaged firehoses.
ASAM-1994-01783,2004-12-12T11:43:00,2004,12,3.8139,98.6101,Strait of Malacca,General Cargo,Attempted,0,0,RPG,"General Cargo attacked by Indonesian coastal gang in narrow channel. MOA: knife-armed boarders, no firearms. Weapons observed: RPG-7. approach broken off after master sounded alarm and engaged firehoses."
ASAM-1995-01784,2018-08-04T15:56:00,2018,8,4.2057,9.424,Gulf of Guinea,Container Ship,Suspicious Approach,0,0,Knives,Container Ship attacked by Nigerian kidnap-for-ransom cell at anchorage. MOA: tanker product theft (siphon). Weapons observed: RPG-7. unidentified skiff shadowed vessel for 18 minutes before withdrawing.
ASAM-1996-01785,2008-07-12T18:35:00,2008,7,15.5723,48.3235,Gulf of Aden,Yacht,Attempted,0,0,Unknown,Yacht attacked by Hobyo-Harardhere PAG approx 64nm offshore. MOA: AK-47 small arms suppression. Weapons observed: small arms. approach broken off after master sounded alarm and engaged firehoses.
ASAM-1997-01786,1995-06-01T01:59:00,1995,6,3.7552,8.5395,Gulf of Guinea,Chemical Tanker,Attempted,0,0,AK-47,Chemical Tanker attacked by Bakassi Strike Force remnant at anchorage. MOA: AK-47 + GPMG armed boarding. Weapons observed: RPG-7. approach broken off after master sounded alarm and engaged firehoses.
ASAM-1998-01787,2019-12-04T04:49:00,2019,12,3.851,6.6622,Gulf of Guinea,Tug & Barge,Hijacked,1,15,Small arms,"Tug & Barge attacked by Nigerian kidnap-for-ransom cell underway in transit lane. MOA: fast attack craft >150nm offshore. Weapons observed: knives/machetes. vessel hijacked, crew of 21 taken to coastal anchorage; 3 crew sustained injuries; 15 crew taken hostage; ransom demand transmitted within 72h."
ASAM-1999-01788,2025-06-14T00:22:00,2025,6,2.9558,101.8146,Strait of Malacca,Tug & Barge,Boarded,0,4,Unknown,"Tug & Barge attacked by Riau Archipelago armed robbers underway in transit lane. MOA: knife-armed boarders, no firearms. Weapons observed: AK-47. boarders rifled bridge & masters cabin, stole cash and electronics; 4 crew taken hostage; ransom demand transmitted within 72h."
ASAM-2000-01789,2019-07-15T05:10:00,2019,7,6.1102,120.7495,Sulu Sea,General Cargo,Boarded,0,0,Knives,"General Cargo attacked by Abu Sayyaf maritime cell in narrow channel. MOA: hostage transfer to Jolo island camps. Weapons observed: RPG-7. boarders rifled bridge & masters cabin, stole cash and electronics."
ASAM-2001-01790,2012-08-27T03:11:00,2012,8,4.7389,4.295,Gulf of Guinea,LPG/LNG Tanker,Attempted,0,0,AK-47,LPG/LNG Tanker attacked by Bakassi Strike Force remnant in narrow channel. MOA: AK-47 + GPMG armed boarding. Weapons observed: RPG-7. approach broken off after master sounded alarm and engaged firehoses.
ASAM-2002-01791,2016-02-01T04:47:00,2016,2,7.8509,114.7779,South China Sea,General Cargo,Hijacked,0,22,RPG,"General Cargo attacked by Vietnamese coastal robbers at anchorage. MOA: product theft (diesel siphoning). Weapons observed: RPG-7. vessel hijacked, crew of 22 taken to coastal anchorage; 22 crew taken hostage; ransom demand transmitted within 72h."
ASAM-2003-01792,2015-02-23T03:53:00,2015,2,11.455,111.5898,South China Sea,RoRo Vehicle Carrier,Fired Upon,0,0,RPG,"RoRo Vehicle Carrier attacked by Vietnamese coastal robbers in narrow channel. MOA: product theft (diesel siphoning). Weapons observed: M16 + RPG. master engaged evasive maneuvers, RPG and small arms fire received."
ASAM-2004-01793,2020-01-22T20:45:00,2020,1,5.079,102.3748,Strait of Malacca,Fishing Vessel,Boarded,0,0,AK-47,"Fishing Vessel attacked by Riau Archipelago armed robbers in narrow channel. MOA: nighttime stealth boarding at anchorage. Weapons observed: M16 + RPG. boarders rifled bridge & masters cabin, stole cash and electronics."
ASAM-2005-01794,2011-08-24T12:36:00,2011,8,12.2872,47.9773,Gulf of Aden,Chemical Tanker,Boarded,0,4,Unknown,"Chemical Tanker attacked by Puntland-based PAG at anchorage. MOA: AK-47 small arms suppression. Weapons observed: small arms. boarders rifled bridge & masters cabin, stole cash and electronics; 4 crew taken hostage; ransom demand transmitted within 72h."
ASAM-2006-01795,2011-01-16T10:22:00,2011,1,11.327,52.4125,Gulf of Aden,Container Ship,Hijacked,1,13,Small arms,"Container Ship attacked by Somali pirate skiff network underway in transit lane. MOA: grappling hook boarding at low freeboard. Weapons observed: AK-47. vessel hijacked, crew of 24 taken to coastal anchorage; 4 crew sustained injuries; 13 crew taken hostage; ransom demand transmitted within 72h."
ASAM-2007-01796,2016-03-24T00:07:00,2016,3,1.2045,7.0537,Gulf of Guinea,Tug & Barge,Fired Upon,1,0,Knives,"Tug & Barge attacked by Nigerian kidnap-for-ransom cell in narrow channel. MOA: AK-47 + GPMG armed boarding. Weapons observed: small arms. master engaged evasive maneuvers, RPG and small arms fire received; 2 crew sustained injuries."
ASAM-2008-01797,2021-10-04T21:39:00,2021,10,10.1962,109.468,South China Sea,General Cargo,Boarded,0,0,AK-47,"General Cargo attacked by Vietnamese coastal robbers underway in transit lane. MOA: stealth anchorage boarding. Weapons observed: knives/machetes. boarders rifled bridge & masters cabin, stole cash and electronics."
ASAM-2009-01798,2009-03-01T15:32:00,2009,3,11.5066,51.2464,Gulf of Aden,General Cargo,Hijacked,0,15,Small arms,"General Cargo attacked by Hobyo-Harardhere PAG at anchorage. MOA: AK-47 small arms suppression. Weapons observed: knives/machetes. vessel hijacked, crew of 27 taken to coastal anchorage; 15 crew taken hostage; ransom demand transmitted within 72h."
ASAM-2010-01799,2025-02-08T22:15:00,2025,2,4.0374,5.0286,Gulf of Guinea,Fishing Vessel,Hijacked,0,25,RPG,"Fishing Vessel attacked by Niger Delta militant offshoot underway in transit lane. MOA: kidnap-for-ransom of officers. Weapons observed: knives/machetes. vessel hijacked, crew of 23 taken to coastal anchorage; 25 crew taken hostage; ransom demand transmitted within 72h."
ASAM-2011-01800,2021-06-02T03:16:00,2021,6,3.6291,8.6202,Gulf of Guinea,Container Ship,Boarded,0,0,RPG,"Container Ship attacked by Nigerian kidnap-for-ransom cell at anchorage. MOA: tanker product theft (siphon). Weapons observed: AK-47. boarders rifled bridge & masters cabin, stole cash and electronics."
ASAM-2012-01801,1995-07-10T21:37:00,1995,7,13.9087,51.8208,Gulf of Aden,Chemical Tanker,Boarded,0,0,Knives,"Chemical Tanker attacked by Hobyo-Harardhere PAG approx 211nm offshore. MOA: grappling hook boarding at low freeboard. Weapons observed: RPG-7. boarders rifled bridge & masters cabin, stole cash and electronics."
ASAM-2013-01802,2000-03-11T21:56:00,2000,3,13.274,51.2564,Gulf of Aden,Yacht,Boarded,1,0,Small arms,"Yacht attacked by Puntland-based PAG approx 206nm offshore. MOA: grappling hook boarding at low freeboard. Weapons observed: knives/machetes. boarders rifled bridge & masters cabin, stole cash and electronics; 1 crew sustained injuries."
ASAM-2014-01803,2011-11-15T22:15:00,2011,11,13.733,46.896,Gulf of Aden,Crude Oil Tanker,Attempted,0,0,RPG,Crude Oil Tanker attacked by Somali pirate skiff network underway in transit lane. MOA: grappling hook boarding at low freeboard. Weapons observed: RPG-7. approach broken off after master sounded alarm and engaged firehoses.
ASAM-2015-01804,2015-05-15T20:39:00,2015,5,2.072,98.9188,Strait of Malacca,Bulk Carrier,Fired Upon,0,0,Knives,"Bulk Carrier attacked by Free Aceh splinter (historical) approx 114nm offshore. MOA: fast skiff rob at narrow channel. Weapons observed: knives/machetes. master engaged evasive maneuvers, RPG and small arms fire received."
ASAM-2016-01805,2016-06-13T19:40:00,2016,6,4.9546,122.3047,Sulu Sea,Chemical Tanker,Fired Upon,0,0,Small arms,"Chemical Tanker attacked by Abu Sayyaf maritime cell at anchorage. MOA: abduction of fishing crew. Weapons observed: M16 + RPG. master engaged evasive maneuvers, RPG and small arms fire received."
ASAM-2017-01806,2008-04-13T03:39:00,2008,4,2.9172,100.9935,Strait of Malacca,Chemical Tanker,Boarded,1,0,Unknown,"Chemical Tanker attacked by Indonesian coastal gang approx 40nm offshore. MOA: nighttime stealth boarding at anchorage. Weapons observed: RPG-7. boarders rifled bridge & masters cabin, stole cash and electronics; 1 crew sustained injuries."
ASAM-2018-01807,2003-12-25T21:30:00,2003,12,3.5041,97.7753,Strait of Malacca,Container Ship,Attempted,0,0,Small arms,"Container Ship attacked by Indonesian coastal gang in narrow channel. MOA: knife-armed boarders, no firearms. Weapons observed: knives/machetes. approach broken off after master sounded alarm and engaged firehoses."
ASAM-2019-01808,2021-02-19T09:22:00,2021,2,0.7889,7.1108,Gulf of Guinea,Bulk Carrier,Fired Upon,0,0,Small arms,"Bulk Carrier attacked by Nigerian kidnap-for-ransom cell underway in transit lane. MOA: tanker product theft (siphon). Weapons observed: AK-47. master engaged evasive maneuvers, RPG and small arms fire received."
ASAM-2020-01809,2006-11-19T18:04:00,2006,11,3.2819,99.1107,Strait of Malacca,Yacht,Attempted,0,0,Knives,Yacht attacked by Riau Archipelago armed robbers underway in transit lane. MOA: crew rob & flee in <30 min. Weapons observed: small arms. approach broken off after master sounded alarm and engaged firehoses.
ASAM-2021-01810,2002-11-01T03:58:00,2002,11,12.7996,45.2617,Gulf of Aden,Bulk Carrier,Boarded,0,5,Unknown,"Bulk Carrier attacked by Hobyo-Harardhere PAG at anchorage. MOA: mothership-launched skiff swarm. Weapons observed: knives/machetes. boarders rifled bridge & masters cabin, stole cash and electronics; 5 crew taken hostage; ransom demand transmitted within 72h."
ASAM-2022-01811,2019-02-17T18:27:00,2019,2,9.9087,4.2565,Gulf of Guinea,Offshore Supply,Attempted,0,0,AK-47,Offshore Supply attacked by Nigerian kidnap-for-ransom cell in narrow channel. MOA: tanker product theft (siphon). Weapons observed: RPG-7. approach broken off after master sounded alarm and engaged firehoses.
ASAM-2023-01812,2020-10-04T02:58:00,2020,10,2.8324,5.5972,Gulf of Guinea,Bulk Carrier,Fired Upon,0,0,Small arms,"Bulk Carrier attacked by Niger Delta militant offshoot underway in transit lane. MOA: kidnap-for-ransom of officers. Weapons observed: RPG-7. master engaged evasive maneuvers, RPG and small arms fire received."
ASAM-2024-01813,2003-10-03T01:29:00,2003,10,3.5735,99.2102,Strait of Malacca,Container Ship,Boarded,0,0,RPG,"Container Ship attacked by Free Aceh splinter (historical) in narrow channel. MOA: crew rob & flee in <30 min. Weapons observed: AK-47. boarders rifled bridge & masters cabin, stole cash and electronics."
ASAM-2025-01814,1996-08-02T04:34:00,1996,8,6.1378,120.334,Sulu Sea,Yacht,Fired Upon,1,0,AK-47,"Yacht attacked by Sulu archipelago kidnapping ring in narrow channel. MOA: speedboat intercept tug & barge. Weapons observed: AK-47. master engaged evasive maneuvers, RPG and small arms fire received; 2 crew sustained injuries."
ASAM-1993-01815,2018-03-02T19:14:00,2018,3,3.7586,9.2991,Gulf of Guinea,Bulk Carrier,Hijacked,1,13,Small arms,"Bulk Carrier attacked by Niger Delta militant offshoot at anchorage. MOA: fast attack craft >150nm offshore. Weapons observed: knives/machetes. vessel hijacked, crew of 15 taken to coastal anchorage; 3 crew sustained injuries; 13 crew taken hostage; ransom demand transmitted within 72h."
ASAM-1994-01816,2020-01-06T18:09:00,2020,1,4.8706,5.2214,Gulf of Guinea,Crude Oil Tanker,Attempted,0,0,RPG,Crude Oil Tanker attacked by Nigerian kidnap-for-ransom cell at anchorage. MOA: AK-47 + GPMG armed boarding. Weapons observed: AK-47. approach broken off after master sounded alarm and engaged firehoses.
ASAM-1995-01817,2009-04-27T05:26:00,2009,4,9.9278,112.9423,South China Sea,Chemical Tanker,Boarded,0,0,AK-47,"Chemical Tanker attacked by Filipino anchor-rob crew underway in transit lane. MOA: stealth anchorage boarding. Weapons observed: knives/machetes. boarders rifled bridge & masters cabin, stole cash and electronics."
ASAM-1996-01818,2009-01-15T00:26:00,2009,1,13.0882,48.3468,Gulf of Aden,Chemical Tanker,Attempted,0,0,AK-47,Chemical Tanker attacked by Puntland-based PAG in narrow channel. MOA: AK-47 small arms suppression. Weapons observed: RPG-7. approach broken off after master sounded alarm and engaged firehoses.
ASAM-1997-01819,2018-01-22T17:56:00,2018,1,5.5453,4.7717,Gulf of Guinea,Tug & Barge,Boarded,0,0,Unknown,"Tug & Barge attacked by Nigerian kidnap-for-ransom cell at anchorage. MOA: AK-47 + GPMG armed boarding. Weapons observed: AK-47. boarders rifled bridge & masters cabin, stole cash and electronics."
ASAM-1998-01820,1993-11-25T02:14:00,1993,11,6.8588,120.841,Sulu Sea,Bulk Carrier,Boarded,0,0,Unknown,"Bulk Carrier attacked by Abu Sayyaf maritime cell in narrow channel. MOA: abduction of fishing crew. Weapons observed: AK-47. boarders rifled bridge & masters cabin, stole cash and electronics."
ASAM-1999-01821,2009-01-05T01:57:00,2009,1,13.3016,51.8116,Gulf of Aden,RoRo Vehicle Carrier,Attempted,0,0,Unknown,RoRo Vehicle Carrier attacked by Puntland-based PAG at anchorage. MOA: RPG warning shot then boarding. Weapons observed: AK-47. approach broken off after master sounded alarm and engaged firehoses.
ASAM-2000-01822,2006-10-01T04:08:00,2006,10,4.1283,101.5171,Strait of Malacca,Crude Oil Tanker,Boarded,1,0,Knives,"Crude Oil Tanker attacked by Riau Archipelago armed robbers in narrow channel. MOA: nighttime stealth boarding at anchorage. Weapons observed: small arms. boarders rifled bridge & masters cabin, stole cash and electronics; 1 crew sustained injuries."
ASAM-2001-01823,2011-10-24T20:48:00,2011,10,13.4886,50.7526,Gulf of Aden,Chemical Tanker,Fired Upon,0,0,AK-47,"Chemical Tanker attacked by Somali pirate skiff network approx 256nm offshore. MOA: mothership-launched skiff swarm. Weapons observed: M16 + RPG. master engaged evasive maneuvers, RPG and small arms fire received."
ASAM-2002-01824,2006-10-09T02:39:00,2006,10,3.1055,102.1416,Strait of Malacca,Chemical Tanker,Fired Upon,0,0,AK-47,"Chemical Tanker attacked by Free Aceh splinter (historical) approx 84nm offshore. MOA: knife-armed boarders, no firearms. Weapons observed: RPG-7. master engaged evasive maneuvers, RPG and small arms fire received."
ASAM-2003-01825,2018-02-21T00:28:00,2018,2,5.2446,7.349,Gulf of Guinea,Fishing Vessel,Boarded,0,0,Small arms,"Fishing Vessel attacked by Niger Delta militant offshoot underway in transit lane. MOA: AK-47 + GPMG armed boarding. Weapons observed: AK-47. boarders rifled bridge & masters cabin, stole cash and electronics."
ASAM-2004-01826,2013-02-17T03:46:00,2013,2,10.8268,47.8231,Gulf of Aden,General Cargo,Attempted,0,0,Unknown,General Cargo attacked by Hobyo-Harardhere PAG in narrow channel. MOA: mothership-launched skiff swarm. Weapons observed: knives/machetes. approach broken off after master sounded alarm and engaged firehoses.
ASAM-2005-01827,2009-11-10T22:16:00,2009,11,11.6818,49.5442,Gulf of Aden,Container Ship,Boarded,0,0,Knives,"Container Ship attacked by Somali pirate skiff network in narrow channel. MOA: AK-47 small arms suppression. Weapons observed: M16 + RPG. boarders rifled bridge & masters cabin, stole cash and electronics."
ASAM-2006-01828,2010-04-25T20:46:00,2010,4,13.794,51.8056,Gulf of Aden,Bulk Carrier,Boarded,0,0,Small arms,"Bulk Carrier attacked by Somali pirate skiff network in narrow channel. MOA: RPG warning shot then boarding. Weapons observed: M16 + RPG. boarders rifled bridge & masters cabin, stole cash and electronics."
ASAM-2007-01829,2008-09-06T03:38:00,2008,9,14.2513,-63.9094,Caribbean / Venezuelan,Container Ship,Boarded,0,0,RPG,"Container Ship attacked by Venezuelan coastal gang at anchorage. MOA: small arms intimidation. Weapons observed: AK-47. boarders rifled bridge & masters cabin, stole cash and electronics."
ASAM-2008-01830,1998-02-17T04:52:00,1998,2,6.1922,119.277,Sulu Sea,Bulk Carrier,Hijacked,0,24,Unknown,"Bulk Carrier attacked by BIFF splinter group approx 229nm offshore. MOA: M16 + RPG armed boarding. Weapons observed: AK-47. vessel hijacked, crew of 18 taken to coastal anchorage; 24 crew taken hostage; ransom demand transmitted within 72h."
ASAM-2009-01831,2009-11-12T11:42:00,2009,11,12.0624,50.141,Gulf of Aden,General Cargo,Attempted,0,0,Unknown,General Cargo attacked by Puntland-based PAG underway in transit lane. MOA: mothership-launched skiff swarm. Weapons observed: M16 + RPG. approach broken off after master sounded alarm and engaged firehoses.
ASAM-2010-01832,2013-11-12T09:05:00,2013,11,5.5247,122.1959,Sulu Sea,Bulk Carrier,Boarded,1,4,AK-47,"Bulk Carrier attacked by BIFF splinter group in narrow channel. MOA: abduction of fishing crew. Weapons observed: knives/machetes. boarders rifled bridge & masters cabin, stole cash and electronics; 2 crew sustained injuries; 4 crew taken hostage; ransom demand transmitted within 72h."
ASAM-2011-01833,2004-11-15T20:22:00,2004,11,3.3422,99.7178,Strait of Malacca,Container Ship,Attempted,0,0,AK-47,"Container Ship attacked by Indonesian coastal gang in narrow channel. MOA: knife-armed boarders, no firearms. Weapons observed: M16 + RPG. approach broken off after master sounded alarm and engaged firehoses."
ASAM-2012-01834,1997-06-19T21:12:00,1997,6,10.2545,-67.22,Caribbean / Venezuelan,Container Ship,Fired Upon,1,0,RPG,"Container Ship attacked by Venezuelan coastal gang underway in transit lane. MOA: small arms intimidation. Weapons observed: RPG-7. master engaged evasive maneuvers, RPG and small arms fire received; 4 crew sustained injuries."
ASAM-2013-01835,2012-07-08T14:24:00,2012,7,12.81,47.9795,Gulf of Aden,Container Ship,Boarded,0,0,RPG,"Container Ship attacked by Puntland-based PAG in narrow channel. MOA: RPG warning shot then boarding. Weapons observed: AK-47. boarders rifled bridge & masters cabin, stole cash and electronics."
ASAM-2014-01836,2019-02-02T19:28:00,2019,2,5.9756,4.2607,Gulf of Guinea,Fishing Vessel,Suspicious Approach,0,0,AK-47,Fishing Vessel attacked by Nigerian kidnap-for-ransom cell at anchorage. MOA: fast attack craft >150nm offshore. Weapons observed: M16 + RPG. unidentified skiff shadowed vessel for 18 minutes before withdrawing.
ASAM-2015-01837,2003-05-12T05:00:00,2003,5,6.5127,120.428,Sulu Sea,General Cargo,Boarded,0,0,RPG,"General Cargo attacked by BIFF splinter group in narrow channel. MOA: hostage transfer to Jolo island camps. Weapons observed: RPG-7. boarders rifled bridge & masters cabin, stole cash and electronics."
ASAM-2016-01838,2021-03-27T00:52:00,2021,3,4.915,5.6523,Gulf of Guinea,RoRo Vehicle Carrier,Boarded,1,0,AK-47,"RoRo Vehicle Carrier attacked by Niger Delta militant offshoot at anchorage. MOA: fast attack craft >150nm offshore. Weapons observed: AK-47. boarders rifled bridge & masters cabin, stole cash and electronics; 1 crew sustained injuries."
ASAM-2017-01839,2008-02-09T03:36:00,2008,2,4.2678,0.3044,Gulf of Guinea,Container Ship,Fired Upon,0,0,Knives,"Container Ship attacked by Niger Delta militant offshoot at anchorage. MOA: fast attack craft >150nm offshore. Weapons observed: AK-47. master engaged evasive maneuvers, RPG and small arms fire received."
ASAM-2018-01840,2019-03-11T18:06:00,2019,3,2.4611,3.0621,Gulf of Guinea,Bulk Carrier,Boarded,0,0,AK-47,"Bulk Carrier attacked by Niger Delta militant offshoot at anchorage. MOA: kidnap-for-ransom of officers. Weapons observed: small arms. boarders rifled bridge & masters cabin, stole cash and electronics."
ASAM-2019-01841,2018-07-07T05:17:00,2018,7,6.1637,120.1646,Sulu Sea,Chemical Tanker,Attempted,0,0,Knives,Chemical Tanker attacked by BIFF splinter group underway in transit lane. MOA: speedboat intercept tug & barge. Weapons observed: small arms. approach broken off after master sounded alarm and engaged firehoses.
ASAM-2020-01842,1997-07-13T04:18:00,1997,7,12.6444,48.9948,Gulf of Aden,Container Ship,Boarded,0,0,AK-47,"Container Ship attacked by Somali pirate skiff network underway in transit lane. MOA: RPG warning shot then boarding. Weapons observed: M16 + RPG. boarders rifled bridge & masters cabin, stole cash and electronics."
ASAM-2021-01843,2004-04-14T04:00:00,2004,4,3.9134,100.0678,Strait of Malacca,Crude Oil Tanker,Attempted,0,0,Small arms,"Crude Oil Tanker attacked by Riau Archipelago armed robbers in narrow channel. MOA: knife-armed boarders, no firearms. Weapons observed: small arms. approach broken off after master sounded alarm and engaged firehoses."
ASAM-2022-01844,2020-06-22T20:31:00,2020,6,2.9494,5.5193,Gulf of Guinea,Yacht,Attempted,0,0,Small arms,Yacht attacked by Bakassi Strike Force remnant at anchorage. MOA: kidnap-for-ransom of officers. Weapons observed: knives/machetes. approach broken off after master sounded alarm and engaged firehoses.
ASAM-2023-01845,2012-08-16T02:23:00,2012,8,13.4382,47.545,Gulf of Aden,Container Ship,Boarded,1,0,Knives,"Container Ship attacked by Somali pirate skiff network underway in transit lane. MOA: grappling hook boarding at low freeboard. Weapons observed: small arms. boarders rifled bridge & masters cabin, stole cash and electronics; 4 crew sustained injuries."
ASAM-2024-01846,2006-04-23T06:57:00,2006,4,12.0906,52.5583,Gulf of Aden,Bulk Carrier,Suspicious Approach,0,0,Knives,Bulk Carrier attacked by Somali pirate skiff network underway in transit lane. MOA: AK-47 small arms suppression. Weapons observed: AK-47. unidentified skiff shadowed vessel for 18 minutes before withdrawing.
ASAM-2025-01847,2009-01-02T20:40:00,2009,1,11.5063,51.2184,Gulf of Aden,Tug & Barge,Boarded,0,0,AK-47,"Tug & Barge attacked by Somali pirate skiff network at anchorage. MOA: RPG warning shot then boarding. Weapons observed: AK-47. boarders rifled bridge & masters cabin, stole cash and electronics."
ASAM-1993-01848,2018-08-01T22:28:00,2018,8,5.3948,120.8414,Sulu Sea,Container Ship,Attempted,0,0,AK-47,Container Ship attacked by BIFF splinter group underway in transit lane. MOA: M16 + RPG armed boarding. Weapons observed: knives/machetes. approach broken off after master sounded alarm and engaged firehoses.
ASAM-1994-01849,2018-05-19T04:44:00,2018,5,6.2922,120.7801,Sulu Sea,Container Ship,Boarded,0,0,Knives,"Container Ship attacked by Sulu archipelago kidnapping ring approx 48nm offshore. MOA: hostage transfer to Jolo island camps. Weapons observed: knives/machetes. boarders rifled bridge & masters cabin, stole cash and electronics."
ASAM-1995-01850,2019-01-02T20:05:00,2019,1,7.2076,5.2735,Gulf of Guinea,Fishing Vessel,Fired Upon,0,0,Unknown,"Fishing Vessel attacked by Bakassi Strike Force remnant underway in transit lane. MOA: tanker product theft (siphon). Weapons observed: M16 + RPG. master engaged evasive maneuvers, RPG and small arms fire received."
ASAM-1996-01851,2018-03-12T20:07:00,2018,3,6.8744,119.9226,Sulu Sea,Bulk Carrier,Boarded,0,0,RPG,"Bulk Carrier attacked by BIFF splinter group at anchorage. MOA: abduction of fishing crew. Weapons observed: knives/machetes. boarders rifled bridge & masters cabin, stole cash and electronics."
ASAM-1997-01852,1999-01-15T02:55:00,1999,1,6.8082,118.7877,Sulu Sea,Bulk Carrier,Boarded,0,0,Small arms,"Bulk Carrier attacked by Sulu archipelago kidnapping ring at anchorage. MOA: abduction of fishing crew. Weapons observed: M16 + RPG. boarders rifled bridge & masters cabin, stole cash and electronics."
ASAM-1998-01853,2013-09-19T00:47:00,2013,9,3.4004,100.3614,Strait of Malacca,Chemical Tanker,Fired Upon,1,0,RPG,"Chemical Tanker attacked by Free Aceh splinter (historical) underway in transit lane. MOA: nighttime stealth boarding at anchorage. Weapons observed: knives/machetes. master engaged evasive maneuvers, RPG and small arms fire received; 1 crew sustained injuries."
ASAM-1999-01854,2018-06-06T20:55:00,2018,6,4.7275,121.6017,Sulu Sea,Chemical Tanker,Attempted,0,0,Unknown,Chemical Tanker attacked by Sulu archipelago kidnapping ring in narrow channel. MOA: hostage transfer to Jolo island camps. Weapons observed: M16 + RPG. approach broken off after master sounded alarm and engaged firehoses.
ASAM-2000-01855,2023-02-12T03:45:00,2023,2,13.6583,45.6677,Gulf of Aden,Chemical Tanker,Hijacked,0,17,Small arms,"Chemical Tanker attacked by Somali pirate skiff network in narrow channel. MOA: mothership-launched skiff swarm. Weapons observed: knives/machetes. vessel hijacked, crew of 17 taken to coastal anchorage; 17 crew taken hostage; ransom demand transmitted within 72h."
ASAM-2001-01856,2004-03-06T20:00:00,2004,3,3.8604,98.7899,Strait of Malacca,General Cargo,Boarded,1,0,RPG,"General Cargo attacked by Riau Archipelago armed robbers underway in transit lane. MOA: nighttime stealth boarding at anchorage. Weapons observed: AK-47. boarders rifled bridge & masters cabin, stole cash and electronics; 1 crew sustained injuries."
ASAM-2002-01857,2016-08-10T07:53:00,2016,8,8.0659,112.2515,South China Sea,Chemical Tanker,Attempted,0,0,AK-47,Chemical Tanker attacked by Filipino anchor-rob crew at anchorage. MOA: stealth anchorage boarding. Weapons observed: M16 + RPG. approach broken off after master sounded alarm and engaged firehoses.
ASAM-2003-01858,2017-11-18T04:50:00,2017,11,5.5185,119.1345,Sulu Sea,Tug & Barge,Boarded,1,0,Knives,"Tug & Barge attacked by Sulu archipelago kidnapping ring approx 187nm offshore. MOA: M16 + RPG armed boarding. Weapons observed: RPG-7. boarders rifled bridge & masters cabin, stole cash and electronics; 3 crew sustained injuries."
ASAM-2004-01859,2017-12-01T01:31:00,2017,12,5.6886,121.5247,Sulu Sea,Tug & Barge,Boarded,0,0,Knives,"Tug & Barge attacked by Sulu archipelago kidnapping ring at anchorage. MOA: speedboat intercept tug & barge. Weapons observed: RPG-7. boarders rifled bridge & masters cabin, stole cash and electronics."
ASAM-2005-01860,2018-10-04T00:17:00,2018,10,5.8069,8.346,Gulf of Guinea,Fishing Vessel,Boarded,0,2,Unknown,"Fishing Vessel attacked by Nigerian kidnap-for-ransom cell in narrow channel. MOA: fast attack craft >150nm offshore. Weapons observed: AK-47. boarders rifled bridge & masters cabin, stole cash and electronics; 2 crew taken hostage; ransom demand transmitted within 72h."
ASAM-2006-01861,2009-12-10T04:19:00,2009,12,13.4737,50.4932,Gulf of Aden,Fishing Vessel,Boarded,0,0,Unknown,"Fishing Vessel attacked by Hobyo-Harardhere PAG in narrow channel. MOA: grappling hook boarding at low freeboard. Weapons observed: knives/machetes. boarders rifled bridge & masters cabin, stole cash and electronics."
ASAM-2007-01862,2017-06-15T07:50:00,2017,6,9.882,-66.2179,Caribbean / Venezuelan,Bulk Carrier,Boarded,0,0,Knives,"Bulk Carrier attacked by Trinidad-Tobago smuggler crew at anchorage. MOA: yacht boarding at anchorage. Weapons observed: knives/machetes. boarders rifled bridge & masters cabin, stole cash and electronics."
ASAM-2008-01863,2009-01-14T00:11:00,2009,1,11.7233,45.9752,Gulf of Aden,LPG/LNG Tanker,Attempted,0,0,AK-47,LPG/LNG Tanker attacked by Somali pirate skiff network at anchorage. MOA: grappling hook boarding at low freeboard. Weapons observed: knives/machetes. approach broken off after master sounded alarm and engaged firehoses.
ASAM-2009-01864,2010-06-11T02:26:00,2010,6,5.2746,121.4059,Sulu Sea,Fishing Vessel,Attempted,0,0,AK-47,Fishing Vessel attacked by Sulu archipelago kidnapping ring underway in transit lane. MOA: M16 + RPG armed boarding. Weapons observed: AK-47. approach broken off after master sounded alarm and engaged firehoses.
ASAM-2010-01865,2016-01-24T03:28:00,2016,1,6.9646,121.2497,Sulu Sea,Chemical Tanker,Boarded,0,0,AK-47,"Chemical Tanker attacked by BIFF splinter group in narrow channel. MOA: M16 + RPG armed boarding. Weapons observed: M16 + RPG. boarders rifled bridge & masters cabin, stole cash and electronics."
ASAM-2011-01866,2008-09-18T07:19:00,2008,9,13.4136,48.8199,Gulf of Aden,Bulk Carrier,Boarded,0,0,AK-47,"Bulk Carrier attacked by Somali pirate skiff network approx 30nm offshore. MOA: mothership-launched skiff swarm. Weapons observed: M16 + RPG. boarders rifled bridge & masters cabin, stole cash and electronics."
ASAM-2012-01867,2017-05-14T02:57:00,2017,5,2.9419,99.3066,Strait of Malacca,Fishing Vessel,Attempted,0,0,Unknown,Fishing Vessel attacked by Indonesian coastal gang in narrow channel. MOA: nighttime stealth boarding at anchorage. Weapons observed: small arms. approach broken off after master sounded alarm and engaged firehoses.
ASAM-2013-01868,2005-01-12T02:13:00,2005,1,1.9081,100.299,Strait of Malacca,Bulk Carrier,Boarded,0,0,Small arms,"Bulk Carrier attacked by Free Aceh splinter (historical) in narrow channel. MOA: knife-armed boarders, no firearms. Weapons observed: knives/machetes. boarders rifled bridge & masters cabin, stole cash and electronics."
ASAM-2014-01869,2011-03-24T01:37:00,2011,3,15.2931,47.4863,Gulf of Aden,Tug & Barge,Hijacked,0,12,AK-47,"Tug & Barge attacked by Hobyo-Harardhere PAG in narrow channel. MOA: RPG warning shot then boarding. Weapons observed: M16 + RPG. vessel hijacked, crew of 27 taken to coastal anchorage; 12 crew taken hostage; ransom demand transmitted within 72h."
ASAM-2015-01870,1996-11-10T02:26:00,1996,11,10.8884,-67.5393,Caribbean / Venezuelan,Bulk Carrier,Hijacked,1,21,Knives,"Bulk Carrier attacked by Venezuelan coastal gang in narrow channel. MOA: small arms intimidation. Weapons observed: RPG-7. vessel hijacked, crew of 24 taken to coastal anchorage; 1 crew sustained injuries; 21 crew taken hostage; ransom demand transmitted within 72h."
ASAM-2016-01871,2021-02-11T23:10:00,2021,2,3.1697,3.9219,Gulf of Guinea,Crude Oil Tanker,Boarded,0,3,Small arms,"Crude Oil Tanker attacked by Niger Delta militant offshoot underway in transit lane. MOA: kidnap-for-ransom of officers. Weapons observed: knives/machetes. boarders rifled bridge & masters cabin, stole cash and electronics; 3 crew taken hostage; ransom demand transmitted within 72h."
ASAM-2017-01872,2019-11-21T08:20:00,2019,11,6.1041,7.3922,Gulf of Guinea,Crude Oil Tanker,Boarded,0,0,AK-47,"Crude Oil Tanker attacked by Nigerian kidnap-for-ransom cell approx 225nm offshore. MOA: kidnap-for-ransom of officers. Weapons observed: knives/machetes. boarders rifled bridge & masters cabin, stole cash and electronics."
ASAM-2018-01873,2014-11-26T04:37:00,2014,11,5.0836,4.3099,Gulf of Guinea,Bulk Carrier,Hijacked,1,15,AK-47,"Bulk Carrier attacked by Niger Delta militant offshoot underway in transit lane. MOA: tanker product theft (siphon). Weapons observed: RPG-7. vessel hijacked, crew of 13 taken to coastal anchorage; 3 crew sustained injuries; 15 crew taken hostage; ransom demand transmitted within 72h."
ASAM-2019-01874,2018-07-09T18:58:00,2018,7,4.5411,9.5455,Gulf of Guinea,LPG/LNG Tanker,Fired Upon,0,0,AK-47,"LPG/LNG Tanker attacked by Bakassi Strike Force remnant underway in transit lane. MOA: kidnap-for-ransom of officers. Weapons observed: knives/machetes. master engaged evasive maneuvers, RPG and small arms fire received."
ASAM-2020-01875,1996-04-24T16:51:00,1996,4,13.4477,51.4349,Gulf of Aden,Container Ship,Boarded,1,3,RPG,"Container Ship attacked by Puntland-based PAG at anchorage. MOA: grappling hook boarding at low freeboard. Weapons observed: AK-47. boarders rifled bridge & masters cabin, stole cash and electronics; 3 crew sustained injuries; 3 crew taken hostage; ransom demand transmitted within 72h."
ASAM-2021-01876,2013-07-06T06:53:00,2013,7,12.5173,50.9735,Gulf of Aden,Offshore Supply,Attempted,0,0,Small arms,Offshore Supply attacked by Puntland-based PAG at anchorage. MOA: grappling hook boarding at low freeboard. Weapons observed: M16 + RPG. approach broken off after master sounded alarm and engaged firehoses.
ASAM-2022-01877,1996-02-18T09:00:00,1996,2,5.138,101.2348,Strait of Malacca,Container Ship,Hijacked,0,16,Small arms,"Container Ship attacked by Indonesian coastal gang approx 254nm offshore. MOA: fast skiff rob at narrow channel. Weapons observed: M16 + RPG. vessel hijacked, crew of 24 taken to coastal anchorage; 16 crew taken hostage; ransom demand transmitted within 72h."
ASAM-2023-01878,2001-04-16T04:58:00,2001,4,9.7531,114.2318,South China Sea,Container Ship,Boarded,0,0,AK-47,"Container Ship attacked by Filipino anchor-rob crew approx 208nm offshore. MOA: stealth anchorage boarding. Weapons observed: small arms. boarders rifled bridge & masters cabin, stole cash and electronics."
ASAM-2024-01879,2016-08-04T04:03:00,2016,8,11.1499,114.5368,South China Sea,Crude Oil Tanker,Boarded,0,0,Small arms,"Crude Oil Tanker attacked by Vietnamese coastal robbers underway in transit lane. MOA: stealth anchorage boarding. Weapons observed: M16 + RPG. boarders rifled bridge & masters cabin, stole cash and electronics."
ASAM-2025-01880,2021-04-23T04:32:00,2021,4,5.9647,4.0707,Gulf of Guinea,Crude Oil Tanker,Hijacked,0,12,Small arms,"Crude Oil Tanker attacked by Bakassi Strike Force remnant approx 247nm offshore. MOA: kidnap-for-ransom of officers. Weapons observed: M16 + RPG. vessel hijacked, crew of 26 taken to coastal anchorage; 12 crew taken hostage; ransom demand transmitted within 72h."
ASAM-1993-01881,2005-02-22T18:30:00,2005,2,4.9889,99.6552,Strait of Malacca,Bulk Carrier,Attempted,0,0,Unknown,"Bulk Carrier attacked by Free Aceh splinter (historical) in narrow channel. MOA: knife-armed boarders, no firearms. Weapons observed: RPG-7. approach broken off after master sounded alarm and engaged firehoses."
ASAM-1994-01882,2015-08-12T00:39:00,2015,8,6.9152,112.211,South China Sea,Crude Oil Tanker,Boarded,0,0,Unknown,"Crude Oil Tanker attacked by Vietnamese coastal robbers underway in transit lane. MOA: product theft (diesel siphoning). Weapons observed: AK-47. boarders rifled bridge & masters cabin, stole cash and electronics."
ASAM-1995-01883,2003-09-17T12:41:00,2003,9,4.3954,100.16,Strait of Malacca,Crude Oil Tanker,Attempted,0,0,RPG,Crude Oil Tanker attacked by Free Aceh splinter (historical) at anchorage. MOA: crew rob & flee in <30 min. Weapons observed: RPG-7. approach broken off after master sounded alarm and engaged firehoses.
ASAM-1996-01884,2020-01-07T05:34:00,2020,1,3.4832,4.1854,Gulf of Guinea,Container Ship,Fired Upon,0,0,AK-47,"Container Ship attacked by Nigerian kidnap-for-ransom cell at anchorage. MOA: tanker product theft (siphon). Weapons observed: AK-47. master engaged evasive maneuvers, RPG and small arms fire received."
ASAM-1997-01885,2017-02-02T17:32:00,2017,2,5.6019,121.0702,Sulu Sea,Container Ship,Attempted,0,0,Knives,Container Ship attacked by Abu Sayyaf maritime cell at anchorage. MOA: hostage transfer to Jolo island camps. Weapons observed: RPG-7. approach broken off after master sounded alarm and engaged firehoses.
ASAM-1998-01886,2008-05-18T16:34:00,2008,5,12.4827,49.9102,Gulf of Aden,Fishing Vessel,Attempted,0,0,RPG,Fishing Vessel attacked by Puntland-based PAG at anchorage. MOA: mothership-launched skiff swarm. Weapons observed: small arms. approach broken off after master sounded alarm and engaged firehoses.
ASAM-1999-01887,1999-01-24T21:22:00,1999,1,3.7427,102.1672,Strait of Malacca,Bulk Carrier,Fired Upon,0,0,Small arms,"Bulk Carrier attacked by Riau Archipelago armed robbers underway in transit lane. MOA: knife-armed boarders, no firearms. Weapons observed: AK-47. master engaged evasive maneuvers, RPG and small arms fire received."
ASAM-2000-01888,2011-01-19T04:05:00,2011,1,13.71,51.5314,Gulf of Aden,Bulk Carrier,Attempted,0,0,Small arms,Bulk Carrier attacked by Hobyo-Harardhere PAG in narrow channel. MOA: AK-47 small arms suppression. Weapons observed: knives/machetes. approach broken off after master sounded alarm and engaged firehoses.
ASAM-2001-01889,2008-02-07T14:24:00,2008,2,12.6283,51.4194,Gulf of Aden,Chemical Tanker,Boarded,1,0,Small arms,"Chemical Tanker attacked by Puntland-based PAG in narrow channel. MOA: RPG warning shot then boarding. Weapons observed: AK-47. boarders rifled bridge & masters cabin, stole cash and electronics; 4 crew sustained injuries."
ASAM-2002-01890,2008-06-01T19:24:00,2008,6,14.1173,47.4964,Gulf of Aden,Offshore Supply,Boarded,0,0,AK-47,"Offshore Supply attacked by Hobyo-Harardhere PAG in narrow channel. MOA: grappling hook boarding at low freeboard. Weapons observed: RPG-7. boarders rifled bridge & masters cabin, stole cash and electronics."
ASAM-2003-01891,2018-08-23T19:12:00,2018,8,10.3636,-64.4959,Caribbean / Venezuelan,Bulk Carrier,Attempted,0,0,Unknown,Bulk Carrier attacked by Trinidad-Tobago smuggler crew approx 74nm offshore. MOA: small arms intimidation. Weapons observed: knives/machetes. approach broken off after master sounded alarm and engaged firehoses.
ASAM-2004-01892,2019-08-10T01:36:00,2019,8,3.9575,3.1019,Gulf of Guinea,Chemical Tanker,Attempted,0,0,Knives,Chemical Tanker attacked by Bakassi Strike Force remnant approx 40nm offshore. MOA: kidnap-for-ransom of officers. Weapons observed: knives/machetes. approach broken off after master sounded alarm and engaged firehoses.
ASAM-2005-01893,2021-04-18T04:57:00,2021,4,6.7961,7.5893,Gulf of Guinea,Bulk Carrier,Hijacked,1,18,Small arms,"Bulk Carrier attacked by Niger Delta militant offshoot underway in transit lane. MOA: kidnap-for-ransom of officers. Weapons observed: small arms. vessel hijacked, crew of 18 taken to coastal anchorage; 2 crew sustained injuries; 18 crew taken hostage; ransom demand transmitted within 72h."
ASAM-2006-01894,1995-08-07T19:42:00,1995,8,1.2432,5.4217,Gulf of Guinea,Offshore Supply,Boarded,0,0,Small arms,"Offshore Supply attacked by Nigerian kidnap-for-ransom cell in narrow channel. MOA: AK-47 + GPMG armed boarding. Weapons observed: small arms. boarders rifled bridge & masters cabin, stole cash and electronics."
ASAM-2007-01895,2009-07-20T00:51:00,2009,7,13.8691,46.3113,Gulf of Aden,Bulk Carrier,Suspicious Approach,0,0,RPG,Bulk Carrier attacked by Hobyo-Harardhere PAG in narrow channel. MOA: RPG warning shot then boarding. Weapons observed: knives/machetes. unidentified skiff shadowed vessel for 18 minutes before withdrawing.
ASAM-2008-01896,2025-12-26T19:58:00,2025,12,6.1956,4.0465,Gulf of Guinea,Chemical Tanker,Suspicious Approach,0,0,Small arms,Chemical Tanker attacked by Nigerian kidnap-for-ransom cell approx 188nm offshore. MOA: AK-47 + GPMG armed boarding. Weapons observed: M16 + RPG. unidentified skiff shadowed vessel for 18 minutes before withdrawing.
ASAM-2009-01897,2010-01-01T04:17:00,2010,1,13.0451,50.9183,Gulf of Aden,Bulk Carrier,Boarded,0,6,RPG,"Bulk Carrier attacked by Puntland-based PAG in narrow channel. MOA: mothership-launched skiff swarm. Weapons observed: AK-47. boarders rifled bridge & masters cabin, stole cash and electronics; 6 crew taken hostage; ransom demand transmitted within 72h."
ASAM-2010-01898,2004-03-28T20:48:00,2004,3,6.0194,122.5689,Sulu Sea,Fishing Vessel,Boarded,0,0,Knives,"Fishing Vessel attacked by Sulu archipelago kidnapping ring at anchorage. MOA: abduction of fishing crew. Weapons observed: small arms. boarders rifled bridge & masters cabin, stole cash and electronics."
ASAM-2011-01899,2004-04-27T19:53:00,2004,4,1.9035,100.5795,Strait of Malacca,Container Ship,Fired Upon,0,0,Small arms,"Container Ship attacked by Indonesian coastal gang in narrow channel. MOA: crew rob & flee in <30 min. Weapons observed: RPG-7. master engaged evasive maneuvers, RPG and small arms fire received."
ASAM-2012-01900,2017-10-03T11:40:00,2017,10,6.7919,119.9745,Sulu Sea,Fishing Vessel,Boarded,0,0,Knives,"Fishing Vessel attacked by Sulu archipelago kidnapping ring at anchorage. MOA: M16 + RPG armed boarding. Weapons observed: AK-47. boarders rifled bridge & masters cabin, stole cash and electronics."
ASAM-2013-01901,2022-06-21T18:11:00,2022,6,3.1244,100.8933,Strait of Malacca,Chemical Tanker,Fired Upon,0,0,Unknown,"Chemical Tanker attacked by Free Aceh splinter (historical) underway in transit lane. MOA: nighttime stealth boarding at anchorage. Weapons observed: knives/machetes. master engaged evasive maneuvers, RPG and small arms fire received."
ASAM-2014-01902,2012-12-18T05:19:00,2012,12,3.2628,100.3365,Strait of Malacca,Crude Oil Tanker,Hijacked,0,19,AK-47,"Crude Oil Tanker attacked by Riau Archipelago armed robbers approx 246nm offshore. MOA: crew rob & flee in <30 min. Weapons observed: knives/machetes. vessel hijacked, crew of 28 taken to coastal anchorage; 19 crew taken hostage; ransom demand transmitted within 72h."
ASAM-2015-01903,2021-02-13T21:42:00,2021,2,9.3176,115.8752,South China Sea,LPG/LNG Tanker,Hijacked,0,24,Small arms,"LPG/LNG Tanker attacked by Filipino anchor-rob crew at anchorage. MOA: stealth anchorage boarding. Weapons observed: small arms. vessel hijacked, crew of 16 taken to coastal anchorage; 24 crew taken hostage; ransom demand transmitted within 72h."
ASAM-2016-01904,2009-09-14T21:00:00,2009,9,13.8722,47.0436,Gulf of Aden,Fishing Vessel,Suspicious Approach,0,0,RPG,Fishing Vessel attacked by Somali pirate skiff network underway in transit lane. MOA: mothership-launched skiff swarm. Weapons observed: AK-47. unidentified skiff shadowed vessel for 18 minutes before withdrawing.
ASAM-2017-01905,2013-06-28T21:46:00,2013,6,12.6616,48.4432,Gulf of Aden,Crude Oil Tanker,Boarded,0,0,Knives,"Crude Oil Tanker attacked by Somali pirate skiff network approx 256nm offshore. MOA: AK-47 small arms suppression. Weapons observed: RPG-7. boarders rifled bridge & masters cabin, stole cash and electronics."
ASAM-2018-01906,2011-09-24T19:46:00,2011,9,12.6198,49.9117,Gulf of Aden,Crude Oil Tanker,Boarded,0,0,AK-47,"Crude Oil Tanker attacked by Hobyo-Harardhere PAG at anchorage. MOA: RPG warning shot then boarding. Weapons observed: M16 + RPG. boarders rifled bridge & masters cabin, stole cash and electronics."
ASAM-2019-01907,2005-01-15T02:18:00,2005,1,3.8998,101.5852,Strait of Malacca,Fishing Vessel,Attempted,0,0,Small arms,Fishing Vessel attacked by Indonesian coastal gang approx 166nm offshore. MOA: nighttime stealth boarding at anchorage. Weapons observed: AK-47. approach broken off after master sounded alarm and engaged firehoses.
ASAM-2020-01908,2001-11-26T10:07:00,2001,11,4.3449,98.8337,Strait of Malacca,Tug & Barge,Attempted,0,0,RPG,Tug & Barge attacked by Indonesian coastal gang in narrow channel. MOA: fast skiff rob at narrow channel. Weapons observed: AK-47. approach broken off after master sounded alarm and engaged firehoses.
ASAM-2021-01909,2019-11-17T23:54:00,2019,11,5.823,4.9809,Gulf of Guinea,Chemical Tanker,Attempted,0,0,Knives,Chemical Tanker attacked by Niger Delta militant offshoot approx 78nm offshore. MOA: tanker product theft (siphon). Weapons observed: AK-47. approach broken off after master sounded alarm and engaged firehoses.
ASAM-2022-01910,2005-11-24T23:16:00,2005,11,2.9811,100.8543,Strait of Malacca,Container Ship,Attempted,1,0,Small arms,"Container Ship attacked by Indonesian coastal gang underway in transit lane. MOA: knife-armed boarders, no firearms. Weapons observed: M16 + RPG. approach broken off after master sounded alarm and engaged firehoses; 1 crew sustained injuries."
ASAM-2023-01911,2015-04-12T19:09:00,2015,4,11.5579,111.168,South China Sea,Bulk Carrier,Boarded,0,0,Knives,"Bulk Carrier attacked by Filipino anchor-rob crew at anchorage. MOA: stealth anchorage boarding. Weapons observed: knives/machetes. boarders rifled bridge & masters cabin, stole cash and electronics."
ASAM-2024-01912,2014-07-08T05:02:00,2014,7,10.6251,-64.087,Caribbean / Venezuelan,Fishing Vessel,Boarded,1,0,Knives,"Fishing Vessel attacked by Trinidad-Tobago smuggler crew approx 80nm offshore. MOA: yacht boarding at anchorage. Weapons observed: AK-47. boarders rifled bridge & masters cabin, stole cash and electronics; 4 crew sustained injuries."
ASAM-2025-01913,2004-08-10T20:53:00,2004,8,3.4752,101.0371,Strait of Malacca,Yacht,Hijacked,0,15,Unknown,"Yacht attacked by Free Aceh splinter (historical) at anchorage. MOA: fast skiff rob at narrow channel. Weapons observed: knives/machetes. vessel hijacked, crew of 15 taken to coastal anchorage; 15 crew taken hostage; ransom demand transmitted within 72h."
ASAM-1993-01914,2009-12-28T20:10:00,2009,12,13.9495,49.3926,Gulf of Aden,Bulk Carrier,Hijacked,0,10,RPG,"Bulk Carrier attacked by Puntland-based PAG underway in transit lane. MOA: grappling hook boarding at low freeboard. Weapons observed: small arms. vessel hijacked, crew of 25 taken to coastal anchorage; 10 crew taken hostage; ransom demand transmitted within 72h."
ASAM-1994-01915,2005-05-20T02:10:00,2005,5,4.659,99.9926,Strait of Malacca,Crude Oil Tanker,Boarded,0,0,RPG,"Crude Oil Tanker attacked by Free Aceh splinter (historical) in narrow channel. MOA: nighttime stealth boarding at anchorage. Weapons observed: M16 + RPG. boarders rifled bridge & masters cabin, stole cash and electronics."
ASAM-1995-01916,2008-04-23T05:45:00,2008,4,12.3795,46.5898,Gulf of Aden,General Cargo,Attempted,0,0,Knives,General Cargo attacked by Somali pirate skiff network underway in transit lane. MOA: RPG warning shot then boarding. Weapons observed: knives/machetes. approach broken off after master sounded alarm and engaged firehoses.
ASAM-1996-01917,2000-02-01T04:20:00,2000,2,4.6345,99.359,Strait of Malacca,Chemical Tanker,Fired Upon,0,0,AK-47,"Chemical Tanker attacked by Riau Archipelago armed robbers at anchorage. MOA: fast skiff rob at narrow channel. Weapons observed: M16 + RPG. master engaged evasive maneuvers, RPG and small arms fire received."
ASAM-1997-01918,1999-06-02T08:55:00,1999,6,4.8156,99.9033,Strait of Malacca,General Cargo,Boarded,0,0,Knives,"General Cargo attacked by Riau Archipelago armed robbers approx 239nm offshore. MOA: knife-armed boarders, no firearms. Weapons observed: M16 + RPG. boarders rifled bridge & masters cabin, stole cash and electronics."
ASAM-1998-01919,2024-06-21T15:51:00,2024,6,12.2915,50.4196,Gulf of Aden,Tug & Barge,Boarded,0,0,Unknown,"Tug & Barge attacked by Puntland-based PAG at anchorage. MOA: grappling hook boarding at low freeboard. Weapons observed: RPG-7. boarders rifled bridge & masters cabin, stole cash and electronics."
ASAM-1999-01920,2020-05-14T00:11:00,2020,5,4.0744,3.545,Gulf of Guinea,Fishing Vessel,Attempted,0,0,AK-47,Fishing Vessel attacked by Nigerian kidnap-for-ransom cell in narrow channel. MOA: tanker product theft (siphon). Weapons observed: knives/machetes. approach broken off after master sounded alarm and engaged firehoses.
ASAM-2000-01921,2019-03-18T23:27:00,2019,3,3.3805,5.1399,Gulf of Guinea,Bulk Carrier,Boarded,0,0,RPG,"Bulk Carrier attacked by Nigerian kidnap-for-ransom cell approx 177nm offshore. MOA: AK-47 + GPMG armed boarding. Weapons observed: small arms. boarders rifled bridge & masters cabin, stole cash and electronics."
ASAM-2001-01922,2016-12-25T03:06:00,2016,12,9.6401,113.6491,South China Sea,Crude Oil Tanker,Boarded,0,0,AK-47,"Crude Oil Tanker attacked by Filipino anchor-rob crew approx 276nm offshore. MOA: stealth anchorage boarding. Weapons observed: small arms. boarders rifled bridge & masters cabin, stole cash and electronics."
ASAM-2002-01923,2011-02-01T16:41:00,2011,2,6.1283,3.8418,Gulf of Guinea,Bulk Carrier,Boarded,1,0,Knives,"Bulk Carrier attacked by Nigerian kidnap-for-ransom cell at anchorage. MOA: tanker product theft (siphon). Weapons observed: knives/machetes. boarders rifled bridge & masters cabin, stole cash and electronics; 1 crew sustained injuries."
ASAM-2003-01924,2004-01-05T20:40:00,2004,1,3.0543,102.1434,Strait of Malacca,Chemical Tanker,Boarded,0,0,Knives,"Chemical Tanker attacked by Free Aceh splinter (historical) at anchorage. MOA: nighttime stealth boarding at anchorage. Weapons observed: RPG-7. boarders rifled bridge & masters cabin, stole cash and electronics."
ASAM-2004-01925,2003-05-21T06:26:00,2003,5,3.8519,100.5885,Strait of Malacca,Fishing Vessel,Fired Upon,1,0,Unknown,"Fishing Vessel attacked by Free Aceh splinter (historical) approx 118nm offshore. MOA: knife-armed boarders, no firearms. Weapons observed: RPG-7. master engaged evasive maneuvers, RPG and small arms fire received; 1 crew sustained injuries."
ASAM-2005-01926,2022-01-20T05:45:00,2022,1,5.6499,119.8082,Sulu Sea,Bulk Carrier,Boarded,1,0,RPG,"Bulk Carrier attacked by Abu Sayyaf maritime cell at anchorage. MOA: abduction of fishing crew. Weapons observed: AK-47. boarders rifled bridge & masters cabin, stole cash and electronics; 4 crew sustained injuries."
ASAM-2006-01927,2018-07-03T21:36:00,2018,7,2.5446,3.5401,Gulf of Guinea,Bulk Carrier,Fired Upon,0,0,AK-47,"Bulk Carrier attacked by Niger Delta militant offshoot approx 128nm offshore. MOA: AK-47 + GPMG armed boarding. Weapons observed: small arms. master engaged evasive maneuvers, RPG and small arms fire received."
ASAM-2007-01928,2008-05-06T19:16:00,2008,5,13.6539,51.7543,Gulf of Aden,Offshore Supply,Attempted,0,0,RPG,Offshore Supply attacked by Puntland-based PAG underway in transit lane. MOA: grappling hook boarding at low freeboard. Weapons observed: small arms. approach broken off after master sounded alarm and engaged firehoses.
ASAM-2008-01929,2013-03-15T14:29:00,2013,3,12.7305,46.8091,Gulf of Aden,RoRo Vehicle Carrier,Boarded,0,0,Small arms,"RoRo Vehicle Carrier attacked by Somali pirate skiff network underway in transit lane. MOA: mothership-launched skiff swarm. Weapons observed: RPG-7. boarders rifled bridge & masters cabin, stole cash and electronics."
ASAM-2009-01930,2009-05-04T13:05:00,2009,5,9.7677,47.1491,Gulf of Aden,Container Ship,Hijacked,0,10,AK-47,"Container Ship attacked by Somali pirate skiff network in narrow channel. MOA: grappling hook boarding at low freeboard. Weapons observed: M16 + RPG. vessel hijacked, crew of 18 taken to coastal anchorage; 10 crew taken hostage; ransom demand transmitted within 72h."
ASAM-2010-01931,2019-01-10T21:18:00,2019,1,9.7904,-67.0134,Caribbean / Venezuelan,Bulk Carrier,Boarded,0,0,Small arms,"Bulk Carrier attacked by Venezuelan coastal gang in narrow channel. MOA: crew theft + minor injuries. Weapons observed: RPG-7. boarders rifled bridge & masters cabin, stole cash and electronics."
ASAM-2011-01932,2018-09-05T17:37:00,2018,9,3.9216,2.7999,Gulf of Guinea,General Cargo,Boarded,1,4,RPG,"General Cargo attacked by Nigerian kidnap-for-ransom cell in narrow channel. MOA: AK-47 + GPMG armed boarding. Weapons observed: small arms. boarders rifled bridge & masters cabin, stole cash and electronics; 4 crew sustained injuries; 4 crew taken hostage; ransom demand transmitted within 72h."
ASAM-2012-01933,2004-10-23T02:34:00,2004,10,2.8418,100.7701,Strait of Malacca,Container Ship,Boarded,0,0,Unknown,"Container Ship attacked by Indonesian coastal gang in narrow channel. MOA: crew rob & flee in <30 min. Weapons observed: knives/machetes. boarders rifled bridge & masters cabin, stole cash and electronics."
ASAM-2013-01934,2021-03-07T06:23:00,2021,3,15.0419,48.9839,Gulf of Aden,Chemical Tanker,Attempted,0,0,Unknown,Chemical Tanker attacked by Puntland-based PAG approx 163nm offshore. MOA: RPG warning shot then boarding. Weapons observed: M16 + RPG. approach broken off after master sounded alarm and engaged firehoses.
ASAM-2014-01935,2005-06-06T04:17:00,2005,6,4.4594,100.465,Strait of Malacca,Yacht,Suspicious Approach,0,0,AK-47,Yacht attacked by Indonesian coastal gang underway in transit lane. MOA: nighttime stealth boarding at anchorage. Weapons observed: M16 + RPG. unidentified skiff shadowed vessel for 18 minutes before withdrawing.
ASAM-2015-01936,2015-09-19T02:26:00,2015,9,12.8722,50.9543,Gulf of Aden,Fishing Vessel,Attempted,0,0,Unknown,Fishing Vessel attacked by Somali pirate skiff network approx 180nm offshore. MOA: grappling hook boarding at low freeboard. Weapons observed: RPG-7. approach broken off after master sounded alarm and engaged firehoses.
ASAM-2016-01937,2021-08-25T01:33:00,2021,8,3.8809,4.5332,Gulf of Guinea,Crude Oil Tanker,Attempted,0,0,Knives,Crude Oil Tanker attacked by Bakassi Strike Force remnant underway in transit lane. MOA: tanker product theft (siphon). Weapons observed: knives/machetes. approach broken off after master sounded alarm and engaged firehoses.
ASAM-2017-01938,2006-08-12T02:20:00,2006,8,3.4277,101.0191,Strait of Malacca,Tug & Barge,Hijacked,0,22,Small arms,"Tug & Barge attacked by Free Aceh splinter (historical) in narrow channel. MOA: crew rob & flee in <30 min. Weapons observed: M16 + RPG. vessel hijacked, crew of 19 taken to coastal anchorage; 22 crew taken hostage; ransom demand transmitted within 72h."
ASAM-2018-01939,2021-08-22T14:27:00,2021,8,4.8457,5.2975,Gulf of Guinea,Crude Oil Tanker,Suspicious Approach,0,0,Knives,Crude Oil Tanker attacked by Bakassi Strike Force remnant at anchorage. MOA: fast attack craft >150nm offshore. Weapons observed: RPG-7. unidentified skiff shadowed vessel for 18 minutes before withdrawing.
ASAM-2019-01940,2015-02-17T15:08:00,2015,2,11.0586,111.8378,South China Sea,Chemical Tanker,Attempted,0,0,AK-47,Chemical Tanker attacked by Filipino anchor-rob crew at anchorage. MOA: stealth anchorage boarding. Weapons observed: RPG-7. approach broken off after master sounded alarm and engaged firehoses.
ASAM-2020-01941,2007-02-18T03:52:00,2007,2,5.4777,100.6272,Strait of Malacca,Chemical Tanker,Attempted,0,0,Small arms,"Chemical Tanker attacked by Riau Archipelago armed robbers at anchorage. MOA: knife-armed boarders, no firearms. Weapons observed: AK-47. approach broken off after master sounded alarm and engaged firehoses."
ASAM-2021-01942,2001-10-24T00:13:00,2001,10,3.558,99.1444,Strait of Malacca,Crude Oil Tanker,Suspicious Approach,0,0,RPG,Crude Oil Tanker attacked by Free Aceh splinter (historical) at anchorage. MOA: fast skiff rob at narrow channel. Weapons observed: RPG-7. unidentified skiff shadowed vessel for 18 minutes before withdrawing.
ASAM-2022-01943,2021-07-24T21:54:00,2021,7,13.8793,51.7893,Gulf of Aden,Bulk Carrier,Suspicious Approach,0,0,Knives,Bulk Carrier attacked by Somali pirate skiff network underway in transit lane. MOA: AK-47 small arms suppression. Weapons observed: RPG-7. unidentified skiff shadowed vessel for 18 minutes before withdrawing.
ASAM-2023-01944,2014-09-10T02:37:00,2014,9,8.7801,115.1731,South China Sea,Tug & Barge,Boarded,0,0,Knives,"Tug & Barge attacked by Filipino anchor-rob crew underway in transit lane. MOA: product theft (diesel siphoning). Weapons observed: M16 + RPG. boarders rifled bridge & masters cabin, stole cash and electronics."
ASAM-2024-01945,1995-04-19T20:04:00,1995,4,3.8977,101.49,Strait of Malacca,Tug & Barge,Boarded,1,0,Knives,"Tug & Barge attacked by Indonesian coastal gang approx 269nm offshore. MOA: nighttime stealth boarding at anchorage. Weapons observed: AK-47. boarders rifled bridge & masters cabin, stole cash and electronics; 1 crew sustained injuries."
ASAM-2025-01946,2010-07-17T18:41:00,2010,7,11.5498,46.2789,Gulf of Aden,Bulk Carrier,Attempted,0,0,Unknown,Bulk Carrier attacked by Somali pirate skiff network in narrow channel. MOA: grappling hook boarding at low freeboard. Weapons observed: M16 + RPG. approach broken off after master sounded alarm and engaged firehoses.
ASAM-1993-01947,2004-01-26T19:44:00,2004,1,4.268,101.7453,Strait of Malacca,LPG/LNG Tanker,Boarded,0,0,AK-47,"LPG/LNG Tanker attacked by Indonesian coastal gang approx 249nm offshore. MOA: nighttime stealth boarding at anchorage. Weapons observed: M16 + RPG. boarders rifled bridge & masters cabin, stole cash and electronics."
ASAM-1994-01948,2002-01-14T22:08:00,2002,1,13.7561,51.8448,Gulf of Aden,Fishing Vessel,Attempted,0,0,Unknown,Fishing Vessel attacked by Somali pirate skiff network at anchorage. MOA: AK-47 small arms suppression. Weapons observed: RPG-7. approach broken off after master sounded alarm and engaged firehoses.
ASAM-1995-01949,2012-05-26T00:28:00,2012,5,12.2882,46.9706,Gulf of Aden,Chemical Tanker,Boarded,0,4,Unknown,"Chemical Tanker attacked by Hobyo-Harardhere PAG in narrow channel. MOA: mothership-launched skiff swarm. Weapons observed: knives/machetes. boarders rifled bridge & masters cabin, stole cash and electronics; 4 crew taken hostage; ransom demand transmitted within 72h."
ASAM-1996-01950,2008-11-26T06:53:00,2008,11,12.7632,47.3915,Gulf of Aden,Bulk Carrier,Boarded,0,0,Knives,"Bulk Carrier attacked by Somali pirate skiff network at anchorage. MOA: mothership-launched skiff swarm. Weapons observed: knives/machetes. boarders rifled bridge & masters cabin, stole cash and electronics."
ASAM-1997-01951,2010-05-07T01:16:00,2010,5,12.4834,48.337,Gulf of Aden,Chemical Tanker,Attempted,0,0,Unknown,Chemical Tanker attacked by Somali pirate skiff network in narrow channel. MOA: mothership-launched skiff swarm. Weapons observed: small arms. approach broken off after master sounded alarm and engaged firehoses.
ASAM-1998-01952,2003-07-19T20:13:00,2003,7,4.0835,100.8303,Strait of Malacca,Chemical Tanker,Hijacked,1,12,RPG,"Chemical Tanker attacked by Indonesian coastal gang approx 250nm offshore. MOA: crew rob & flee in <30 min. Weapons observed: M16 + RPG. vessel hijacked, crew of 13 taken to coastal anchorage; 4 crew sustained injuries; 12 crew taken hostage; ransom demand transmitted within 72h."
ASAM-1999-01953,2010-11-09T00:41:00,2010,11,3.7789,100.6993,Strait of Malacca,Fishing Vessel,Boarded,0,5,Knives,"Fishing Vessel attacked by Free Aceh splinter (historical) at anchorage. MOA: nighttime stealth boarding at anchorage. Weapons observed: RPG-7. boarders rifled bridge & masters cabin, stole cash and electronics; 5 crew taken hostage; ransom demand transmitted within 72h."
ASAM-2000-01954,2018-02-08T21:46:00,2018,2,5.2431,6.5516,Gulf of Guinea,Bulk Carrier,Fired Upon,0,0,Unknown,"Bulk Carrier attacked by Nigerian kidnap-for-ransom cell at anchorage. MOA: kidnap-for-ransom of officers. Weapons observed: knives/machetes. master engaged evasive maneuvers, RPG and small arms fire received."
ASAM-2001-01955,2021-12-09T05:49:00,2021,12,2.1256,99.3282,Strait of Malacca,Tug & Barge,Boarded,0,0,Small arms,"Tug & Barge attacked by Indonesian coastal gang at anchorage. MOA: crew rob & flee in <30 min. Weapons observed: AK-47. boarders rifled bridge & masters cabin, stole cash and electronics."
ASAM-2002-01956,2012-05-09T06:01:00,2012,5,3.893,5.3972,Gulf of Guinea,RoRo Vehicle Carrier,Attempted,1,0,RPG,RoRo Vehicle Carrier attacked by Bakassi Strike Force remnant at anchorage. MOA: tanker product theft (siphon). Weapons observed: knives/machetes. approach broken off after master sounded alarm and engaged firehoses; 1 crew sustained injuries.
ASAM-2003-01957,2014-02-18T22:39:00,2014,2,10.2171,112.8424,South China Sea,General Cargo,Boarded,1,0,Small arms,"General Cargo attacked by Filipino anchor-rob crew approx 111nm offshore. MOA: product theft (diesel siphoning). Weapons observed: AK-47. boarders rifled bridge & masters cabin, stole cash and electronics; 3 crew sustained injuries."
ASAM-2004-01958,2008-12-05T23:45:00,2008,12,5.8324,119.549,Sulu Sea,Chemical Tanker,Boarded,0,0,RPG,"Chemical Tanker attacked by BIFF splinter group in narrow channel. MOA: speedboat intercept tug & barge. Weapons observed: RPG-7. boarders rifled bridge & masters cabin, stole cash and electronics."
ASAM-2005-01959,2012-02-02T03:07:00,2012,2,3.6387,100.2238,Strait of Malacca,Chemical Tanker,Boarded,1,0,AK-47,"Chemical Tanker attacked by Indonesian coastal gang underway in transit lane. MOA: nighttime stealth boarding at anchorage. Weapons observed: M16 + RPG. boarders rifled bridge & masters cabin, stole cash and electronics; 3 crew sustained injuries."
ASAM-2006-01960,1997-05-06T22:52:00,1997,5,12.0415,45.8819,Gulf of Aden,Container Ship,Boarded,0,0,AK-47,"Container Ship attacked by Somali pirate skiff network underway in transit lane. MOA: RPG warning shot then boarding. Weapons observed: AK-47. boarders rifled bridge & masters cabin, stole cash and electronics."
ASAM-2007-01961,2011-12-06T01:33:00,2011,12,11.4285,48.9525,Gulf of Aden,Yacht,Attempted,0,0,AK-47,Yacht attacked by Puntland-based PAG underway in transit lane. MOA: mothership-launched skiff swarm. Weapons observed: RPG-7. approach broken off after master sounded alarm and engaged firehoses.
ASAM-2008-01962,2018-06-25T20:22:00,2018,6,11.7765,-66.6746,Caribbean / Venezuelan,Yacht,Boarded,1,0,Small arms,"Yacht attacked by Venezuelan coastal gang underway in transit lane. MOA: yacht boarding at anchorage. Weapons observed: knives/machetes. boarders rifled bridge & masters cabin, stole cash and electronics; 4 crew sustained injuries."
ASAM-2009-01963,2004-11-13T20:59:00,2004,11,3.9153,100.6817,Strait of Malacca,General Cargo,Fired Upon,0,0,Knives,"General Cargo attacked by Riau Archipelago armed robbers in narrow channel. MOA: crew rob & flee in <30 min. Weapons observed: small arms. master engaged evasive maneuvers, RPG and small arms fire received."
ASAM-2010-01964,2003-02-18T00:03:00,2003,2,4.4424,101.8412,Strait of Malacca,Tug & Barge,Boarded,1,0,Unknown,"Tug & Barge attacked by Indonesian coastal gang in narrow channel. MOA: fast skiff rob at narrow channel. Weapons observed: small arms. boarders rifled bridge & masters cabin, stole cash and electronics; 4 crew sustained injuries."
ASAM-2011-01965,2011-10-15T04:15:00,2011,10,3.7995,6.252,Gulf of Guinea,Offshore Supply,Attempted,0,0,Small arms,Offshore Supply attacked by Nigerian kidnap-for-ransom cell at anchorage. MOA: kidnap-for-ransom of officers. Weapons observed: M16 + RPG. approach broken off after master sounded alarm and engaged firehoses.
ASAM-2012-01966,2020-05-15T03:46:00,2020,5,6.4043,4.4572,Gulf of Guinea,Crude Oil Tanker,Boarded,0,5,Knives,"Crude Oil Tanker attacked by Nigerian kidnap-for-ransom cell underway in transit lane. MOA: tanker product theft (siphon). Weapons observed: M16 + RPG. boarders rifled bridge & masters cabin, stole cash and electronics; 5 crew taken hostage; ransom demand transmitted within 72h."
ASAM-2013-01967,2010-03-08T04:36:00,2010,3,5.681,120.471,Sulu Sea,Chemical Tanker,Attempted,0,0,AK-47,Chemical Tanker attacked by Abu Sayyaf maritime cell approx 116nm offshore. MOA: abduction of fishing crew. Weapons observed: AK-47. approach broken off after master sounded alarm and engaged firehoses.
ASAM-2014-01968,2014-03-13T20:35:00,2014,3,14.2398,50.1785,Gulf of Aden,General Cargo,Boarded,1,0,RPG,"General Cargo attacked by Somali pirate skiff network at anchorage. MOA: grappling hook boarding at low freeboard. Weapons observed: knives/machetes. boarders rifled bridge & masters cabin, stole cash and electronics; 2 crew sustained injuries."
ASAM-2015-01969,2020-12-05T02:19:00,2020,12,0.073,4.4273,Gulf of Guinea,Crude Oil Tanker,Attempted,0,0,Small arms,Crude Oil Tanker attacked by Bakassi Strike Force remnant in narrow channel. MOA: tanker product theft (siphon). Weapons observed: AK-47. approach broken off after master sounded alarm and engaged firehoses.
ASAM-2016-01970,2011-11-06T04:00:00,2011,11,0.1534,6.5057,Gulf of Guinea,Fishing Vessel,Fired Upon,1,0,Unknown,"Fishing Vessel attacked by Niger Delta militant offshoot approx 90nm offshore. MOA: fast attack craft >150nm offshore. Weapons observed: RPG-7. master engaged evasive maneuvers, RPG and small arms fire received; 3 crew sustained injuries."
ASAM-2017-01971,2009-11-28T23:19:00,2009,11,14.0491,48.164,Gulf of Aden,Bulk Carrier,Boarded,0,0,RPG,"Bulk Carrier attacked by Puntland-based PAG underway in transit lane. MOA: grappling hook boarding at low freeboard. Weapons observed: M16 + RPG. boarders rifled bridge & masters cabin, stole cash and electronics."
ASAM-2018-01972,2012-03-05T05:55:00,2012,3,13.1333,49.8748,Gulf of Aden,Fishing Vessel,Hijacked,0,8,Knives,"Fishing Vessel attacked by Puntland-based PAG approx 175nm offshore. MOA: grappling hook boarding at low freeboard. Weapons observed: AK-47. vessel hijacked, crew of 26 taken to coastal anchorage; 8 crew taken hostage; ransom demand transmitted within 72h."
ASAM-2019-01973,2018-10-24T08:00:00,2018,10,3.325,3.9047,Gulf of Guinea,Crude Oil Tanker,Suspicious Approach,0,0,AK-47,Crude Oil Tanker attacked by Nigerian kidnap-for-ransom cell underway in transit lane. MOA: AK-47 + GPMG armed boarding. Weapons observed: RPG-7. unidentified skiff shadowed vessel for 18 minutes before withdrawing.
ASAM-2020-01974,2009-12-04T00:15:00,2009,12,11.5368,49.8781,Gulf of Aden,Fishing Vessel,Boarded,0,0,RPG,"Fishing Vessel attacked by Hobyo-Harardhere PAG underway in transit lane. MOA: AK-47 small arms suppression. Weapons observed: small arms. boarders rifled bridge & masters cabin, stole cash and electronics."
ASAM-2021-01975,2017-11-07T18:26:00,2017,11,6.8929,5.9028,Gulf of Guinea,Bulk Carrier,Fired Upon,0,0,Small arms,"Bulk Carrier attacked by Bakassi Strike Force remnant approx 193nm offshore. MOA: fast attack craft >150nm offshore. Weapons observed: RPG-7. master engaged evasive maneuvers, RPG and small arms fire received."
ASAM-2022-01976,1995-12-24T21:55:00,1995,12,5.0716,3.7632,Gulf of Guinea,Crude Oil Tanker,Hijacked,0,10,RPG,"Crude Oil Tanker attacked by Bakassi Strike Force remnant approx 218nm offshore. MOA: AK-47 + GPMG armed boarding. Weapons observed: RPG-7. vessel hijacked, crew of 13 taken to coastal anchorage; 10 crew taken hostage; ransom demand transmitted within 72h."
ASAM-2023-01977,2017-02-13T23:20:00,2017,2,5.6427,117.9526,Sulu Sea,Bulk Carrier,Boarded,1,0,Unknown,"Bulk Carrier attacked by Sulu archipelago kidnapping ring at anchorage. MOA: M16 + RPG armed boarding. Weapons observed: knives/machetes. boarders rifled bridge & masters cabin, stole cash and electronics; 1 crew sustained injuries."
ASAM-2024-01978,2005-12-02T19:46:00,2005,12,4.4429,101.761,Strait of Malacca,Container Ship,Boarded,0,0,Unknown,"Container Ship attacked by Free Aceh splinter (historical) underway in transit lane. MOA: nighttime stealth boarding at anchorage. Weapons observed: AK-47. boarders rifled bridge & masters cabin, stole cash and electronics."
ASAM-2025-01979,2019-08-01T20:34:00,2019,8,4.6702,101.7971,Strait of Malacca,Crude Oil Tanker,Boarded,0,0,RPG,"Crude Oil Tanker attacked by Indonesian coastal gang approx 76nm offshore. MOA: crew rob & flee in <30 min. Weapons observed: M16 + RPG. boarders rifled bridge & masters cabin, stole cash and electronics."
ASAM-1993-01980,2024-11-21T03:57:00,2024,11,11.9952,49.3302,Gulf of Aden,General Cargo,Boarded,1,0,Unknown,"General Cargo attacked by Puntland-based PAG in narrow channel. MOA: grappling hook boarding at low freeboard. Weapons observed: RPG-7. boarders rifled bridge & masters cabin, stole cash and electronics; 3 crew sustained injuries."
ASAM-1994-01981,2011-02-26T21:34:00,2011,2,13.6743,48.8934,Gulf of Aden,Bulk Carrier,Attempted,0,0,Knives,Bulk Carrier attacked by Hobyo-Harardhere PAG in narrow channel. MOA: AK-47 small arms suppression. Weapons observed: M16 + RPG. approach broken off after master sounded alarm and engaged firehoses.
ASAM-1995-01982,2006-08-05T19:11:00,2006,8,5.4454,3.0084,Gulf of Guinea,Chemical Tanker,Attempted,0,0,Small arms,Chemical Tanker attacked by Nigerian kidnap-for-ransom cell approx 122nm offshore. MOA: tanker product theft (siphon). Weapons observed: AK-47. approach broken off after master sounded alarm and engaged firehoses.
ASAM-1996-01983,2005-06-20T01:52:00,2005,6,13.0566,49.9768,Gulf of Aden,Crude Oil Tanker,Boarded,0,0,RPG,"Crude Oil Tanker attacked by Hobyo-Harardhere PAG in narrow channel. MOA: RPG warning shot then boarding. Weapons observed: knives/machetes. boarders rifled bridge & masters cabin, stole cash and electronics."
ASAM-1997-01984,2017-11-09T04:13:00,2017,11,14.7151,47.6093,Gulf of Aden,General Cargo,Fired Upon,0,0,RPG,"General Cargo attacked by Somali pirate skiff network in narrow channel. MOA: grappling hook boarding at low freeboard. Weapons observed: RPG-7. master engaged evasive maneuvers, RPG and small arms fire received."
ASAM-1998-01985,1993-03-22T21:55:00,1993,3,6.0572,119.6555,Sulu Sea,Yacht,Boarded,0,0,Small arms,"Yacht attacked by Sulu archipelago kidnapping ring underway in transit lane. MOA: abduction of fishing crew. Weapons observed: knives/machetes. boarders rifled bridge & masters cabin, stole cash and electronics."
ASAM-1999-01986,2018-03-02T21:57:00,2018,3,6.1094,120.4762,Sulu Sea,Fishing Vessel,Attempted,0,0,RPG,Fishing Vessel attacked by BIFF splinter group underway in transit lane. MOA: abduction of fishing crew. Weapons observed: RPG-7. approach broken off after master sounded alarm and engaged firehoses.
ASAM-2000-01987,2018-10-14T19:40:00,2018,10,6.0629,120.3085,Sulu Sea,Fishing Vessel,Hijacked,1,19,Knives,"Fishing Vessel attacked by Abu Sayyaf maritime cell approx 272nm offshore. MOA: hostage transfer to Jolo island camps. Weapons observed: M16 + RPG. vessel hijacked, crew of 15 taken to coastal anchorage; 2 crew sustained injuries; 19 crew taken hostage; ransom demand transmitted within 72h."
ASAM-2001-01988,2003-03-15T22:41:00,2003,3,3.6671,100.8034,Strait of Malacca,RoRo Vehicle Carrier,Boarded,0,0,Unknown,"RoRo Vehicle Carrier attacked by Indonesian coastal gang approx 200nm offshore. MOA: fast skiff rob at narrow channel. Weapons observed: AK-47. boarders rifled bridge & masters cabin, stole cash and electronics."
ASAM-2002-01989,2024-08-16T04:51:00,2024,8,9.9266,-64.3209,Caribbean / Venezuelan,Bulk Carrier,Hijacked,0,18,RPG,"Bulk Carrier attacked by Trinidad-Tobago smuggler crew at anchorage. MOA: yacht boarding at anchorage. Weapons observed: knives/machetes. vessel hijacked, crew of 27 taken to coastal anchorage; 18 crew taken hostage; ransom demand transmitted within 72h."
ASAM-2003-01990,2017-06-25T03:23:00,2017,6,8.8766,115.1622,South China Sea,Container Ship,Suspicious Approach,0,0,AK-47,Container Ship attacked by Vietnamese coastal robbers approx 270nm offshore. MOA: product theft (diesel siphoning). Weapons observed: small arms. unidentified skiff shadowed vessel for 18 minutes before withdrawing.
ASAM-2004-01991,2010-12-25T22:00:00,2010,12,14.6625,47.703,Gulf of Aden,Bulk Carrier,Hijacked,1,22,RPG,"Bulk Carrier attacked by Somali pirate skiff network in narrow channel. MOA: AK-47 small arms suppression. Weapons observed: M16 + RPG. vessel hijacked, crew of 27 taken to coastal anchorage; 2 crew sustained injuries; 22 crew taken hostage; ransom demand transmitted within 72h."
ASAM-2005-01992,2018-08-08T23:21:00,2018,8,4.2671,121.9635,Sulu Sea,Container Ship,Attempted,0,0,AK-47,Container Ship attacked by Abu Sayyaf maritime cell underway in transit lane. MOA: abduction of fishing crew. Weapons observed: small arms. approach broken off after master sounded alarm and engaged firehoses.
ASAM-2006-01993,2022-12-01T21:00:00,2022,12,4.1787,100.5776,Strait of Malacca,Bulk Carrier,Boarded,0,1,RPG,"Bulk Carrier attacked by Free Aceh splinter (historical) underway in transit lane. MOA: crew rob & flee in <30 min. Weapons observed: M16 + RPG. boarders rifled bridge & masters cabin, stole cash and electronics; 1 crew taken hostage; ransom demand transmitted within 72h."
ASAM-2007-01994,2018-11-07T21:59:00,2018,11,6.2563,120.4501,Sulu Sea,Tug & Barge,Fired Upon,1,0,Small arms,"Tug & Barge attacked by Abu Sayyaf maritime cell in narrow channel. MOA: hostage transfer to Jolo island camps. Weapons observed: M16 + RPG. master engaged evasive maneuvers, RPG and small arms fire received; 3 crew sustained injuries."
ASAM-2008-01995,2004-09-19T13:50:00,2004,9,2.3835,100.1359,Strait of Malacca,Container Ship,Fired Upon,1,0,Small arms,"Container Ship attacked by Free Aceh splinter (historical) approx 270nm offshore. MOA: nighttime stealth boarding at anchorage. Weapons observed: AK-47. master engaged evasive maneuvers, RPG and small arms fire received; 4 crew sustained injuries."
ASAM-2009-01996,2003-12-04T02:39:00,2003,12,3.4998,99.9633,Strait of Malacca,Container Ship,Attempted,0,0,RPG,"Container Ship attacked by Riau Archipelago armed robbers underway in transit lane. MOA: knife-armed boarders, no firearms. Weapons observed: M16 + RPG. approach broken off after master sounded alarm and engaged firehoses."
ASAM-2010-01997,1993-06-23T20:59:00,1993,6,3.9278,2.359,Gulf of Guinea,Chemical Tanker,Suspicious Approach,0,0,AK-47,Chemical Tanker attacked by Nigerian kidnap-for-ransom cell at anchorage. MOA: tanker product theft (siphon). Weapons observed: M16 + RPG. unidentified skiff shadowed vessel for 18 minutes before withdrawing.
ASAM-2011-01998,2009-04-05T10:28:00,2009,4,7.7183,4.8878,Gulf of Guinea,Container Ship,Hijacked,0,22,Small arms,"Container Ship attacked by Nigerian kidnap-for-ransom cell at anchorage. MOA: AK-47 + GPMG armed boarding. Weapons observed: RPG-7. vessel hijacked, crew of 15 taken to coastal anchorage; 22 crew taken hostage; ransom demand transmitted within 72h."
ASAM-2012-01999,2017-01-03T18:33:00,2017,1,7.1712,119.8495,Sulu Sea,RoRo Vehicle Carrier,Boarded,1,1,RPG,"RoRo Vehicle Carrier attacked by Sulu archipelago kidnapping ring underway in transit lane. MOA: M16 + RPG armed boarding. Weapons observed: RPG-7. boarders rifled bridge & masters cabin, stole cash and electronics; 4 crew sustained injuries; 1 crew taken hostage; ransom demand transmitted within 72h."
ASAM-2013-02000,2017-10-19T18:46:00,2017,10,6.0749,120.0038,Sulu Sea,General Cargo,Attempted,0,0,AK-47,General Cargo attacked by BIFF splinter group at anchorage. MOA: abduction of fishing crew. Weapons observed: small arms. approach broken off after master sounded alarm and engaged firehoses.
ASAM-2014-02001,2009-02-01T04:12:00,2009,2,12.2343,49.5948,Gulf of Aden,Chemical Tanker,Hijacked,0,13,RPG,"Chemical Tanker attacked by Puntland-based PAG in narrow channel. MOA: AK-47 small arms suppression. Weapons observed: small arms. vessel hijacked, crew of 19 taken to coastal anchorage; 13 crew taken hostage; ransom demand transmitted within 72h."
ASAM-2015-02002,2018-10-12T05:56:00,2018,10,3.8679,4.6184,Gulf of Guinea,Container Ship,Attempted,0,0,Small arms,Container Ship attacked by Niger Delta militant offshoot at anchorage. MOA: fast attack craft >150nm offshore. Weapons observed: knives/machetes. approach broken off after master sounded alarm and engaged firehoses.
ASAM-2016-02003,2020-05-10T06:32:00,2020,5,5.6648,121.0936,Sulu Sea,Bulk Carrier,Boarded,0,0,Small arms,"Bulk Carrier attacked by Sulu archipelago kidnapping ring in narrow channel. MOA: abduction of fishing crew. Weapons observed: AK-47. boarders rifled bridge & masters cabin, stole cash and electronics."
ASAM-2017-02004,2002-09-13T22:41:00,2002,9,13.5693,48.1625,Gulf of Aden,Bulk Carrier,Attempted,0,0,Unknown,Bulk Carrier attacked by Hobyo-Harardhere PAG approx 189nm offshore. MOA: grappling hook boarding at low freeboard. Weapons observed: knives/machetes. approach broken off after master sounded alarm and engaged firehoses.
ASAM-2018-02005,2019-02-17T12:31:00,2019,2,6.5419,3.0308,Gulf of Guinea,Container Ship,Boarded,0,0,AK-47,"Container Ship attacked by Nigerian kidnap-for-ransom cell approx 85nm offshore. MOA: fast attack craft >150nm offshore. Weapons observed: AK-47. boarders rifled bridge & masters cabin, stole cash and electronics."
ASAM-2019-02006,2010-05-03T16:37:00,2010,5,12.0428,48.6597,Gulf of Aden,Bulk Carrier,Fired Upon,0,0,AK-47,"Bulk Carrier attacked by Puntland-based PAG in narrow channel. MOA: AK-47 small arms suppression. Weapons observed: RPG-7. master engaged evasive maneuvers, RPG and small arms fire received."
ASAM-2020-02007,2007-10-28T19:34:00,2007,10,12.1,48.3531,Gulf of Aden,Tug & Barge,Attempted,1,0,AK-47,Tug & Barge attacked by Hobyo-Harardhere PAG approx 247nm offshore. MOA: AK-47 small arms suppression. Weapons observed: AK-47. approach broken off after master sounded alarm and engaged firehoses; 4 crew sustained injuries.
ASAM-2021-02008,2004-08-15T01:46:00,2004,8,4.4876,101.7723,Strait of Malacca,General Cargo,Attempted,0,0,AK-47,"General Cargo attacked by Free Aceh splinter (historical) in narrow channel. MOA: knife-armed boarders, no firearms. Weapons observed: M16 + RPG. approach broken off after master sounded alarm and engaged firehoses."
ASAM-2022-02009,2018-03-14T23:30:00,2018,3,6.4769,121.1992,Sulu Sea,Fishing Vessel,Boarded,0,0,Knives,"Fishing Vessel attacked by Abu Sayyaf maritime cell in narrow channel. MOA: hostage transfer to Jolo island camps. Weapons observed: M16 + RPG. boarders rifled bridge & masters cabin, stole cash and electronics."
ASAM-2023-02010,2006-11-26T21:16:00,2006,11,3.6426,101.155,Strait of Malacca,Offshore Supply,Attempted,0,0,AK-47,Offshore Supply attacked by Riau Archipelago armed robbers underway in transit lane. MOA: crew rob & flee in <30 min. Weapons observed: knives/machetes. approach broken off after master sounded alarm and engaged firehoses.
ASAM-2024-02011,2016-08-01T11:05:00,2016,8,7.7732,113.2741,South China Sea,Container Ship,Fired Upon,1,0,Small arms,"Container Ship attacked by Filipino anchor-rob crew approx 115nm offshore. MOA: product theft (diesel siphoning). Weapons observed: AK-47. master engaged evasive maneuvers, RPG and small arms fire received; 1 crew sustained injuries."
ASAM-2025-02012,2008-02-20T01:44:00,2008,2,13.7507,47.8997,Gulf of Aden,Chemical Tanker,Boarded,0,0,RPG,"Chemical Tanker attacked by Puntland-based PAG in narrow channel. MOA: RPG warning shot then boarding. Weapons observed: knives/machetes. boarders rifled bridge & masters cabin, stole cash and electronics."
ASAM-1993-02013,2004-12-05T20:21:00,2004,12,4.3797,99.7031,Strait of Malacca,Offshore Supply,Boarded,1,0,RPG,"Offshore Supply attacked by Indonesian coastal gang at anchorage. MOA: knife-armed boarders, no firearms. Weapons observed: RPG-7. boarders rifled bridge & masters cabin, stole cash and electronics; 4 crew sustained injuries."
ASAM-1994-02014,2017-11-16T20:46:00,2017,11,5.7683,120.7175,Sulu Sea,Container Ship,Attempted,0,0,Unknown,Container Ship attacked by Sulu archipelago kidnapping ring underway in transit lane. MOA: M16 + RPG armed boarding. Weapons observed: knives/machetes. approach broken off after master sounded alarm and engaged firehoses.
ASAM-1995-02015,2003-12-28T07:03:00,2003,12,3.8274,100.9638,Strait of Malacca,LPG/LNG Tanker,Boarded,1,0,RPG,"LPG/LNG Tanker attacked by Riau Archipelago armed robbers in narrow channel. MOA: knife-armed boarders, no firearms. Weapons observed: RPG-7. boarders rifled bridge & masters cabin, stole cash and electronics; 4 crew sustained injuries."
ASAM-1996-02016,2018-04-27T00:54:00,2018,4,7.1174,4.9337,Gulf of Guinea,Fishing Vessel,Boarded,1,0,Small arms,"Fishing Vessel attacked by Nigerian kidnap-for-ransom cell approx 143nm offshore. MOA: fast attack craft >150nm offshore. Weapons observed: RPG-7. boarders rifled bridge & masters cabin, stole cash and electronics; 4 crew sustained injuries."
ASAM-1997-02017,2012-08-20T22:19:00,2012,8,13.1109,47.9,Gulf of Aden,Tug & Barge,Attempted,0,0,Unknown,Tug & Barge attacked by Puntland-based PAG in narrow channel. MOA: RPG warning shot then boarding. Weapons observed: small arms. approach broken off after master sounded alarm and engaged firehoses.
ASAM-1998-02018,1995-02-06T17:06:00,1995,2,5.979,6.1191,Gulf of Guinea,LPG/LNG Tanker,Fired Upon,1,0,Unknown,"LPG/LNG Tanker attacked by Bakassi Strike Force remnant in narrow channel. MOA: tanker product theft (siphon). Weapons observed: AK-47. master engaged evasive maneuvers, RPG and small arms fire received; 4 crew sustained injuries."
ASAM-1999-02019,2016-08-03T04:10:00,2016,8,11.5109,111.1842,South China Sea,Bulk Carrier,Attempted,1,0,Knives,Bulk Carrier attacked by Vietnamese coastal robbers underway in transit lane. MOA: stealth anchorage boarding. Weapons observed: AK-47. approach broken off after master sounded alarm and engaged firehoses; 2 crew sustained injuries.
ASAM-2000-02020,2019-11-28T21:47:00,2019,11,0.8105,2.9021,Gulf of Guinea,Fishing Vessel,Fired Upon,1,0,AK-47,"Fishing Vessel attacked by Nigerian kidnap-for-ransom cell underway in transit lane. MOA: fast attack craft >150nm offshore. Weapons observed: knives/machetes. master engaged evasive maneuvers, RPG and small arms fire received; 3 crew sustained injuries."
ASAM-2001-02021,2022-09-22T22:37:00,2022,9,12.236,48.3515,Gulf of Aden,Container Ship,Boarded,0,0,AK-47,"Container Ship attacked by Hobyo-Harardhere PAG approx 276nm offshore. MOA: RPG warning shot then boarding. Weapons observed: M16 + RPG. boarders rifled bridge & masters cabin, stole cash and electronics."
ASAM-2002-02022,2003-08-02T21:37:00,2003,8,2.776,101.1721,Strait of Malacca,Chemical Tanker,Fired Upon,0,0,Unknown,"Chemical Tanker attacked by Indonesian coastal gang approx 27nm offshore. MOA: knife-armed boarders, no firearms. Weapons observed: small arms. master engaged evasive maneuvers, RPG and small arms fire received."
ASAM-2003-02023,1996-09-27T20:24:00,1996,9,7.3933,113.9378,South China Sea,Crude Oil Tanker,Boarded,0,0,Small arms,"Crude Oil Tanker attacked by Vietnamese coastal robbers underway in transit lane. MOA: product theft (diesel siphoning). Weapons observed: M16 + RPG. boarders rifled bridge & masters cabin, stole cash and electronics."
ASAM-2004-02024,2011-04-24T21:39:00,2011,4,12.403,46.8984,Gulf of Aden,Bulk Carrier,Attempted,0,0,Small arms,Bulk Carrier attacked by Somali pirate skiff network approx 235nm offshore. MOA: AK-47 small arms suppression. Weapons observed: AK-47. approach broken off after master sounded alarm and engaged firehoses.
ASAM-2005-02025,2019-06-06T18:10:00,2019,6,13.1785,50.564,Gulf of Aden,LPG/LNG Tanker,Attempted,0,0,Unknown,LPG/LNG Tanker attacked by Puntland-based PAG approx 84nm offshore. MOA: AK-47 small arms suppression. Weapons observed: knives/machetes. approach broken off after master sounded alarm and engaged firehoses.
ASAM-2006-02026,2005-02-20T05:01:00,2005,2,3.3444,8.4042,Gulf of Guinea,Bulk Carrier,Boarded,0,0,Unknown,"Bulk Carrier attacked by Niger Delta militant offshoot underway in transit lane. MOA: tanker product theft (siphon). Weapons observed: AK-47. boarders rifled bridge & masters cabin, stole cash and electronics."
ASAM-2007-02027,2014-03-09T03:45:00,2014,3,10.1727,113.7725,South China Sea,Bulk Carrier,Boarded,1,0,Knives,"Bulk Carrier attacked by Filipino anchor-rob crew at anchorage. MOA: product theft (diesel siphoning). Weapons observed: RPG-7. boarders rifled bridge & masters cabin, stole cash and electronics; 1 crew sustained injuries."
ASAM-2008-02028,2016-02-27T01:35:00,2016,2,6.8261,120.9614,Sulu Sea,Bulk Carrier,Fired Upon,0,0,Unknown,"Bulk Carrier attacked by Sulu archipelago kidnapping ring underway in transit lane. MOA: speedboat intercept tug & barge. Weapons observed: M16 + RPG. master engaged evasive maneuvers, RPG and small arms fire received."
ASAM-2009-02029,2003-04-07T01:09:00,2003,4,3.1241,6.3067,Gulf of Guinea,Container Ship,Fired Upon,0,0,Small arms,"Container Ship attacked by Bakassi Strike Force remnant at anchorage. MOA: AK-47 + GPMG armed boarding. Weapons observed: AK-47. master engaged evasive maneuvers, RPG and small arms fire received."
ASAM-2010-02030,2018-09-24T03:11:00,2018,9,10.8969,-65.3372,Caribbean / Venezuelan,Container Ship,Boarded,0,0,Knives,"Container Ship attacked by Venezuelan coastal gang at anchorage. MOA: small arms intimidation. Weapons observed: AK-47. boarders rifled bridge & masters cabin, stole cash and electronics."
ASAM-2011-02031,2012-06-13T21:12:00,2012,6,12.4542,48.7921,Gulf of Aden,General Cargo,Attempted,0,0,AK-47,General Cargo attacked by Somali pirate skiff network approx 48nm offshore. MOA: grappling hook boarding at low freeboard. Weapons observed: AK-47. approach broken off after master sounded alarm and engaged firehoses.
ASAM-2012-02032,2015-03-27T05:21:00,2015,3,13.5246,45.9486,Gulf of Aden,LPG/LNG Tanker,Fired Upon,0,0,Knives,"LPG/LNG Tanker attacked by Somali pirate skiff network in narrow channel. MOA: AK-47 small arms suppression. Weapons observed: knives/machetes. master engaged evasive maneuvers, RPG and small arms fire received."
ASAM-2013-02033,2006-06-14T08:40:00,2006,6,3.6909,98.3403,Strait of Malacca,Fishing Vessel,Attempted,0,0,Unknown,Fishing Vessel attacked by Indonesian coastal gang in narrow channel. MOA: crew rob & flee in <30 min. Weapons observed: AK-47. approach broken off after master sounded alarm and engaged firehoses.
ASAM-2014-02034,2015-11-16T19:15:00,2015,11,2.3586,6.8445,Gulf of Guinea,Fishing Vessel,Boarded,0,0,Small arms,"Fishing Vessel attacked by Niger Delta militant offshoot underway in transit lane. MOA: AK-47 + GPMG armed boarding. Weapons observed: AK-47. boarders rifled bridge & masters cabin, stole cash and electronics."
ASAM-2015-02035,2018-06-15T22:49:00,2018,6,2.8308,4.8269,Gulf of Guinea,Container Ship,Boarded,1,0,RPG,"Container Ship attacked by Nigerian kidnap-for-ransom cell underway in transit lane. MOA: tanker product theft (siphon). Weapons observed: M16 + RPG. boarders rifled bridge & masters cabin, stole cash and electronics; 2 crew sustained injuries."
ASAM-2016-02036,1994-03-08T08:37:00,1994,3,2.5635,4.8941,Gulf of Guinea,Bulk Carrier,Boarded,0,0,Small arms,"Bulk Carrier attacked by Bakassi Strike Force remnant approx 77nm offshore. MOA: kidnap-for-ransom of officers. Weapons observed: knives/machetes. boarders rifled bridge & masters cabin, stole cash and electronics."
ASAM-2017-02037,2006-06-05T19:25:00,2006,6,1.4844,101.366,Strait of Malacca,LPG/LNG Tanker,Boarded,0,0,Unknown,"LPG/LNG Tanker attacked by Indonesian coastal gang approx 217nm offshore. MOA: knife-armed boarders, no firearms. Weapons observed: RPG-7. boarders rifled bridge & masters cabin, stole cash and electronics."
ASAM-2018-02038,2011-03-19T03:53:00,2011,3,11.6877,50.0935,Gulf of Aden,Container Ship,Attempted,0,0,RPG,Container Ship attacked by Hobyo-Harardhere PAG in narrow channel. MOA: RPG warning shot then boarding. Weapons observed: AK-47. approach broken off after master sounded alarm and engaged firehoses.
ASAM-2019-02039,2017-09-10T03:12:00,2017,9,4.416,102.5158,Strait of Malacca,Container Ship,Boarded,1,0,RPG,"Container Ship attacked by Riau Archipelago armed robbers in narrow channel. MOA: crew rob & flee in <30 min. Weapons observed: M16 + RPG. boarders rifled bridge & masters cabin, stole cash and electronics; 2 crew sustained injuries."
ASAM-2020-02040,2003-08-26T13:51:00,2003,8,2.5706,100.7138,Strait of Malacca,Bulk Carrier,Boarded,1,0,Unknown,"Bulk Carrier attacked by Free Aceh splinter (historical) approx 213nm offshore. MOA: nighttime stealth boarding at anchorage. Weapons observed: knives/machetes. boarders rifled bridge & masters cabin, stole cash and electronics; 1 crew sustained injuries."
ASAM-2021-02041,1998-09-17T22:00:00,1998,9,4.8894,9.0315,Gulf of Guinea,Bulk Carrier,Boarded,0,0,Small arms,"Bulk Carrier attacked by Nigerian kidnap-for-ransom cell at anchorage. MOA: tanker product theft (siphon). Weapons observed: RPG-7. boarders rifled bridge & masters cabin, stole cash and electronics."
ASAM-2022-02042,2016-02-12T04:00:00,2016,2,5.2266,120.1029,Sulu Sea,Bulk Carrier,Boarded,0,0,AK-47,"Bulk Carrier attacked by Abu Sayyaf maritime cell underway in transit lane. MOA: hostage transfer to Jolo island camps. Weapons observed: RPG-7. boarders rifled bridge & masters cabin, stole cash and electronics."
ASAM-2023-02043,2017-01-11T22:24:00,2017,1,2.4139,5.6544,Gulf of Guinea,Chemical Tanker,Fired Upon,0,0,Knives,"Chemical Tanker attacked by Nigerian kidnap-for-ransom cell in narrow channel. MOA: AK-47 + GPMG armed boarding. Weapons observed: RPG-7. master engaged evasive maneuvers, RPG and small arms fire received."
ASAM-2024-02044,2008-11-28T03:06:00,2008,11,14.3307,49.8387,Gulf of Aden,Fishing Vessel,Attempted,0,0,Unknown,Fishing Vessel attacked by Puntland-based PAG underway in transit lane. MOA: AK-47 small arms suppression. Weapons observed: small arms. approach broken off after master sounded alarm and engaged firehoses.
ASAM-2025-02045,2023-09-21T01:57:00,2023,9,3.5187,3.8436,Gulf of Guinea,General Cargo,Attempted,0,0,Unknown,General Cargo attacked by Nigerian kidnap-for-ransom cell underway in transit lane. MOA: kidnap-for-ransom of officers. Weapons observed: M16 + RPG. approach broken off after master sounded alarm and engaged firehoses.
ASAM-1993-02046,2009-01-04T02:07:00,2009,1,13.9065,45.2854,Gulf of Aden,General Cargo,Boarded,0,0,RPG,"General Cargo attacked by Somali pirate skiff network in narrow channel. MOA: RPG warning shot then boarding. Weapons observed: M16 + RPG. boarders rifled bridge & masters cabin, stole cash and electronics."
ASAM-1994-02047,2018-09-23T01:27:00,2018,9,3.3083,4.9427,Gulf of Guinea,Container Ship,Hijacked,1,17,RPG,"Container Ship attacked by Bakassi Strike Force remnant approx 101nm offshore. MOA: fast attack craft >150nm offshore. Weapons observed: knives/machetes. vessel hijacked, crew of 26 taken to coastal anchorage; 1 crew sustained injuries; 17 crew taken hostage; ransom demand transmitted within 72h."
ASAM-1995-02048,2001-10-19T03:48:00,2001,10,12.9361,50.2487,Gulf of Aden,Tug & Barge,Hijacked,0,20,Small arms,"Tug & Barge attacked by Puntland-based PAG in narrow channel. MOA: AK-47 small arms suppression. Weapons observed: M16 + RPG. vessel hijacked, crew of 17 taken to coastal anchorage; 20 crew taken hostage; ransom demand transmitted within 72h."
ASAM-1996-02049,2003-04-20T17:34:00,2003,4,2.0147,8.7206,Gulf of Guinea,Chemical Tanker,Boarded,0,0,Knives,"Chemical Tanker attacked by Bakassi Strike Force remnant at anchorage. MOA: AK-47 + GPMG armed boarding. Weapons observed: knives/machetes. boarders rifled bridge & masters cabin, stole cash and electronics."
ASAM-1997-02050,2018-03-18T20:07:00,2018,3,5.4296,119.4218,Sulu Sea,Fishing Vessel,Attempted,0,0,Unknown,Fishing Vessel attacked by Sulu archipelago kidnapping ring at anchorage. MOA: M16 + RPG armed boarding. Weapons observed: RPG-7. approach broken off after master sounded alarm and engaged firehoses.
ASAM-1998-02051,2019-11-20T20:59:00,2019,11,13.4223,49.2043,Gulf of Aden,LPG/LNG Tanker,Boarded,0,0,Knives,"LPG/LNG Tanker attacked by Puntland-based PAG at anchorage. MOA: RPG warning shot then boarding. Weapons observed: knives/machetes. boarders rifled bridge & masters cabin, stole cash and electronics."
ASAM-1999-02052,2010-05-12T20:03:00,2010,5,10.921,-64.3159,Caribbean / Venezuelan,Bulk Carrier,Fired Upon,0,0,Small arms,"Bulk Carrier attacked by Venezuelan coastal gang at anchorage. MOA: crew theft + minor injuries. Weapons observed: RPG-7. master engaged evasive maneuvers, RPG and small arms fire received."
ASAM-2000-02053,1994-10-28T03:11:00,1994,10,13.0736,49.7945,Gulf of Aden,Chemical Tanker,Boarded,0,0,Small arms,"Chemical Tanker attacked by Puntland-based PAG underway in transit lane. MOA: AK-47 small arms suppression. Weapons observed: small arms. boarders rifled bridge & masters cabin, stole cash and electronics."
ASAM-2001-02054,2014-08-01T03:38:00,2014,8,4.232,4.0198,Gulf of Guinea,Crude Oil Tanker,Boarded,1,1,Knives,"Crude Oil Tanker attacked by Bakassi Strike Force remnant at anchorage. MOA: AK-47 + GPMG armed boarding. Weapons observed: knives/machetes. boarders rifled bridge & masters cabin, stole cash and electronics; 4 crew sustained injuries; 1 crew taken hostage; ransom demand transmitted within 72h."
ASAM-2002-02055,2001-05-12T23:52:00,2001,5,3.3451,100.5549,Strait of Malacca,Bulk Carrier,Fired Upon,0,0,RPG,"Bulk Carrier attacked by Free Aceh splinter (historical) at anchorage. MOA: nighttime stealth boarding at anchorage. Weapons observed: knives/machetes. master engaged evasive maneuvers, RPG and small arms fire received."
ASAM-2003-02056,2000-04-08T03:37:00,2000,4,12.8833,-66.1727,Caribbean / Venezuelan,Crude Oil Tanker,Attempted,0,0,AK-47,Crude Oil Tanker attacked by Trinidad-Tobago smuggler crew in narrow channel. MOA: yacht boarding at anchorage. Weapons observed: knives/machetes. approach broken off after master sounded alarm and engaged firehoses.
ASAM-2004-02057,2011-08-03T10:46:00,2011,8,10.2489,-65.322,Caribbean / Venezuelan,Bulk Carrier,Attempted,0,0,RPG,Bulk Carrier attacked by Venezuelan coastal gang approx 98nm offshore. MOA: crew theft + minor injuries. Weapons observed: RPG-7. approach broken off after master sounded alarm and engaged firehoses.
ASAM-2005-02058,2011-11-28T02:11:00,2011,11,13.693,51.3506,Gulf of Aden,Fishing Vessel,Suspicious Approach,0,0,RPG,Fishing Vessel attacked by Somali pirate skiff network in narrow channel. MOA: AK-47 small arms suppression. Weapons observed: small arms. unidentified skiff shadowed vessel for 18 minutes before withdrawing.
ASAM-2006-02059,1993-12-27T18:07:00,1993,12,4.1474,7.1594,Gulf of Guinea,Crude Oil Tanker,Attempted,0,0,Unknown,Crude Oil Tanker attacked by Bakassi Strike Force remnant approx 128nm offshore. MOA: tanker product theft (siphon). Weapons observed: small arms. approach broken off after master sounded alarm and engaged firehoses.
ASAM-2007-02060,2010-12-21T01:22:00,2010,12,14.3618,51.0561,Gulf of Aden,General Cargo,Boarded,1,0,RPG,"General Cargo attacked by Somali pirate skiff network underway in transit lane. MOA: RPG warning shot then boarding. Weapons observed: AK-47. boarders rifled bridge & masters cabin, stole cash and electronics; 4 crew sustained injuries."
ASAM-2008-02061,2023-11-20T21:02:00,2023,11,2.9168,99.4821,Strait of Malacca,Fishing Vessel,Attempted,0,0,RPG,Fishing Vessel attacked by Free Aceh splinter (historical) approx 206nm offshore. MOA: nighttime stealth boarding at anchorage. Weapons observed: RPG-7. approach broken off after master sounded alarm and engaged firehoses.
ASAM-2009-02062,2019-11-03T10:31:00,2019,11,4.6512,7.8693,Gulf of Guinea,Chemical Tanker,Fired Upon,0,0,Unknown,"Chemical Tanker attacked by Nigerian kidnap-for-ransom cell approx 161nm offshore. MOA: fast attack craft >150nm offshore. Weapons observed: knives/machetes. master engaged evasive maneuvers, RPG and small arms fire received."
ASAM-2010-02063,2018-08-21T18:04:00,2018,8,6.4737,120.3015,Sulu Sea,Bulk Carrier,Boarded,0,0,Knives,"Bulk Carrier attacked by Abu Sayyaf maritime cell in narrow channel. MOA: abduction of fishing crew. Weapons observed: small arms. boarders rifled bridge & masters cabin, stole cash and electronics."
ASAM-2011-02064,2020-10-20T22:00:00,2020,10,7.262,6.668,Gulf of Guinea,Bulk Carrier,Attempted,0,0,Small arms,Bulk Carrier attacked by Bakassi Strike Force remnant approx 149nm offshore. MOA: fast attack craft >150nm offshore. Weapons observed: M16 + RPG. approach broken off after master sounded alarm and engaged firehoses.
ASAM-2012-02065,2012-09-24T05:57:00,2012,9,4.2295,4.908,Gulf of Guinea,Fishing Vessel,Hijacked,0,12,Unknown,"Fishing Vessel attacked by Niger Delta militant offshoot in narrow channel. MOA: fast attack craft >150nm offshore. Weapons observed: M16 + RPG. vessel hijacked, crew of 14 taken to coastal anchorage; 12 crew taken hostage; ransom demand transmitted within 72h."
ASAM-2013-02066,1997-06-08T02:49:00,1997,6,9.4152,110.8428,South China Sea,Container Ship,Attempted,0,0,Small arms,Container Ship attacked by Filipino anchor-rob crew approx 218nm offshore. MOA: product theft (diesel siphoning). Weapons observed: small arms. approach broken off after master sounded alarm and engaged firehoses.
ASAM-2014-02067,2012-10-25T17:26:00,2012,10,13.7276,47.5258,Gulf of Aden,General Cargo,Hijacked,0,25,Knives,"General Cargo attacked by Hobyo-Harardhere PAG at anchorage. MOA: AK-47 small arms suppression. Weapons observed: AK-47. vessel hijacked, crew of 19 taken to coastal anchorage; 25 crew taken hostage; ransom demand transmitted within 72h."
ASAM-2015-02068,2009-11-07T01:08:00,2009,11,5.4767,119.1684,Sulu Sea,Chemical Tanker,Boarded,0,0,RPG,"Chemical Tanker attacked by BIFF splinter group underway in transit lane. MOA: abduction of fishing crew. Weapons observed: AK-47. boarders rifled bridge & masters cabin, stole cash and electronics."
ASAM-2016-02069,2011-05-28T22:27:00,2011,5,4.1842,100.4552,Strait of Malacca,Bulk Carrier,Attempted,0,0,AK-47,"Bulk Carrier attacked by Free Aceh splinter (historical) underway in transit lane. MOA: knife-armed boarders, no firearms. Weapons observed: M16 + RPG. approach broken off after master sounded alarm and engaged firehoses."
ASAM-2017-02070,2020-08-08T21:16:00,2020,8,2.2421,3.2555,Gulf of Guinea,RoRo Vehicle Carrier,Boarded,0,0,Small arms,"RoRo Vehicle Carrier attacked by Nigerian kidnap-for-ransom cell in narrow channel. MOA: tanker product theft (siphon). Weapons observed: knives/machetes. boarders rifled bridge & masters cabin, stole cash and electronics."
ASAM-2018-02071,2010-05-18T22:45:00,2010,5,6.4579,120.8763,Sulu Sea,General Cargo,Attempted,0,0,Knives,General Cargo attacked by Abu Sayyaf maritime cell in narrow channel. MOA: abduction of fishing crew. Weapons observed: knives/machetes. approach broken off after master sounded alarm and engaged firehoses.
ASAM-2019-02072,2019-07-17T18:36:00,2019,7,13.2253,47.214,Gulf of Aden,Tug & Barge,Attempted,0,0,RPG,Tug & Barge attacked by Somali pirate skiff network in narrow channel. MOA: RPG warning shot then boarding. Weapons observed: AK-47. approach broken off after master sounded alarm and engaged firehoses.
ASAM-2020-02073,2004-12-14T07:01:00,2004,12,2.1273,99.4893,Strait of Malacca,Fishing Vessel,Attempted,0,0,AK-47,Fishing Vessel attacked by Riau Archipelago armed robbers underway in transit lane. MOA: fast skiff rob at narrow channel. Weapons observed: small arms. approach broken off after master sounded alarm and engaged firehoses.
ASAM-2021-02074,1999-12-04T21:14:00,1999,12,2.9138,7.6,Gulf of Guinea,Chemical Tanker,Boarded,0,0,Unknown,"Chemical Tanker attacked by Bakassi Strike Force remnant underway in transit lane. MOA: tanker product theft (siphon). Weapons observed: small arms. boarders rifled bridge & masters cabin, stole cash and electronics."
ASAM-2022-02075,2011-05-18T03:42:00,2011,5,15.062,48.0009,Gulf of Aden,Fishing Vessel,Hijacked,1,10,RPG,"Fishing Vessel attacked by Hobyo-Harardhere PAG underway in transit lane. MOA: mothership-launched skiff swarm. Weapons observed: knives/machetes. vessel hijacked, crew of 19 taken to coastal anchorage; 3 crew sustained injuries; 10 crew taken hostage; ransom demand transmitted within 72h."
ASAM-2023-02076,2008-02-17T21:39:00,2008,2,12.0811,48.8062,Gulf of Aden,Bulk Carrier,Hijacked,1,20,RPG,"Bulk Carrier attacked by Somali pirate skiff network in narrow channel. MOA: mothership-launched skiff swarm. Weapons observed: RPG-7. vessel hijacked, crew of 23 taken to coastal anchorage; 3 crew sustained injuries; 20 crew taken hostage; ransom demand transmitted within 72h."
ASAM-2024-02077,2006-07-12T20:02:00,2006,7,8.7289,113.3832,South China Sea,General Cargo,Boarded,1,0,Unknown,"General Cargo attacked by Vietnamese coastal robbers approx 40nm offshore. MOA: product theft (diesel siphoning). Weapons observed: small arms. boarders rifled bridge & masters cabin, stole cash and electronics; 1 crew sustained injuries."
ASAM-2025-02078,2019-07-26T19:59:00,2019,7,3.929,6.4008,Gulf of Guinea,LPG/LNG Tanker,Boarded,0,0,Small arms,"LPG/LNG Tanker attacked by Nigerian kidnap-for-ransom cell underway in transit lane. MOA: AK-47 + GPMG armed boarding. Weapons observed: AK-47. boarders rifled bridge & masters cabin, stole cash and electronics."
ASAM-1993-02079,2004-11-04T23:57:00,2004,11,3.3287,99.0897,Strait of Malacca,Container Ship,Boarded,0,0,Small arms,"Container Ship attacked by Indonesian coastal gang at anchorage. MOA: crew rob & flee in <30 min. Weapons observed: RPG-7. boarders rifled bridge & masters cabin, stole cash and electronics."
ASAM-1994-02080,2018-05-27T12:10:00,2018,5,4.2379,6.5265,Gulf of Guinea,Container Ship,Fired Upon,0,0,Knives,"Container Ship attacked by Bakassi Strike Force remnant at anchorage. MOA: tanker product theft (siphon). Weapons observed: knives/machetes. master engaged evasive maneuvers, RPG and small arms fire received."
ASAM-1995-02081,2005-01-10T22:00:00,2005,1,4.4727,102.5835,Strait of Malacca,Chemical Tanker,Boarded,0,0,Unknown,"Chemical Tanker attacked by Riau Archipelago armed robbers approx 264nm offshore. MOA: nighttime stealth boarding at anchorage. Weapons observed: knives/machetes. boarders rifled bridge & masters cabin, stole cash and electronics."
ASAM-1996-02082,2016-02-17T06:37:00,2016,2,3.4566,100.247,Strait of Malacca,Bulk Carrier,Boarded,0,3,AK-47,"Bulk Carrier attacked by Riau Archipelago armed robbers underway in transit lane. MOA: knife-armed boarders, no firearms. Weapons observed: M16 + RPG. boarders rifled bridge & masters cabin, stole cash and electronics; 3 crew taken hostage; ransom demand transmitted within 72h."
ASAM-1997-02083,2010-10-24T20:37:00,2010,10,12.6745,52.5933,Gulf of Aden,General Cargo,Boarded,0,0,Unknown,"General Cargo attacked by Somali pirate skiff network approx 96nm offshore. MOA: mothership-launched skiff swarm. Weapons observed: AK-47. boarders rifled bridge & masters cabin, stole cash and electronics."
ASAM-1998-02084,2006-05-24T15:22:00,2006,5,6.281,97.8496,Strait of Malacca,General Cargo,Attempted,0,0,Knives,"General Cargo attacked by Free Aceh splinter (historical) in narrow channel. MOA: knife-armed boarders, no firearms. Weapons observed: M16 + RPG. approach broken off after master sounded alarm and engaged firehoses."
ASAM-1999-02085,2017-06-13T03:13:00,2017,6,6.4186,121.6224,Sulu Sea,Container Ship,Fired Upon,1,0,Unknown,"Container Ship attacked by Sulu archipelago kidnapping ring underway in transit lane. MOA: abduction of fishing crew. Weapons observed: AK-47. master engaged evasive maneuvers, RPG and small arms fire received; 2 crew sustained injuries."
ASAM-2000-02086,2021-07-24T05:57:00,2021,7,3.5335,7.373,Gulf of Guinea,Container Ship,Hijacked,0,14,RPG,"Container Ship attacked by Niger Delta militant offshoot underway in transit lane. MOA: tanker product theft (siphon). Weapons observed: M16 + RPG. vessel hijacked, crew of 12 taken to coastal anchorage; 14 crew taken hostage; ransom demand transmitted within 72h."
ASAM-2001-02087,2003-06-10T21:34:00,2003,6,3.164,4.5711,Gulf of Guinea,Bulk Carrier,Boarded,0,0,Knives,"Bulk Carrier attacked by Niger Delta militant offshoot at anchorage. MOA: fast attack craft >150nm offshore. Weapons observed: knives/machetes. boarders rifled bridge & masters cabin, stole cash and electronics."
ASAM-2002-02088,2005-05-13T03:18:00,2005,5,3.177,99.5831,Strait of Malacca,Yacht,Suspicious Approach,0,0,Knives,Yacht attacked by Free Aceh splinter (historical) in narrow channel. MOA: crew rob & flee in <30 min. Weapons observed: small arms. unidentified skiff shadowed vessel for 18 minutes before withdrawing.
ASAM-2003-02089,2011-03-25T07:46:00,2011,3,14.1744,49.6471,Gulf of Aden,Crude Oil Tanker,Attempted,0,0,Knives,Crude Oil Tanker attacked by Hobyo-Harardhere PAG in narrow channel. MOA: grappling hook boarding at low freeboard. Weapons observed: small arms. approach broken off after master sounded alarm and engaged firehoses.
ASAM-2004-02090,2014-06-27T00:01:00,2014,6,7.2962,113.9917,South China Sea,Fishing Vessel,Attempted,0,0,Small arms,Fishing Vessel attacked by Vietnamese coastal robbers underway in transit lane. MOA: stealth anchorage boarding. Weapons observed: M16 + RPG. approach broken off after master sounded alarm and engaged firehoses.
ASAM-2005-02091,2003-09-08T03:30:00,2003,9,14.0195,45.7935,Gulf of Aden,LPG/LNG Tanker,Attempted,0,0,Small arms,LPG/LNG Tanker attacked by Somali pirate skiff network at anchorage. MOA: RPG warning shot then boarding. Weapons observed: M16 + RPG. approach broken off after master sounded alarm and engaged firehoses.
ASAM-2006-02092,1998-05-26T03:27:00,1998,5,8.3092,111.1145,South China Sea,Yacht,Attempted,0,0,Small arms,Yacht attacked by Vietnamese coastal robbers underway in transit lane. MOA: product theft (diesel siphoning). Weapons observed: M16 + RPG. approach broken off after master sounded alarm and engaged firehoses.
ASAM-2007-02093,2018-12-05T21:27:00,2018,12,6.9052,121.2044,Sulu Sea,Container Ship,Hijacked,0,11,Small arms,"Container Ship attacked by Sulu archipelago kidnapping ring approx 20nm offshore. MOA: M16 + RPG armed boarding. Weapons observed: RPG-7. vessel hijacked, crew of 22 taken to coastal anchorage; 11 crew taken hostage; ransom demand transmitted within 72h."
ASAM-2008-02094,2002-05-13T05:39:00,2002,5,12.9997,47.3037,Gulf of Aden,Container Ship,Boarded,1,3,Knives,"Container Ship attacked by Puntland-based PAG at anchorage. MOA: AK-47 small arms suppression. Weapons observed: small arms. boarders rifled bridge & masters cabin, stole cash and electronics; 1 crew sustained injuries; 3 crew taken hostage; ransom demand transmitted within 72h."
ASAM-2009-02095,2021-05-21T21:31:00,2021,5,3.4477,2.4769,Gulf of Guinea,Bulk Carrier,Boarded,0,0,RPG,"Bulk Carrier attacked by Nigerian kidnap-for-ransom cell underway in transit lane. MOA: tanker product theft (siphon). Weapons observed: M16 + RPG. boarders rifled bridge & masters cabin, stole cash and electronics."
ASAM-2010-02096,2019-04-15T19:13:00,2019,4,4.1998,7.7428,Gulf of Guinea,Container Ship,Boarded,0,3,AK-47,"Container Ship attacked by Nigerian kidnap-for-ransom cell approx 258nm offshore. MOA: tanker product theft (siphon). Weapons observed: small arms. boarders rifled bridge & masters cabin, stole cash and electronics; 3 crew taken hostage; ransom demand transmitted within 72h."
ASAM-2011-02097,2025-02-01T02:43:00,2025,2,12.6014,50.0663,Gulf of Aden,Bulk Carrier,Boarded,0,3,Unknown,"Bulk Carrier attacked by Puntland-based PAG at anchorage. MOA: RPG warning shot then boarding. Weapons observed: M16 + RPG. boarders rifled bridge & masters cabin, stole cash and electronics; 3 crew taken hostage; ransom demand transmitted within 72h."
ASAM-2012-02098,2006-01-18T21:57:00,2006,1,2.1817,101.7031,Strait of Malacca,Chemical Tanker,Attempted,0,0,Unknown,Chemical Tanker attacked by Indonesian coastal gang approx 259nm offshore. MOA: fast skiff rob at narrow channel. Weapons observed: RPG-7. approach broken off after master sounded alarm and engaged firehoses.
ASAM-2013-02099,2006-10-14T05:07:00,2006,10,3.3003,101.0113,Strait of Malacca,Chemical Tanker,Attempted,1,0,AK-47,Chemical Tanker attacked by Indonesian coastal gang at anchorage. MOA: fast skiff rob at narrow channel. Weapons observed: M16 + RPG. approach broken off after master sounded alarm and engaged firehoses; 1 crew sustained injuries.
ASAM-2014-02100,2001-08-13T03:24:00,2001,8,12.9881,46.2318,Gulf of Aden,Fishing Vessel,Fired Upon,0,0,Unknown,"Fishing Vessel attacked by Puntland-based PAG underway in transit lane. MOA: mothership-launched skiff swarm. Weapons observed: M16 + RPG. master engaged evasive maneuvers, RPG and small arms fire received."
ASAM-2015-02101,2006-02-27T01:45:00,2006,2,4.108,3.7914,Gulf of Guinea,Bulk Carrier,Hijacked,0,24,Knives,"Bulk Carrier attacked by Bakassi Strike Force remnant approx 84nm offshore. MOA: fast attack craft >150nm offshore. Weapons observed: small arms. vessel hijacked, crew of 25 taken to coastal anchorage; 24 crew taken hostage; ransom demand transmitted within 72h."
ASAM-2016-02102,2016-09-25T02:52:00,2016,9,12.862,50.128,Gulf of Aden,General Cargo,Boarded,0,0,Knives,"General Cargo attacked by Somali pirate skiff network in narrow channel. MOA: mothership-launched skiff swarm. Weapons observed: knives/machetes. boarders rifled bridge & masters cabin, stole cash and electronics."
ASAM-2017-02103,2009-11-15T02:15:00,2009,11,6.3935,121.653,Sulu Sea,LPG/LNG Tanker,Boarded,0,0,AK-47,"LPG/LNG Tanker attacked by BIFF splinter group approx 236nm offshore. MOA: abduction of fishing crew. Weapons observed: AK-47. boarders rifled bridge & masters cabin, stole cash and electronics."
ASAM-2018-02104,2001-04-25T04:21:00,2001,4,3.2688,98.2657,Strait of Malacca,LPG/LNG Tanker,Boarded,0,4,AK-47,"LPG/LNG Tanker attacked by Indonesian coastal gang underway in transit lane. MOA: nighttime stealth boarding at anchorage. Weapons observed: AK-47. boarders rifled bridge & masters cabin, stole cash and electronics; 4 crew taken hostage; ransom demand transmitted within 72h."
ASAM-2019-02105,1995-08-10T04:22:00,1995,8,5.7982,3.4209,Gulf of Guinea,Chemical Tanker,Attempted,0,0,Unknown,Chemical Tanker attacked by Nigerian kidnap-for-ransom cell approx 218nm offshore. MOA: fast attack craft >150nm offshore. Weapons observed: M16 + RPG. approach broken off after master sounded alarm and engaged firehoses.
ASAM-2020-02106,2010-05-22T20:53:00,2010,5,4.2009,4.5895,Gulf of Guinea,Bulk Carrier,Attempted,1,0,Unknown,Bulk Carrier attacked by Nigerian kidnap-for-ransom cell underway in transit lane. MOA: kidnap-for-ransom of officers. Weapons observed: AK-47. approach broken off after master sounded alarm and engaged firehoses; 1 crew sustained injuries.
ASAM-2021-02107,2016-05-08T03:19:00,2016,5,6.2902,121.1093,Sulu Sea,Fishing Vessel,Boarded,1,0,Small arms,"Fishing Vessel attacked by Abu Sayyaf maritime cell at anchorage. MOA: hostage transfer to Jolo island camps. Weapons observed: AK-47. boarders rifled bridge & masters cabin, stole cash and electronics; 2 crew sustained injuries."
ASAM-2022-02108,2018-09-13T03:20:00,2018,9,13.4894,49.1922,Gulf of Aden,Bulk Carrier,Boarded,0,0,AK-47,"Bulk Carrier attacked by Puntland-based PAG underway in transit lane. MOA: mothership-launched skiff swarm. Weapons observed: M16 + RPG. boarders rifled bridge & masters cabin, stole cash and electronics."
ASAM-2023-02109,2004-12-12T04:25:00,2004,12,3.8509,100.6912,Strait of Malacca,Yacht,Boarded,0,0,Small arms,"Yacht attacked by Indonesian coastal gang underway in transit lane. MOA: nighttime stealth boarding at anchorage. Weapons observed: RPG-7. boarders rifled bridge & masters cabin, stole cash and electronics."
ASAM-2024-02110,1999-11-15T03:45:00,1999,11,2.2329,4.5562,Gulf of Guinea,Bulk Carrier,Attempted,0,0,Unknown,Bulk Carrier attacked by Niger Delta militant offshoot at anchorage. MOA: tanker product theft (siphon). Weapons observed: RPG-7. approach broken off after master sounded alarm and engaged firehoses.
ASAM-2025-02111,2013-04-15T16:02:00,2013,4,6.7656,119.5178,Sulu Sea,Chemical Tanker,Boarded,0,0,Small arms,"Chemical Tanker attacked by Abu Sayyaf maritime cell approx 216nm offshore. MOA: M16 + RPG armed boarding. Weapons observed: M16 + RPG. boarders rifled bridge & masters cabin, stole cash and electronics."
ASAM-1993-02112,2017-07-23T14:37:00,2017,7,5.8094,120.9199,Sulu Sea,LPG/LNG Tanker,Attempted,0,0,RPG,LPG/LNG Tanker attacked by BIFF splinter group at anchorage. MOA: hostage transfer to Jolo island camps. Weapons observed: M16 + RPG. approach broken off after master sounded alarm and engaged firehoses.
ASAM-1994-02113,2004-10-23T22:41:00,2004,10,3.62,101.1627,Strait of Malacca,Fishing Vessel,Attempted,0,0,AK-47,Fishing Vessel attacked by Free Aceh splinter (historical) underway in transit lane. MOA: fast skiff rob at narrow channel. Weapons observed: RPG-7. approach broken off after master sounded alarm and engaged firehoses.
ASAM-1995-02114,2003-03-24T03:09:00,2003,3,13.3816,45.0157,Gulf of Aden,General Cargo,Boarded,0,0,Knives,"General Cargo attacked by Somali pirate skiff network approx 245nm offshore. MOA: RPG warning shot then boarding. Weapons observed: AK-47. boarders rifled bridge & masters cabin, stole cash and electronics."
ASAM-1996-02115,2008-09-11T02:18:00,2008,9,6.1923,121.3332,Sulu Sea,Chemical Tanker,Attempted,0,0,Small arms,Chemical Tanker attacked by BIFF splinter group in narrow channel. MOA: abduction of fishing crew. Weapons observed: RPG-7. approach broken off after master sounded alarm and engaged firehoses.
ASAM-1997-02116,2012-12-10T06:03:00,2012,12,13.6208,51.2156,Gulf of Aden,General Cargo,Attempted,0,0,Knives,General Cargo attacked by Hobyo-Harardhere PAG approx 50nm offshore. MOA: AK-47 small arms suppression. Weapons observed: knives/machetes. approach broken off after master sounded alarm and engaged firehoses.
ASAM-1998-02117,2014-05-25T00:23:00,2014,5,5.0513,8.2174,Gulf of Guinea,Fishing Vessel,Attempted,0,0,Unknown,Fishing Vessel attacked by Nigerian kidnap-for-ransom cell underway in transit lane. MOA: AK-47 + GPMG armed boarding. Weapons observed: small arms. approach broken off after master sounded alarm and engaged firehoses.
ASAM-1999-02118,2006-08-04T21:46:00,2006,8,2.905,100.3274,Strait of Malacca,Bulk Carrier,Attempted,0,0,Knives,Bulk Carrier attacked by Indonesian coastal gang approx 83nm offshore. MOA: crew rob & flee in <30 min. Weapons observed: knives/machetes. approach broken off after master sounded alarm and engaged firehoses.
ASAM-2000-02119,2004-05-23T10:46:00,2004,5,6.1896,118.5866,Sulu Sea,Bulk Carrier,Boarded,0,0,Small arms,"Bulk Carrier attacked by BIFF splinter group underway in transit lane. MOA: M16 + RPG armed boarding. Weapons observed: AK-47. boarders rifled bridge & masters cabin, stole cash and electronics."
ASAM-2001-02120,2012-12-03T02:03:00,2012,12,4.3562,102.813,Strait of Malacca,Crude Oil Tanker,Attempted,0,0,Knives,"Crude Oil Tanker attacked by Free Aceh splinter (historical) approx 81nm offshore. MOA: knife-armed boarders, no firearms. Weapons observed: knives/machetes. approach broken off after master sounded alarm and engaged firehoses."
ASAM-2002-02121,1993-02-18T01:00:00,1993,2,11.8567,49.6327,Gulf of Aden,Yacht,Attempted,0,0,Knives,Yacht attacked by Somali pirate skiff network at anchorage. MOA: grappling hook boarding at low freeboard. Weapons observed: AK-47. approach broken off after master sounded alarm and engaged firehoses.
ASAM-2003-02122,2016-03-04T07:36:00,2016,3,4.9319,122.6906,Sulu Sea,Bulk Carrier,Boarded,0,0,Unknown,"Bulk Carrier attacked by BIFF splinter group approx 34nm offshore. MOA: abduction of fishing crew. Weapons observed: RPG-7. boarders rifled bridge & masters cabin, stole cash and electronics."
ASAM-2004-02123,2018-04-15T02:56:00,2018,4,3.6884,5.6341,Gulf of Guinea,Container Ship,Attempted,0,0,RPG,Container Ship attacked by Bakassi Strike Force remnant at anchorage. MOA: fast attack craft >150nm offshore. Weapons observed: knives/machetes. approach broken off after master sounded alarm and engaged firehoses.
ASAM-2005-02124,2012-09-16T19:56:00,2012,9,11.1838,44.642,Gulf of Aden,Crude Oil Tanker,Boarded,0,0,Knives,"Crude Oil Tanker attacked by Puntland-based PAG at anchorage. MOA: mothership-launched skiff swarm. Weapons observed: AK-47. boarders rifled bridge & masters cabin, stole cash and electronics."
ASAM-2006-02125,2005-12-23T19:35:00,2005,12,2.562,99.6269,Strait of Malacca,Chemical Tanker,Hijacked,0,22,RPG,"Chemical Tanker attacked by Indonesian coastal gang in narrow channel. MOA: knife-armed boarders, no firearms. Weapons observed: AK-47. vessel hijacked, crew of 19 taken to coastal anchorage; 22 crew taken hostage; ransom demand transmitted within 72h."
ASAM-2007-02126,2017-12-27T00:13:00,2017,12,5.3847,3.7935,Gulf of Guinea,LPG/LNG Tanker,Boarded,0,0,RPG,"LPG/LNG Tanker attacked by Bakassi Strike Force remnant in narrow channel. MOA: tanker product theft (siphon). Weapons observed: small arms. boarders rifled bridge & masters cabin, stole cash and electronics."
ASAM-2008-02127,2014-02-02T19:14:00,2014,2,12.5736,111.5238,South China Sea,Crude Oil Tanker,Fired Upon,0,0,Knives,"Crude Oil Tanker attacked by Vietnamese coastal robbers approx 72nm offshore. MOA: stealth anchorage boarding. Weapons observed: M16 + RPG. master engaged evasive maneuvers, RPG and small arms fire received."
ASAM-2009-02128,1993-04-23T06:37:00,1993,4,13.3443,47.5126,Gulf of Aden,Container Ship,Boarded,1,0,Knives,"Container Ship attacked by Somali pirate skiff network underway in transit lane. MOA: AK-47 small arms suppression. Weapons observed: M16 + RPG. boarders rifled bridge & masters cabin, stole cash and electronics; 4 crew sustained injuries."
ASAM-2010-02129,1999-11-12T11:22:00,1999,11,12.6877,49.6096,Gulf of Aden,Fishing Vessel,Boarded,1,0,Small arms,"Fishing Vessel attacked by Puntland-based PAG underway in transit lane. MOA: RPG warning shot then boarding. Weapons observed: M16 + RPG. boarders rifled bridge & masters cabin, stole cash and electronics; 3 crew sustained injuries."
ASAM-2011-02130,1993-10-19T11:06:00,1993,10,4.1857,7.7748,Gulf of Guinea,Yacht,Suspicious Approach,0,0,Small arms,Yacht attacked by Nigerian kidnap-for-ransom cell in narrow channel. MOA: kidnap-for-ransom of officers. Weapons observed: AK-47. unidentified skiff shadowed vessel for 18 minutes before withdrawing.
ASAM-2012-02131,2011-06-24T07:08:00,2011,6,12.7423,48.0776,Gulf of Aden,Container Ship,Attempted,0,0,Knives,Container Ship attacked by Puntland-based PAG underway in transit lane. MOA: mothership-launched skiff swarm. Weapons observed: M16 + RPG. approach broken off after master sounded alarm and engaged firehoses.
ASAM-2013-02132,2008-09-06T03:38:00,2008,9,13.1253,49.5613,Gulf of Aden,Container Ship,Suspicious Approach,0,0,RPG,Container Ship attacked by Hobyo-Harardhere PAG approx 236nm offshore. MOA: RPG warning shot then boarding. Weapons observed: small arms. unidentified skiff shadowed vessel for 18 minutes before withdrawing.
ASAM-2014-02133,2011-06-26T04:36:00,2011,6,12.9037,49.1861,Gulf of Aden,Tug & Barge,Boarded,1,0,AK-47,"Tug & Barge attacked by Somali pirate skiff network at anchorage. MOA: grappling hook boarding at low freeboard. Weapons observed: AK-47. boarders rifled bridge & masters cabin, stole cash and electronics; 2 crew sustained injuries."
ASAM-2015-02134,2016-01-09T05:23:00,2016,1,3.8894,6.0396,Gulf of Guinea,Bulk Carrier,Boarded,0,1,Knives,"Bulk Carrier attacked by Nigerian kidnap-for-ransom cell at anchorage. MOA: kidnap-for-ransom of officers. Weapons observed: small arms. boarders rifled bridge & masters cabin, stole cash and electronics; 1 crew taken hostage; ransom demand transmitted within 72h."
ASAM-2016-02135,2008-10-26T21:37:00,2008,10,4.1883,100.6836,Strait of Malacca,Bulk Carrier,Boarded,0,0,RPG,"Bulk Carrier attacked by Free Aceh splinter (historical) approx 168nm offshore. MOA: nighttime stealth boarding at anchorage. Weapons observed: small arms. boarders rifled bridge & masters cabin, stole cash and electronics."
ASAM-2017-02136,2018-12-06T02:25:00,2018,12,6.4493,119.4645,Sulu Sea,Bulk Carrier,Attempted,0,0,Knives,Bulk Carrier attacked by Sulu archipelago kidnapping ring underway in transit lane. MOA: abduction of fishing crew. Weapons observed: M16 + RPG. approach broken off after master sounded alarm and engaged firehoses.
ASAM-2018-02137,2004-06-21T12:35:00,2004,6,7.9024,111.8156,South China Sea,General Cargo,Fired Upon,0,0,AK-47,"General Cargo attacked by Filipino anchor-rob crew at anchorage. MOA: product theft (diesel siphoning). Weapons observed: M16 + RPG. master engaged evasive maneuvers, RPG and small arms fire received."
ASAM-2019-02138,2008-10-03T16:40:00,2008,10,13.4996,46.4426,Gulf of Aden,Fishing Vessel,Fired Upon,0,0,RPG,"Fishing Vessel attacked by Hobyo-Harardhere PAG approx 46nm offshore. MOA: mothership-launched skiff swarm. Weapons observed: AK-47. master engaged evasive maneuvers, RPG and small arms fire received."
ASAM-2020-02139,2019-02-24T04:11:00,2019,2,10.5548,-62.3301,Caribbean / Venezuelan,Container Ship,Attempted,1,0,Unknown,Container Ship attacked by Trinidad-Tobago smuggler crew in narrow channel. MOA: crew theft + minor injuries. Weapons observed: knives/machetes. approach broken off after master sounded alarm and engaged firehoses; 2 crew sustained injuries.
ASAM-2021-02140,2009-09-12T23:00:00,2009,9,12.6612,51.4681,Gulf of Aden,Chemical Tanker,Attempted,0,0,Knives,Chemical Tanker attacked by Somali pirate skiff network in narrow channel. MOA: grappling hook boarding at low freeboard. Weapons observed: knives/machetes. approach broken off after master sounded alarm and engaged firehoses.
ASAM-2022-02141,2018-04-06T01:06:00,2018,4,6.7316,5.7106,Gulf of Guinea,LPG/LNG Tanker,Hijacked,0,23,Small arms,"LPG/LNG Tanker attacked by Bakassi Strike Force remnant approx 125nm offshore. MOA: fast attack craft >150nm offshore. Weapons observed: M16 + RPG. vessel hijacked, crew of 19 taken to coastal anchorage; 23 crew taken hostage; ransom demand transmitted within 72h."
ASAM-2023-02142,2017-11-23T04:14:00,2017,11,5.8812,121.1614,Sulu Sea,Container Ship,Boarded,0,6,Unknown,"Container Ship attacked by Sulu archipelago kidnapping ring underway in transit lane. MOA: hostage transfer to Jolo island camps. Weapons observed: RPG-7. boarders rifled bridge & masters cabin, stole cash and electronics; 6 crew taken hostage; ransom demand transmitted within 72h."
ASAM-2024-02143,2010-10-09T21:01:00,2010,10,13.3315,47.1945,Gulf of Aden,Offshore Supply,Attempted,0,0,RPG,Offshore Supply attacked by Hobyo-Harardhere PAG approx 57nm offshore. MOA: AK-47 small arms suppression. Weapons observed: knives/machetes. approach broken off after master sounded alarm and engaged firehoses.
ASAM-2025-02144,2012-07-28T22:03:00,2012,7,5.6909,99.6397,Strait of Malacca,Crude Oil Tanker,Hijacked,0,9,Knives,"Crude Oil Tanker attacked by Free Aceh splinter (historical) at anchorage. MOA: fast skiff rob at narrow channel. Weapons observed: small arms. vessel hijacked, crew of 24 taken to coastal anchorage; 9 crew taken hostage; ransom demand transmitted within 72h."
ASAM-1993-02145,2018-04-03T05:58:00,2018,4,6.8435,121.3243,Sulu Sea,Crude Oil Tanker,Attempted,0,0,RPG,Crude Oil Tanker attacked by BIFF splinter group in narrow channel. MOA: hostage transfer to Jolo island camps. Weapons observed: RPG-7. approach broken off after master sounded alarm and engaged firehoses.
ASAM-1994-02146,2010-08-26T00:07:00,2010,8,13.3272,51.0282,Gulf of Aden,Crude Oil Tanker,Attempted,0,0,Unknown,Crude Oil Tanker attacked by Puntland-based PAG approx 112nm offshore. MOA: grappling hook boarding at low freeboard. Weapons observed: M16 + RPG. approach broken off after master sounded alarm and engaged firehoses.
ASAM-1995-02147,1998-02-06T17:41:00,1998,2,12.6031,47.4863,Gulf of Aden,Container Ship,Boarded,0,0,Unknown,"Container Ship attacked by Puntland-based PAG underway in transit lane. MOA: mothership-launched skiff swarm. Weapons observed: AK-47. boarders rifled bridge & masters cabin, stole cash and electronics."
ASAM-1996-02148,2018-04-03T21:24:00,2018,4,6.6372,120.954,Sulu Sea,Container Ship,Attempted,0,0,RPG,Container Ship attacked by Sulu archipelago kidnapping ring underway in transit lane. MOA: abduction of fishing crew. Weapons observed: small arms. approach broken off after master sounded alarm and engaged firehoses.
ASAM-1997-02149,2019-06-05T01:38:00,2019,6,13.517,50.0614,Gulf of Aden,General Cargo,Attempted,0,0,AK-47,General Cargo attacked by Hobyo-Harardhere PAG at anchorage. MOA: RPG warning shot then boarding. Weapons observed: AK-47. approach broken off after master sounded alarm and engaged firehoses.
ASAM-1998-02150,2017-07-27T00:31:00,2017,7,6.8602,120.0427,Sulu Sea,LPG/LNG Tanker,Attempted,0,0,Unknown,LPG/LNG Tanker attacked by Abu Sayyaf maritime cell at anchorage. MOA: hostage transfer to Jolo island camps. Weapons observed: knives/machetes. approach broken off after master sounded alarm and engaged firehoses.
ASAM-1999-02151,1993-01-13T20:16:00,1993,1,12.4006,48.0531,Gulf of Aden,Chemical Tanker,Boarded,1,0,Unknown,"Chemical Tanker attacked by Somali pirate skiff network underway in transit lane. MOA: RPG warning shot then boarding. Weapons observed: RPG-7. boarders rifled bridge & masters cabin, stole cash and electronics; 1 crew sustained injuries."
ASAM-2000-02152,2018-11-12T20:30:00,2018,11,1.7687,6.321,Gulf of Guinea,General Cargo,Boarded,0,0,RPG,"General Cargo attacked by Bakassi Strike Force remnant at anchorage. MOA: AK-47 + GPMG armed boarding. Weapons observed: small arms. boarders rifled bridge & masters cabin, stole cash and electronics."
ASAM-2001-02153,2004-02-19T03:17:00,2004,2,2.8357,98.6909,Strait of Malacca,General Cargo,Attempted,0,0,Unknown,"General Cargo attacked by Indonesian coastal gang in narrow channel. MOA: knife-armed boarders, no firearms. Weapons observed: AK-47. approach broken off after master sounded alarm and engaged firehoses."
ASAM-2002-02154,2005-03-08T06:15:00,2005,3,6.906,3.901,Gulf of Guinea,General Cargo,Boarded,0,0,Unknown,"General Cargo attacked by Nigerian kidnap-for-ransom cell at anchorage. MOA: kidnap-for-ransom of officers. Weapons observed: small arms. boarders rifled bridge & masters cabin, stole cash and electronics."
ASAM-2003-02155,2017-08-06T22:44:00,2017,8,6.1642,119.1346,Sulu Sea,Container Ship,Hijacked,1,17,Unknown,"Container Ship attacked by Sulu archipelago kidnapping ring approx 159nm offshore. MOA: abduction of fishing crew. Weapons observed: small arms. vessel hijacked, crew of 19 taken to coastal anchorage; 4 crew sustained injuries; 17 crew taken hostage; ransom demand transmitted within 72h."
ASAM-2004-02156,2011-01-06T12:09:00,2011,1,11.9676,50.4611,Gulf of Aden,Chemical Tanker,Hijacked,0,12,Unknown,"Chemical Tanker attacked by Hobyo-Harardhere PAG at anchorage. MOA: RPG warning shot then boarding. Weapons observed: AK-47. vessel hijacked, crew of 14 taken to coastal anchorage; 12 crew taken hostage; ransom demand transmitted within 72h."
ASAM-2005-02157,2017-12-14T07:11:00,2017,12,6.4442,120.5188,Sulu Sea,Chemical Tanker,Hijacked,1,23,Small arms,"Chemical Tanker attacked by Abu Sayyaf maritime cell approx 158nm offshore. MOA: abduction of fishing crew. Weapons observed: knives/machetes. vessel hijacked, crew of 19 taken to coastal anchorage; 4 crew sustained injuries; 23 crew taken hostage; ransom demand transmitted within 72h."
ASAM-2006-02158,2009-11-08T02:40:00,2009,11,12.6391,49.325,Gulf of Aden,Chemical Tanker,Boarded,0,0,Knives,"Chemical Tanker attacked by Hobyo-Harardhere PAG in narrow channel. MOA: grappling hook boarding at low freeboard. Weapons observed: AK-47. boarders rifled bridge & masters cabin, stole cash and electronics."
ASAM-2007-02159,2018-04-20T17:08:00,2018,4,6.4192,121.251,Sulu Sea,Fishing Vessel,Hijacked,0,8,AK-47,"Fishing Vessel attacked by Abu Sayyaf maritime cell underway in transit lane. MOA: hostage transfer to Jolo island camps. Weapons observed: AK-47. vessel hijacked, crew of 16 taken to coastal anchorage; 8 crew taken hostage; ransom demand transmitted within 72h."
ASAM-2008-02160,2018-03-10T00:31:00,2018,3,4.9764,6.2534,Gulf of Guinea,General Cargo,Attempted,0,0,Unknown,General Cargo attacked by Bakassi Strike Force remnant approx 36nm offshore. MOA: fast attack craft >150nm offshore. Weapons observed: M16 + RPG. approach broken off after master sounded alarm and engaged firehoses.
ASAM-2009-02161,2025-02-27T04:00:00,2025,2,11.0365,-65.9906,Caribbean / Venezuelan,LPG/LNG Tanker,Suspicious Approach,0,0,Unknown,LPG/LNG Tanker attacked by Venezuelan coastal gang underway in transit lane. MOA: small arms intimidation. Weapons observed: AK-47. unidentified skiff shadowed vessel for 18 minutes before withdrawing.
ASAM-2010-02162,2018-11-25T04:29:00,2018,11,5.6977,121.0511,Sulu Sea,Bulk Carrier,Hijacked,0,25,Knives,"Bulk Carrier attacked by BIFF splinter group underway in transit lane. MOA: speedboat intercept tug & barge. Weapons observed: M16 + RPG. vessel hijacked, crew of 28 taken to coastal anchorage; 25 crew taken hostage; ransom demand transmitted within 72h."
ASAM-2011-02163,2009-02-02T23:19:00,2009,2,12.4223,48.3269,Gulf of Aden,Container Ship,Boarded,0,0,Unknown,"Container Ship attacked by Hobyo-Harardhere PAG approx 71nm offshore. MOA: RPG warning shot then boarding. Weapons observed: RPG-7. boarders rifled bridge & masters cabin, stole cash and electronics."
ASAM-2012-02164,2005-07-02T19:27:00,2005,7,3.8154,99.0142,Strait of Malacca,Crude Oil Tanker,Attempted,0,0,Unknown,"Crude Oil Tanker attacked by Free Aceh splinter (historical) approx 79nm offshore. MOA: knife-armed boarders, no firearms. Weapons observed: AK-47. approach broken off after master sounded alarm and engaged firehoses."
ASAM-2013-02165,2013-12-15T09:53:00,2013,12,3.0897,101.5939,Strait of Malacca,Chemical Tanker,Boarded,0,0,Knives,"Chemical Tanker attacked by Free Aceh splinter (historical) approx 67nm offshore. MOA: knife-armed boarders, no firearms. Weapons observed: M16 + RPG. boarders rifled bridge & masters cabin, stole cash and electronics."
ASAM-2014-02166,2004-02-01T20:14:00,2004,2,3.4733,101.3691,Strait of Malacca,Chemical Tanker,Hijacked,1,12,Small arms,"Chemical Tanker attacked by Free Aceh splinter (historical) at anchorage. MOA: crew rob & flee in <30 min. Weapons observed: knives/machetes. vessel hijacked, crew of 20 taken to coastal anchorage; 2 crew sustained injuries; 12 crew taken hostage; ransom demand transmitted within 72h."
ASAM-2015-02167,2007-04-22T05:23:00,2007,4,1.3656,99.7212,Strait of Malacca,Chemical Tanker,Attempted,0,0,Small arms,Chemical Tanker attacked by Indonesian coastal gang in narrow channel. MOA: fast skiff rob at narrow channel. Weapons observed: knives/machetes. approach broken off after master sounded alarm and engaged firehoses.
ASAM-2016-02168,2010-06-15T03:57:00,2010,6,9.8303,114.2656,South China Sea,Chemical Tanker,Boarded,1,0,Knives,"Chemical Tanker attacked by Vietnamese coastal robbers underway in transit lane. MOA: stealth anchorage boarding. Weapons observed: M16 + RPG. boarders rifled bridge & masters cabin, stole cash and electronics; 2 crew sustained injuries."
ASAM-2017-02169,2017-09-11T13:51:00,2017,9,6.0383,120.8118,Sulu Sea,Bulk Carrier,Hijacked,0,13,Small arms,"Bulk Carrier attacked by Sulu archipelago kidnapping ring approx 144nm offshore. MOA: abduction of fishing crew. Weapons observed: AK-47. vessel hijacked, crew of 27 taken to coastal anchorage; 13 crew taken hostage; ransom demand transmitted within 72h."
ASAM-2018-02170,2013-07-02T19:31:00,2013,7,13.4004,49.4297,Gulf of Aden,Crude Oil Tanker,Attempted,0,0,Knives,Crude Oil Tanker attacked by Hobyo-Harardhere PAG at anchorage. MOA: RPG warning shot then boarding. Weapons observed: M16 + RPG. approach broken off after master sounded alarm and engaged firehoses.
ASAM-2019-02171,2021-09-22T23:40:00,2021,9,5.4162,7.3371,Gulf of Guinea,LPG/LNG Tanker,Fired Upon,1,0,Unknown,"LPG/LNG Tanker attacked by Nigerian kidnap-for-ransom cell at anchorage. MOA: tanker product theft (siphon). Weapons observed: knives/machetes. master engaged evasive maneuvers, RPG and small arms fire received; 4 crew sustained injuries."
ASAM-2020-02172,2018-04-16T03:13:00,2018,4,6.7465,4.5518,Gulf of Guinea,Crude Oil Tanker,Suspicious Approach,0,0,Unknown,Crude Oil Tanker attacked by Niger Delta militant offshoot in narrow channel. MOA: kidnap-for-ransom of officers. Weapons observed: RPG-7. unidentified skiff shadowed vessel for 18 minutes before withdrawing.
ASAM-2021-02173,2012-06-06T15:55:00,2012,6,13.159,50.2109,Gulf of Aden,Container Ship,Boarded,0,0,AK-47,"Container Ship attacked by Puntland-based PAG at anchorage. MOA: mothership-launched skiff swarm. Weapons observed: AK-47. boarders rifled bridge & masters cabin, stole cash and electronics."
ASAM-2022-02174,2010-11-04T02:37:00,2010,11,14.063,48.1588,Gulf of Aden,Fishing Vessel,Fired Upon,0,0,RPG,"Fishing Vessel attacked by Puntland-based PAG in narrow channel. MOA: mothership-launched skiff swarm. Weapons observed: M16 + RPG. master engaged evasive maneuvers, RPG and small arms fire received."
ASAM-2023-02175,2022-03-26T23:19:00,2022,3,3.8296,101.7729,Strait of Malacca,General Cargo,Fired Upon,0,0,Small arms,"General Cargo attacked by Riau Archipelago armed robbers at anchorage. MOA: nighttime stealth boarding at anchorage. Weapons observed: small arms. master engaged evasive maneuvers, RPG and small arms fire received."
ASAM-2024-02176,2009-01-24T03:54:00,2009,1,11.6918,46.7713,Gulf of Aden,Container Ship,Boarded,0,0,Knives,"Container Ship attacked by Puntland-based PAG approx 238nm offshore. MOA: mothership-launched skiff swarm. Weapons observed: knives/machetes. boarders rifled bridge & masters cabin, stole cash and electronics."
ASAM-2025-02177,2019-12-26T18:05:00,2019,12,11.0292,-66.6814,Caribbean / Venezuelan,Crude Oil Tanker,Fired Upon,1,0,Knives,"Crude Oil Tanker attacked by Trinidad-Tobago smuggler crew at anchorage. MOA: small arms intimidation. Weapons observed: M16 + RPG. master engaged evasive maneuvers, RPG and small arms fire received; 1 crew sustained injuries."
ASAM-1993-02178,2006-08-28T06:36:00,2006,8,3.0617,98.7924,Strait of Malacca,Chemical Tanker,Boarded,1,0,RPG,"Chemical Tanker attacked by Indonesian coastal gang at anchorage. MOA: nighttime stealth boarding at anchorage. Weapons observed: M16 + RPG. boarders rifled bridge & masters cabin, stole cash and electronics; 2 crew sustained injuries."
ASAM-1994-02179,2017-08-09T23:03:00,2017,8,6.3121,122.2877,Sulu Sea,Crude Oil Tanker,Attempted,0,0,RPG,Crude Oil Tanker attacked by BIFF splinter group approx 21nm offshore. MOA: abduction of fishing crew. Weapons observed: M16 + RPG. approach broken off after master sounded alarm and engaged firehoses.
ASAM-1995-02180,2000-08-25T03:51:00,2000,8,6.1864,119.8244,Sulu Sea,Crude Oil Tanker,Boarded,0,5,AK-47,"Crude Oil Tanker attacked by BIFF splinter group approx 237nm offshore. MOA: hostage transfer to Jolo island camps. Weapons observed: RPG-7. boarders rifled bridge & masters cabin, stole cash and electronics; 5 crew taken hostage; ransom demand transmitted within 72h."
ASAM-1996-02181,2019-03-23T06:20:00,2019,3,4.9416,3.7704,Gulf of Guinea,Chemical Tanker,Attempted,0,0,Knives,Chemical Tanker attacked by Nigerian kidnap-for-ransom cell at anchorage. MOA: tanker product theft (siphon). Weapons observed: knives/machetes. approach broken off after master sounded alarm and engaged firehoses.
ASAM-1997-02182,2017-06-23T22:03:00,2017,6,5.5614,118.3957,Sulu Sea,Tug & Barge,Suspicious Approach,1,0,Small arms,Tug & Barge attacked by Sulu archipelago kidnapping ring in narrow channel. MOA: speedboat intercept tug & barge. Weapons observed: knives/machetes. unidentified skiff shadowed vessel for 18 minutes before withdrawing; 2 crew sustained injuries.
ASAM-1998-02183,1993-03-10T20:00:00,1993,3,12.2503,52.5996,Gulf of Aden,General Cargo,Attempted,0,0,Knives,General Cargo attacked by Somali pirate skiff network in narrow channel. MOA: mothership-launched skiff swarm. Weapons observed: small arms. approach broken off after master sounded alarm and engaged firehoses.
ASAM-1999-02184,2019-07-24T19:13:00,2019,7,6.459,3.4877,Gulf of Guinea,RoRo Vehicle Carrier,Fired Upon,0,0,Knives,"RoRo Vehicle Carrier attacked by Nigerian kidnap-for-ransom cell underway in transit lane. MOA: AK-47 + GPMG armed boarding. Weapons observed: RPG-7. master engaged evasive maneuvers, RPG and small arms fire received."
ASAM-2000-02185,2010-10-15T22:34:00,2010,10,13.1368,47.8284,Gulf of Aden,Chemical Tanker,Boarded,0,0,Knives,"Chemical Tanker attacked by Somali pirate skiff network at anchorage. MOA: mothership-launched skiff swarm. Weapons observed: small arms. boarders rifled bridge & masters cabin, stole cash and electronics."
ASAM-2001-02186,2005-11-18T10:11:00,2005,11,5.2336,100.664,Strait of Malacca,Bulk Carrier,Boarded,1,0,Unknown,"Bulk Carrier attacked by Riau Archipelago armed robbers approx 162nm offshore. MOA: crew rob & flee in <30 min. Weapons observed: small arms. boarders rifled bridge & masters cabin, stole cash and electronics; 1 crew sustained injuries."
ASAM-2002-02187,2003-02-01T00:35:00,2003,2,4.3411,101.4845,Strait of Malacca,Chemical Tanker,Boarded,0,0,AK-47,"Chemical Tanker attacked by Indonesian coastal gang in narrow channel. MOA: nighttime stealth boarding at anchorage. Weapons observed: AK-47. boarders rifled bridge & masters cabin, stole cash and electronics."
ASAM-2003-02188,2010-04-23T02:42:00,2010,4,14.7677,50.2995,Gulf of Aden,Tug & Barge,Boarded,0,0,RPG,"Tug & Barge attacked by Hobyo-Harardhere PAG at anchorage. MOA: grappling hook boarding at low freeboard. Weapons observed: AK-47. boarders rifled bridge & masters cabin, stole cash and electronics."
ASAM-2004-02189,2010-05-27T02:06:00,2010,5,12.44,53.2755,Gulf of Aden,Chemical Tanker,Boarded,0,6,Small arms,"Chemical Tanker attacked by Puntland-based PAG at anchorage. MOA: RPG warning shot then boarding. Weapons observed: RPG-7. boarders rifled bridge & masters cabin, stole cash and electronics; 6 crew taken hostage; ransom demand transmitted within 72h."
ASAM-2005-02190,2015-04-18T01:25:00,2015,4,12.4515,49.6323,Gulf of Aden,Bulk Carrier,Fired Upon,0,0,Knives,"Bulk Carrier attacked by Somali pirate skiff network approx 116nm offshore. MOA: RPG warning shot then boarding. Weapons observed: M16 + RPG. master engaged evasive maneuvers, RPG and small arms fire received."
ASAM-2006-02191,2003-09-11T05:29:00,2003,9,3.1121,101.6599,Strait of Malacca,Container Ship,Boarded,0,0,Unknown,"Container Ship attacked by Free Aceh splinter (historical) in narrow channel. MOA: fast skiff rob at narrow channel. Weapons observed: small arms. boarders rifled bridge & masters cabin, stole cash and electronics."
ASAM-2007-02192,2012-06-09T21:52:00,2012,6,3.5389,5.5112,Gulf of Guinea,General Cargo,Boarded,0,0,Small arms,"General Cargo attacked by Bakassi Strike Force remnant in narrow channel. MOA: tanker product theft (siphon). Weapons observed: M16 + RPG. boarders rifled bridge & masters cabin, stole cash and electronics."
ASAM-2008-02193,2019-11-04T21:19:00,2019,11,4.8793,7.3523,Gulf of Guinea,Chemical Tanker,Attempted,0,0,AK-47,Chemical Tanker attacked by Nigerian kidnap-for-ransom cell underway in transit lane. MOA: kidnap-for-ransom of officers. Weapons observed: small arms. approach broken off after master sounded alarm and engaged firehoses.
ASAM-2009-02194,2018-05-05T00:53:00,2018,5,3.9327,102.4769,Strait of Malacca,Chemical Tanker,Fired Upon,1,0,Knives,"Chemical Tanker attacked by Indonesian coastal gang at anchorage. MOA: crew rob & flee in <30 min. Weapons observed: knives/machetes. master engaged evasive maneuvers, RPG and small arms fire received; 2 crew sustained injuries."
ASAM-2010-02195,2011-08-03T01:29:00,2011,8,11.7135,49.3997,Gulf of Aden,General Cargo,Fired Upon,0,0,RPG,"General Cargo attacked by Hobyo-Harardhere PAG underway in transit lane. MOA: grappling hook boarding at low freeboard. Weapons observed: knives/machetes. master engaged evasive maneuvers, RPG and small arms fire received."
ASAM-2011-02196,2015-09-10T00:04:00,2015,9,8.5404,114.5353,South China Sea,Bulk Carrier,Attempted,0,0,RPG,Bulk Carrier attacked by Filipino anchor-rob crew at anchorage. MOA: stealth anchorage boarding. Weapons observed: M16 + RPG. approach broken off after master sounded alarm and engaged firehoses.
ASAM-2012-02197,2001-04-15T04:57:00,2001,4,3.964,6.3832,Gulf of Guinea,Chemical Tanker,Hijacked,0,26,Unknown,"Chemical Tanker attacked by Bakassi Strike Force remnant underway in transit lane. MOA: kidnap-for-ransom of officers. Weapons observed: small arms. vessel hijacked, crew of 21 taken to coastal anchorage; 26 crew taken hostage; ransom demand transmitted within 72h."
ASAM-2013-02198,1994-09-21T03:05:00,1994,9,9.6626,112.9523,South China Sea,General Cargo,Boarded,0,0,Unknown,"General Cargo attacked by Filipino anchor-rob crew underway in transit lane. MOA: product theft (diesel siphoning). Weapons observed: RPG-7. boarders rifled bridge & masters cabin, stole cash and electronics."
ASAM-2014-02199,1999-03-26T04:18:00,1999,3,11.7733,48.9137,Gulf of Aden,LPG/LNG Tanker,Boarded,0,0,Small arms,"LPG/LNG Tanker attacked by Hobyo-Harardhere PAG in narrow channel. MOA: AK-47 small arms suppression. Weapons observed: knives/machetes. boarders rifled bridge & masters cabin, stole cash and electronics."
ASAM-2015-02200,1997-01-20T22:35:00,1997,1,5.9066,120.0983,Sulu Sea,Crude Oil Tanker,Fired Upon,0,0,Knives,"Crude Oil Tanker attacked by BIFF splinter group approx 239nm offshore. MOA: abduction of fishing crew. Weapons observed: RPG-7. master engaged evasive maneuvers, RPG and small arms fire received."
ASAM-2016-02201,2016-12-23T19:32:00,2016,12,7.0989,120.9391,Sulu Sea,Fishing Vessel,Boarded,0,0,RPG,"Fishing Vessel attacked by BIFF splinter group at anchorage. MOA: M16 + RPG armed boarding. Weapons observed: AK-47. boarders rifled bridge & masters cabin, stole cash and electronics."
ASAM-2017-02202,2002-10-21T03:36:00,2002,10,3.6738,6.2142,Gulf of Guinea,Fishing Vessel,Hijacked,1,20,Small arms,"Fishing Vessel attacked by Nigerian kidnap-for-ransom cell at anchorage. MOA: kidnap-for-ransom of officers. Weapons observed: AK-47. vessel hijacked, crew of 22 taken to coastal anchorage; 3 crew sustained injuries; 20 crew taken hostage; ransom demand transmitted within 72h."
ASAM-2018-02203,2018-08-23T21:22:00,2018,8,5.2898,123.5977,Sulu Sea,Tug & Barge,Suspicious Approach,0,0,AK-47,Tug & Barge attacked by Abu Sayyaf maritime cell approx 168nm offshore. MOA: M16 + RPG armed boarding. Weapons observed: knives/machetes. unidentified skiff shadowed vessel for 18 minutes before withdrawing.
ASAM-2019-02204,2008-12-19T13:05:00,2008,12,11.1548,-64.4715,Caribbean / Venezuelan,Container Ship,Attempted,0,0,Unknown,Container Ship attacked by Trinidad-Tobago smuggler crew underway in transit lane. MOA: small arms intimidation. Weapons observed: AK-47. approach broken off after master sounded alarm and engaged firehoses.
ASAM-2020-02205,2015-03-20T23:48:00,2015,3,3.9129,5.9692,Gulf of Guinea,Container Ship,Boarded,0,0,AK-47,"Container Ship attacked by Bakassi Strike Force remnant at anchorage. MOA: tanker product theft (siphon). Weapons observed: M16 + RPG. boarders rifled bridge & masters cabin, stole cash and electronics."
ASAM-2021-02206,2004-08-08T06:34:00,2004,8,2.6609,100.0465,Strait of Malacca,LPG/LNG Tanker,Boarded,0,0,Small arms,"LPG/LNG Tanker attacked by Free Aceh splinter (historical) underway in transit lane. MOA: fast skiff rob at narrow channel. Weapons observed: knives/machetes. boarders rifled bridge & masters cabin, stole cash and electronics."
ASAM-2022-02207,2020-08-22T12:29:00,2020,8,3.6138,2.6926,Gulf of Guinea,Bulk Carrier,Boarded,0,1,RPG,"Bulk Carrier attacked by Bakassi Strike Force remnant underway in transit lane. MOA: AK-47 + GPMG armed boarding. Weapons observed: AK-47. boarders rifled bridge & masters cabin, stole cash and electronics; 1 crew taken hostage; ransom demand transmitted within 72h."
ASAM-2023-02208,2006-10-13T03:49:00,2006,10,4.3029,100.8593,Strait of Malacca,General Cargo,Hijacked,0,16,Unknown,"General Cargo attacked by Indonesian coastal gang approx 246nm offshore. MOA: crew rob & flee in <30 min. Weapons observed: knives/machetes. vessel hijacked, crew of 20 taken to coastal anchorage; 16 crew taken hostage; ransom demand transmitted within 72h."
ASAM-2024-02209,2021-10-19T22:45:00,2021,10,2.4608,5.1058,Gulf of Guinea,Container Ship,Boarded,0,0,Knives,"Container Ship attacked by Nigerian kidnap-for-ransom cell approx 165nm offshore. MOA: tanker product theft (siphon). Weapons observed: RPG-7. boarders rifled bridge & masters cabin, stole cash and electronics."
ASAM-2025-02210,2006-01-19T01:33:00,2006,1,3.2624,98.748,Strait of Malacca,Tug & Barge,Boarded,0,0,Unknown,"Tug & Barge attacked by Free Aceh splinter (historical) in narrow channel. MOA: crew rob & flee in <30 min. Weapons observed: small arms. boarders rifled bridge & masters cabin, stole cash and electronics."
ASAM-1993-02211,1996-01-28T09:36:00,1996,1,15.1338,47.9517,Gulf of Aden,Crude Oil Tanker,Hijacked,1,9,Unknown,"Crude Oil Tanker attacked by Somali pirate skiff network underway in transit lane. MOA: AK-47 small arms suppression. Weapons observed: knives/machetes. vessel hijacked, crew of 28 taken to coastal anchorage; 1 crew sustained injuries; 9 crew taken hostage; ransom demand transmitted within 72h."
ASAM-1994-02212,2016-02-05T21:24:00,2016,2,5.7924,119.8602,Sulu Sea,Container Ship,Attempted,0,0,Knives,Container Ship attacked by Sulu archipelago kidnapping ring approx 207nm offshore. MOA: M16 + RPG armed boarding. Weapons observed: M16 + RPG. approach broken off after master sounded alarm and engaged firehoses.
ASAM-1995-02213,2017-06-10T15:28:00,2017,6,6.5615,120.5286,Sulu Sea,Bulk Carrier,Boarded,0,0,Unknown,"Bulk Carrier attacked by BIFF splinter group in narrow channel. MOA: hostage transfer to Jolo island camps. Weapons observed: RPG-7. boarders rifled bridge & masters cabin, stole cash and electronics."
ASAM-1996-02214,2018-12-07T16:20:00,2018,12,10.8335,-64.717,Caribbean / Venezuelan,Container Ship,Boarded,0,0,AK-47,"Container Ship attacked by Trinidad-Tobago smuggler crew approx 227nm offshore. MOA: crew theft + minor injuries. Weapons observed: knives/machetes. boarders rifled bridge & masters cabin, stole cash and electronics."
ASAM-1997-02215,1997-07-07T23:39:00,1997,7,4.2649,101.9158,Strait of Malacca,Chemical Tanker,Boarded,0,0,Knives,"Chemical Tanker attacked by Riau Archipelago armed robbers at anchorage. MOA: nighttime stealth boarding at anchorage. Weapons observed: small arms. boarders rifled bridge & masters cabin, stole cash and electronics."
ASAM-1998-02216,2017-04-17T21:38:00,2017,4,6.5929,122.0408,Sulu Sea,Bulk Carrier,Attempted,1,0,Knives,Bulk Carrier attacked by BIFF splinter group underway in transit lane. MOA: hostage transfer to Jolo island camps. Weapons observed: M16 + RPG. approach broken off after master sounded alarm and engaged firehoses; 2 crew sustained injuries.
ASAM-1999-02217,2012-06-25T06:40:00,2012,6,12.855,51.433,Gulf of Aden,RoRo Vehicle Carrier,Attempted,0,0,RPG,RoRo Vehicle Carrier attacked by Somali pirate skiff network at anchorage. MOA: grappling hook boarding at low freeboard. Weapons observed: small arms. approach broken off after master sounded alarm and engaged firehoses.
ASAM-2000-02218,1996-11-16T02:10:00,1996,11,5.5998,120.8594,Sulu Sea,Crude Oil Tanker,Boarded,0,0,Knives,"Crude Oil Tanker attacked by Sulu archipelago kidnapping ring approx 265nm offshore. MOA: abduction of fishing crew. Weapons observed: M16 + RPG. boarders rifled bridge & masters cabin, stole cash and electronics."
ASAM-2001-02219,2021-10-21T17:27:00,2021,10,2.4886,4.799,Gulf of Guinea,Container Ship,Attempted,0,0,Small arms,Container Ship attacked by Niger Delta militant offshoot at anchorage. MOA: fast attack craft >150nm offshore. Weapons observed: small arms. approach broken off after master sounded alarm and engaged firehoses.
ASAM-2002-02220,2011-06-01T03:29:00,2011,6,9.9767,-66.3331,Caribbean / Venezuelan,Fishing Vessel,Attempted,0,0,AK-47,Fishing Vessel attacked by Trinidad-Tobago smuggler crew at anchorage. MOA: small arms intimidation. Weapons observed: AK-47. approach broken off after master sounded alarm and engaged firehoses.
ASAM-2003-02221,2011-10-01T23:00:00,2011,10,15.1636,49.4562,Gulf of Aden,General Cargo,Suspicious Approach,0,0,Unknown,General Cargo attacked by Puntland-based PAG at anchorage. MOA: RPG warning shot then boarding. Weapons observed: RPG-7. unidentified skiff shadowed vessel for 18 minutes before withdrawing.
ASAM-2004-02222,2014-11-23T15:38:00,2014,11,10.1131,-65.1622,Caribbean / Venezuelan,RoRo Vehicle Carrier,Fired Upon,0,0,Unknown,"RoRo Vehicle Carrier attacked by Venezuelan coastal gang at anchorage. MOA: yacht boarding at anchorage. Weapons observed: RPG-7. master engaged evasive maneuvers, RPG and small arms fire received."
ASAM-2005-02223,2024-11-01T20:39:00,2024,11,3.4238,102.2279,Strait of Malacca,Fishing Vessel,Fired Upon,0,0,Knives,"Fishing Vessel attacked by Riau Archipelago armed robbers at anchorage. MOA: knife-armed boarders, no firearms. Weapons observed: small arms. master engaged evasive maneuvers, RPG and small arms fire received."
ASAM-2006-02224,2008-08-04T14:54:00,2008,8,13.2018,44.1715,Gulf of Aden,Offshore Supply,Boarded,0,0,Knives,"Offshore Supply attacked by Somali pirate skiff network approx 210nm offshore. MOA: RPG warning shot then boarding. Weapons observed: small arms. boarders rifled bridge & masters cabin, stole cash and electronics."
ASAM-2007-02225,2012-06-20T04:32:00,2012,6,4.2862,5.4427,Gulf of Guinea,Tug & Barge,Boarded,0,0,Small arms,"Tug & Barge attacked by Nigerian kidnap-for-ransom cell at anchorage. MOA: kidnap-for-ransom of officers. Weapons observed: RPG-7. boarders rifled bridge & masters cabin, stole cash and electronics."
ASAM-2008-02226,2008-08-21T22:33:00,2008,8,13.913,48.2925,Gulf of Aden,Fishing Vessel,Fired Upon,0,0,Small arms,"Fishing Vessel attacked by Puntland-based PAG underway in transit lane. MOA: grappling hook boarding at low freeboard. Weapons observed: small arms. master engaged evasive maneuvers, RPG and small arms fire received."
ASAM-2009-02227,2009-08-06T21:25:00,2009,8,4.8958,120.3928,Sulu Sea,Chemical Tanker,Hijacked,0,26,RPG,"Chemical Tanker attacked by BIFF splinter group at anchorage. MOA: M16 + RPG armed boarding. Weapons observed: small arms. vessel hijacked, crew of 21 taken to coastal anchorage; 26 crew taken hostage; ransom demand transmitted within 72h."
ASAM-2010-02228,2016-03-26T20:43:00,2016,3,6.1591,120.1337,Sulu Sea,Tug & Barge,Boarded,0,0,AK-47,"Tug & Barge attacked by BIFF splinter group at anchorage. MOA: M16 + RPG armed boarding. Weapons observed: small arms. boarders rifled bridge & masters cabin, stole cash and electronics."
ASAM-2011-02229,1998-07-15T17:25:00,1998,7,13.6732,47.6303,Gulf of Aden,Bulk Carrier,Attempted,0,0,Small arms,Bulk Carrier attacked by Hobyo-Harardhere PAG underway in transit lane. MOA: RPG warning shot then boarding. Weapons observed: small arms. approach broken off after master sounded alarm and engaged firehoses.
ASAM-2012-02230,2019-01-05T11:06:00,2019,1,4.6392,3.7372,Gulf of Guinea,Fishing Vessel,Boarded,0,0,Unknown,"Fishing Vessel attacked by Bakassi Strike Force remnant underway in transit lane. MOA: tanker product theft (siphon). Weapons observed: RPG-7. boarders rifled bridge & masters cabin, stole cash and electronics."
ASAM-2013-02231,2016-10-05T09:02:00,2016,10,6.0844,121.6115,Sulu Sea,Bulk Carrier,Boarded,0,0,Small arms,"Bulk Carrier attacked by Sulu archipelago kidnapping ring in narrow channel. MOA: abduction of fishing crew. Weapons observed: AK-47. boarders rifled bridge & masters cabin, stole cash and electronics."
ASAM-2014-02232,2011-04-23T19:45:00,2011,4,11.7098,112.5128,South China Sea,Crude Oil Tanker,Boarded,0,0,Small arms,"Crude Oil Tanker attacked by Vietnamese coastal robbers underway in transit lane. MOA: product theft (diesel siphoning). Weapons observed: knives/machetes. boarders rifled bridge & masters cabin, stole cash and electronics."
ASAM-2015-02233,2016-07-12T03:02:00,2016,7,7.5067,120.2143,Sulu Sea,Bulk Carrier,Suspicious Approach,0,0,Small arms,Bulk Carrier attacked by Sulu archipelago kidnapping ring underway in transit lane. MOA: abduction of fishing crew. Weapons observed: small arms. unidentified skiff shadowed vessel for 18 minutes before withdrawing.
ASAM-2016-02234,2009-04-20T20:30:00,2009,4,13.7991,43.0169,Gulf of Aden,Crude Oil Tanker,Attempted,0,0,Unknown,Crude Oil Tanker attacked by Puntland-based PAG in narrow channel. MOA: RPG warning shot then boarding. Weapons observed: RPG-7. approach broken off after master sounded alarm and engaged firehoses.
ASAM-2017-02235,2006-07-28T03:28:00,2006,7,2.0785,99.8367,Strait of Malacca,Bulk Carrier,Boarded,0,0,AK-47,"Bulk Carrier attacked by Indonesian coastal gang underway in transit lane. MOA: crew rob & flee in <30 min. Weapons observed: small arms. boarders rifled bridge & masters cabin, stole cash and electronics."
ASAM-2018-02236,2007-05-10T21:43:00,2007,5,4.2238,98.4161,Strait of Malacca,LPG/LNG Tanker,Boarded,0,0,RPG,"LPG/LNG Tanker attacked by Free Aceh splinter (historical) at anchorage. MOA: crew rob & flee in <30 min. Weapons observed: RPG-7. boarders rifled bridge & masters cabin, stole cash and electronics."
ASAM-2019-02237,2018-11-18T18:31:00,2018,11,3.7957,5.4716,Gulf of Guinea,Container Ship,Attempted,0,0,RPG,Container Ship attacked by Bakassi Strike Force remnant at anchorage. MOA: AK-47 + GPMG armed boarding. Weapons observed: small arms. approach broken off after master sounded alarm and engaged firehoses.
ASAM-2020-02238,1997-01-01T19:49:00,1997,1,11.5744,48.5934,Gulf of Aden,RoRo Vehicle Carrier,Fired Upon,0,0,Unknown,"RoRo Vehicle Carrier attacked by Somali pirate skiff network at anchorage. MOA: AK-47 small arms suppression. Weapons observed: small arms. master engaged evasive maneuvers, RPG and small arms fire received."
ASAM-2021-02239,2024-11-27T05:18:00,2024,11,4.0845,100.1313,Strait of Malacca,Bulk Carrier,Boarded,0,0,Small arms,"Bulk Carrier attacked by Riau Archipelago armed robbers approx 24nm offshore. MOA: knife-armed boarders, no firearms. Weapons observed: AK-47. boarders rifled bridge & masters cabin, stole cash and electronics."
ASAM-2022-02240,2004-06-04T02:26:00,2004,6,4.4096,101.3357,Strait of Malacca,Bulk Carrier,Boarded,1,0,Unknown,"Bulk Carrier attacked by Free Aceh splinter (historical) at anchorage. MOA: crew rob & flee in <30 min. Weapons observed: knives/machetes. boarders rifled bridge & masters cabin, stole cash and electronics; 3 crew sustained injuries."
ASAM-2023-02241,2020-11-22T04:05:00,2020,11,11.7162,-63.2257,Caribbean / Venezuelan,Container Ship,Suspicious Approach,1,0,Small arms,Container Ship attacked by Venezuelan coastal gang underway in transit lane. MOA: yacht boarding at anchorage. Weapons observed: RPG-7. unidentified skiff shadowed vessel for 18 minutes before withdrawing; 3 crew sustained injuries.
ASAM-2024-02242,2019-09-06T00:47:00,2019,9,5.8618,9.6922,Gulf of Guinea,Crude Oil Tanker,Boarded,0,0,Knives,"Crude Oil Tanker attacked by Niger Delta militant offshoot approx 155nm offshore. MOA: kidnap-for-ransom of officers. Weapons observed: small arms. boarders rifled bridge & masters cabin, stole cash and electronics."
ASAM-2025-02243,2017-04-23T23:00:00,2017,4,12.7249,-63.4521,Caribbean / Venezuelan,Yacht,Suspicious Approach,0,0,Unknown,Yacht attacked by Venezuelan coastal gang underway in transit lane. MOA: small arms intimidation. Weapons observed: RPG-7. unidentified skiff shadowed vessel for 18 minutes before withdrawing.
ASAM-1993-02244,2022-03-08T06:14:00,2022,3,4.6699,4.9909,Gulf of Guinea,Tug & Barge,Suspicious Approach,0,0,Unknown,Tug & Barge attacked by Niger Delta militant offshoot underway in transit lane. MOA: kidnap-for-ransom of officers. Weapons observed: small arms. unidentified skiff shadowed vessel for 18 minutes before withdrawing.
ASAM-1994-02245,2020-10-23T01:32:00,2020,10,1.6495,7.6369,Gulf of Guinea,Bulk Carrier,Fired Upon,0,0,AK-47,"Bulk Carrier attacked by Nigerian kidnap-for-ransom cell underway in transit lane. MOA: fast attack craft >150nm offshore. Weapons observed: RPG-7. master engaged evasive maneuvers, RPG and small arms fire received."
ASAM-1995-02246,2019-06-25T21:01:00,2019,6,13.5236,50.4906,Gulf of Aden,Container Ship,Attempted,0,0,Knives,Container Ship attacked by Somali pirate skiff network in narrow channel. MOA: RPG warning shot then boarding. Weapons observed: RPG-7. approach broken off after master sounded alarm and engaged firehoses.
ASAM-1996-02247,1998-05-02T23:27:00,1998,5,9.2865,114.1146,South China Sea,Bulk Carrier,Fired Upon,1,0,Knives,"Bulk Carrier attacked by Filipino anchor-rob crew approx 273nm offshore. MOA: stealth anchorage boarding. Weapons observed: AK-47. master engaged evasive maneuvers, RPG and small arms fire received; 1 crew sustained injuries."
ASAM-1997-02248,2009-08-10T03:24:00,2009,8,12.9396,51.8396,Gulf of Aden,RoRo Vehicle Carrier,Boarded,0,0,RPG,"RoRo Vehicle Carrier attacked by Somali pirate skiff network at anchorage. MOA: RPG warning shot then boarding. Weapons observed: AK-47. boarders rifled bridge & masters cabin, stole cash and electronics."
ASAM-1998-02249,2014-10-23T13:25:00,2014,10,10.7944,49.3328,Gulf of Aden,Container Ship,Suspicious Approach,0,0,Small arms,Container Ship attacked by Hobyo-Harardhere PAG at anchorage. MOA: mothership-launched skiff swarm. Weapons observed: RPG-7. unidentified skiff shadowed vessel for 18 minutes before withdrawing.
ASAM-1999-02250,2011-09-14T04:51:00,2011,9,14.4305,49.0549,Gulf of Aden,Bulk Carrier,Attempted,0,0,RPG,Bulk Carrier attacked by Puntland-based PAG underway in transit lane. MOA: mothership-launched skiff swarm. Weapons observed: M16 + RPG. approach broken off after master sounded alarm and engaged firehoses.
ASAM-2000-02251,2006-10-01T07:15:00,2006,10,3.8937,99.7255,Strait of Malacca,Container Ship,Boarded,0,0,AK-47,"Container Ship attacked by Indonesian coastal gang at anchorage. MOA: fast skiff rob at narrow channel. Weapons observed: M16 + RPG. boarders rifled bridge & masters cabin, stole cash and electronics."
ASAM-2001-02252,2007-03-22T18:15:00,2007,3,6.0323,120.756,Sulu Sea,Container Ship,Hijacked,0,8,Small arms,"Container Ship attacked by Sulu archipelago kidnapping ring in narrow channel. MOA: M16 + RPG armed boarding. Weapons observed: M16 + RPG. vessel hijacked, crew of 14 taken to coastal anchorage; 8 crew taken hostage; ransom demand transmitted within 72h."
ASAM-2002-02253,2016-06-21T04:46:00,2016,6,4.6837,98.8599,Strait of Malacca,Crude Oil Tanker,Boarded,0,0,Knives,"Crude Oil Tanker attacked by Indonesian coastal gang at anchorage. MOA: knife-armed boarders, no firearms. Weapons observed: small arms. boarders rifled bridge & masters cabin, stole cash and electronics."
ASAM-2003-02254,2016-08-25T18:33:00,2016,8,10.4802,109.6885,South China Sea,Bulk Carrier,Attempted,0,0,RPG,Bulk Carrier attacked by Filipino anchor-rob crew underway in transit lane. MOA: product theft (diesel siphoning). Weapons observed: RPG-7. approach broken off after master sounded alarm and engaged firehoses.
ASAM-2004-02255,2008-04-11T03:52:00,2008,4,3.7344,3.199,Gulf of Guinea,Bulk Carrier,Boarded,0,0,RPG,"Bulk Carrier attacked by Niger Delta militant offshoot underway in transit lane. MOA: tanker product theft (siphon). Weapons observed: small arms. boarders rifled bridge & masters cabin, stole cash and electronics."
ASAM-2005-02256,2018-07-23T20:46:00,2018,7,5.6113,5.6434,Gulf of Guinea,General Cargo,Boarded,0,2,AK-47,"General Cargo attacked by Bakassi Strike Force remnant underway in transit lane. MOA: AK-47 + GPMG armed boarding. Weapons observed: RPG-7. boarders rifled bridge & masters cabin, stole cash and electronics; 2 crew taken hostage; ransom demand transmitted within 72h."
ASAM-2006-02257,2020-12-03T03:37:00,2020,12,3.0432,101.2789,Strait of Malacca,Bulk Carrier,Hijacked,0,9,Knives,"Bulk Carrier attacked by Free Aceh splinter (historical) in narrow channel. MOA: nighttime stealth boarding at anchorage. Weapons observed: AK-47. vessel hijacked, crew of 26 taken to coastal anchorage; 9 crew taken hostage; ransom demand transmitted within 72h."
ASAM-2007-02258,2004-04-18T17:37:00,2004,4,3.3466,101.4997,Strait of Malacca,Tug & Barge,Attempted,0,0,Unknown,Tug & Barge attacked by Free Aceh splinter (historical) at anchorage. MOA: nighttime stealth boarding at anchorage. Weapons observed: RPG-7. approach broken off after master sounded alarm and engaged firehoses.
ASAM-2008-02259,2005-10-20T12:50:00,2005,10,3.0635,99.5915,Strait of Malacca,LPG/LNG Tanker,Attempted,0,0,Unknown,LPG/LNG Tanker attacked by Free Aceh splinter (historical) approx 217nm offshore. MOA: crew rob & flee in <30 min. Weapons observed: RPG-7. approach broken off after master sounded alarm and engaged firehoses.
ASAM-2009-02260,2019-09-01T06:28:00,2019,9,10.942,-66.4761,Caribbean / Venezuelan,Container Ship,Boarded,0,0,Unknown,"Container Ship attacked by Venezuelan coastal gang at anchorage. MOA: yacht boarding at anchorage. Weapons observed: small arms. boarders rifled bridge & masters cabin, stole cash and electronics."
ASAM-2010-02261,2009-12-02T20:50:00,2009,12,13.3596,51.3314,Gulf of Aden,Crude Oil Tanker,Boarded,0,0,Small arms,"Crude Oil Tanker attacked by Puntland-based PAG approx 120nm offshore. MOA: grappling hook boarding at low freeboard. Weapons observed: AK-47. boarders rifled bridge & masters cabin, stole cash and electronics."
ASAM-2011-02262,2004-09-18T20:29:00,2004,9,9.5054,113.4229,South China Sea,Crude Oil Tanker,Boarded,0,0,Small arms,"Crude Oil Tanker attacked by Filipino anchor-rob crew underway in transit lane. MOA: stealth anchorage boarding. Weapons observed: M16 + RPG. boarders rifled bridge & masters cabin, stole cash and electronics."
ASAM-2012-02263,2017-12-03T03:18:00,2017,12,13.0259,46.5956,Gulf of Aden,Bulk Carrier,Suspicious Approach,0,0,RPG,Bulk Carrier attacked by Puntland-based PAG at anchorage. MOA: mothership-launched skiff swarm. Weapons observed: AK-47. unidentified skiff shadowed vessel for 18 minutes before withdrawing.
ASAM-2013-02264,2009-01-27T19:40:00,2009,1,13.7038,47.8481,Gulf of Aden,LPG/LNG Tanker,Attempted,0,0,Unknown,LPG/LNG Tanker attacked by Hobyo-Harardhere PAG approx 76nm offshore. MOA: AK-47 small arms suppression. Weapons observed: AK-47. approach broken off after master sounded alarm and engaged firehoses.
ASAM-2014-02265,2003-02-17T19:12:00,2003,2,2.3852,100.1186,Strait of Malacca,Bulk Carrier,Attempted,0,0,Knives,Bulk Carrier attacked by Indonesian coastal gang approx 35nm offshore. MOA: crew rob & flee in <30 min. Weapons observed: AK-47. approach broken off after master sounded alarm and engaged firehoses.
ASAM-2015-02266,2011-08-08T21:42:00,2011,8,5.2531,100.1919,Strait of Malacca,Bulk Carrier,Attempted,0,0,RPG,Bulk Carrier attacked by Indonesian coastal gang at anchorage. MOA: fast skiff rob at narrow channel. Weapons observed: AK-47. approach broken off after master sounded alarm and engaged firehoses.
ASAM-2016-02267,2019-12-06T02:31:00,2019,12,12.5419,50.846,Gulf of Aden,Crude Oil Tanker,Hijacked,0,26,Small arms,"Crude Oil Tanker attacked by Puntland-based PAG at anchorage. MOA: mothership-launched skiff swarm. Weapons observed: RPG-7. vessel hijacked, crew of 15 taken to coastal anchorage; 26 crew taken hostage; ransom demand transmitted within 72h."
ASAM-2017-02268,2000-10-07T19:45:00,2000,10,5.9923,118.9952,Sulu Sea,Bulk Carrier,Fired Upon,0,0,AK-47,"Bulk Carrier attacked by BIFF splinter group in narrow channel. MOA: speedboat intercept tug & barge. Weapons observed: RPG-7. master engaged evasive maneuvers, RPG and small arms fire received."
ASAM-2018-02269,2024-03-20T08:39:00,2024,3,13.3965,49.2583,Gulf of Aden,Container Ship,Fired Upon,0,0,RPG,"Container Ship attacked by Puntland-based PAG at anchorage. MOA: mothership-launched skiff swarm. Weapons observed: AK-47. master engaged evasive maneuvers, RPG and small arms fire received."
ASAM-2019-02270,2021-02-04T03:56:00,2021,2,5.5811,6.6378,Gulf of Guinea,Bulk Carrier,Boarded,0,0,Small arms,"Bulk Carrier attacked by Nigerian kidnap-for-ransom cell at anchorage. MOA: AK-47 + GPMG armed boarding. Weapons observed: small arms. boarders rifled bridge & masters cabin, stole cash and electronics."
ASAM-2020-02271,2003-10-13T01:55:00,2003,10,3.1776,2.6501,Gulf of Guinea,Crude Oil Tanker,Boarded,0,0,Unknown,"Crude Oil Tanker attacked by Niger Delta militant offshoot in narrow channel. MOA: AK-47 + GPMG armed boarding. Weapons observed: RPG-7. boarders rifled bridge & masters cabin, stole cash and electronics."
ASAM-2021-02272,2015-01-03T12:35:00,2015,1,6.9149,111.8169,South China Sea,Tug & Barge,Attempted,0,0,Unknown,Tug & Barge attacked by Filipino anchor-rob crew approx 133nm offshore. MOA: stealth anchorage boarding. Weapons observed: small arms. approach broken off after master sounded alarm and engaged firehoses.
ASAM-2022-02273,2014-11-24T19:17:00,2014,11,9.8732,111.8932,South China Sea,General Cargo,Boarded,0,0,RPG,"General Cargo attacked by Filipino anchor-rob crew underway in transit lane. MOA: product theft (diesel siphoning). Weapons observed: RPG-7. boarders rifled bridge & masters cabin, stole cash and electronics."
ASAM-2023-02274,2014-09-09T01:05:00,2014,9,3.0893,3.0953,Gulf of Guinea,Crude Oil Tanker,Boarded,0,0,AK-47,"Crude Oil Tanker attacked by Nigerian kidnap-for-ransom cell in narrow channel. MOA: tanker product theft (siphon). Weapons observed: RPG-7. boarders rifled bridge & masters cabin, stole cash and electronics."
ASAM-2024-02275,2018-08-08T02:52:00,2018,8,5.7096,121.8024,Sulu Sea,Fishing Vessel,Attempted,0,0,Unknown,Fishing Vessel attacked by BIFF splinter group in narrow channel. MOA: speedboat intercept tug & barge. Weapons observed: knives/machetes. approach broken off after master sounded alarm and engaged firehoses.
ASAM-2025-02276,2015-01-02T08:42:00,2015,1,11.6143,114.5708,South China Sea,Chemical Tanker,Boarded,0,0,Knives,"Chemical Tanker attacked by Vietnamese coastal robbers in narrow channel. MOA: product theft (diesel siphoning). Weapons observed: AK-47. boarders rifled bridge & masters cabin, stole cash and electronics."
ASAM-1993-02277,1994-02-02T09:44:00,1994,2,13.6538,50.4866,Gulf of Aden,LPG/LNG Tanker,Attempted,0,0,AK-47,LPG/LNG Tanker attacked by Somali pirate skiff network approx 139nm offshore. MOA: grappling hook boarding at low freeboard. Weapons observed: knives/machetes. approach broken off after master sounded alarm and engaged firehoses.
ASAM-1994-02278,2008-02-17T04:22:00,2008,2,14.061,48.7949,Gulf of Aden,Crude Oil Tanker,Attempted,0,0,AK-47,Crude Oil Tanker attacked by Hobyo-Harardhere PAG in narrow channel. MOA: AK-47 small arms suppression. Weapons observed: M16 + RPG. approach broken off after master sounded alarm and engaged firehoses.
ASAM-1995-02279,2017-10-16T21:35:00,2017,10,5.9107,122.6645,Sulu Sea,Fishing Vessel,Hijacked,1,12,Knives,"Fishing Vessel attacked by Abu Sayyaf maritime cell underway in transit lane. MOA: M16 + RPG armed boarding. Weapons observed: M16 + RPG. vessel hijacked, crew of 28 taken to coastal anchorage; 1 crew sustained injuries; 12 crew taken hostage; ransom demand transmitted within 72h."
ASAM-1996-02280,2021-07-08T20:56:00,2021,7,5.2757,6.3057,Gulf of Guinea,Crude Oil Tanker,Boarded,1,4,Knives,"Crude Oil Tanker attacked by Nigerian kidnap-for-ransom cell underway in transit lane. MOA: kidnap-for-ransom of officers. Weapons observed: knives/machetes. boarders rifled bridge & masters cabin, stole cash and electronics; 3 crew sustained injuries; 4 crew taken hostage; ransom demand transmitted within 72h."
ASAM-1997-02281,2013-03-16T02:56:00,2013,3,11.0308,50.6479,Gulf of Aden,Chemical Tanker,Attempted,0,0,Unknown,Chemical Tanker attacked by Puntland-based PAG at anchorage. MOA: RPG warning shot then boarding. Weapons observed: AK-47. approach broken off after master sounded alarm and engaged firehoses.
ASAM-1998-02282,2010-03-08T06:06:00,2010,3,13.8264,47.6986,Gulf of Aden,Fishing Vessel,Boarded,0,0,RPG,"Fishing Vessel attacked by Somali pirate skiff network approx 202nm offshore. MOA: mothership-launched skiff swarm. Weapons observed: small arms. boarders rifled bridge & masters cabin, stole cash and electronics."
ASAM-1999-02283,2019-12-04T08:52:00,2019,12,6.3601,4.2235,Gulf of Guinea,RoRo Vehicle Carrier,Boarded,0,0,Small arms,"RoRo Vehicle Carrier attacked by Nigerian kidnap-for-ransom cell underway in transit lane. MOA: tanker product theft (siphon). Weapons observed: small arms. boarders rifled bridge & masters cabin, stole cash and electronics."
ASAM-2000-02284,2010-06-25T21:58:00,2010,6,3.7271,100.0608,Strait of Malacca,RoRo Vehicle Carrier,Boarded,1,0,Unknown,"RoRo Vehicle Carrier attacked by Riau Archipelago armed robbers approx 93nm offshore. MOA: knife-armed boarders, no firearms. Weapons observed: RPG-7. boarders rifled bridge & masters cabin, stole cash and electronics; 4 crew sustained injuries."
ASAM-2001-02285,2022-03-10T23:16:00,2022,3,3.2861,7.0266,Gulf of Guinea,Fishing Vessel,Attempted,0,0,Knives,Fishing Vessel attacked by Nigerian kidnap-for-ransom cell in narrow channel. MOA: AK-47 + GPMG armed boarding. Weapons observed: M16 + RPG. approach broken off after master sounded alarm and engaged firehoses.
ASAM-2002-02286,2018-05-04T18:37:00,2018,5,2.5434,5.28,Gulf of Guinea,Bulk Carrier,Boarded,0,0,AK-47,"Bulk Carrier attacked by Nigerian kidnap-for-ransom cell approx 70nm offshore. MOA: fast attack craft >150nm offshore. Weapons observed: small arms. boarders rifled bridge & masters cabin, stole cash and electronics."
ASAM-2003-02287,2005-11-09T04:15:00,2005,11,4.5575,99.5924,Strait of Malacca,LPG/LNG Tanker,Fired Upon,0,0,AK-47,"LPG/LNG Tanker attacked by Riau Archipelago armed robbers approx 89nm offshore. MOA: fast skiff rob at narrow channel. Weapons observed: small arms. master engaged evasive maneuvers, RPG and small arms fire received."
ASAM-2004-02288,2018-06-17T04:12:00,2018,6,6.5269,120.0574,Sulu Sea,General Cargo,Fired Upon,0,0,Knives,"General Cargo attacked by Sulu archipelago kidnapping ring in narrow channel. MOA: M16 + RPG armed boarding. Weapons observed: RPG-7. master engaged evasive maneuvers, RPG and small arms fire received."
ASAM-2005-02289,2017-07-15T06:10:00,2017,7,5.9899,121.2461,Sulu Sea,Container Ship,Boarded,1,6,Knives,"Container Ship attacked by BIFF splinter group approx 83nm offshore. MOA: hostage transfer to Jolo island camps. Weapons observed: small arms. boarders rifled bridge & masters cabin, stole cash and electronics; 2 crew sustained injuries; 6 crew taken hostage; ransom demand transmitted within 72h."
ASAM-2006-02290,2017-06-01T23:57:00,2017,6,7.8775,119.9136,Sulu Sea,Container Ship,Boarded,0,0,RPG,"Container Ship attacked by Sulu archipelago kidnapping ring in narrow channel. MOA: M16 + RPG armed boarding. Weapons observed: knives/machetes. boarders rifled bridge & masters cabin, stole cash and electronics."
ASAM-2007-02291,2001-06-17T19:35:00,2001,6,2.2012,5.0518,Gulf of Guinea,Fishing Vessel,Boarded,1,0,Small arms,"Fishing Vessel attacked by Nigerian kidnap-for-ransom cell approx 26nm offshore. MOA: fast attack craft >150nm offshore. Weapons observed: AK-47. boarders rifled bridge & masters cabin, stole cash and electronics; 3 crew sustained injuries."
ASAM-2008-02292,2004-05-13T03:27:00,2004,5,2.2422,101.2959,Strait of Malacca,General Cargo,Attempted,0,0,Small arms,General Cargo attacked by Indonesian coastal gang at anchorage. MOA: nighttime stealth boarding at anchorage. Weapons observed: M16 + RPG. approach broken off after master sounded alarm and engaged firehoses.
ASAM-2009-02293,1999-04-19T19:23:00,1999,4,12.0661,48.2536,Gulf of Aden,Bulk Carrier,Fired Upon,0,0,AK-47,"Bulk Carrier attacked by Hobyo-Harardhere PAG at anchorage. MOA: AK-47 small arms suppression. Weapons observed: RPG-7. master engaged evasive maneuvers, RPG and small arms fire received."
ASAM-2010-02294,2003-12-11T21:33:00,2003,12,3.4484,3.3042,Gulf of Guinea,Chemical Tanker,Attempted,0,0,Knives,Chemical Tanker attacked by Bakassi Strike Force remnant at anchorage. MOA: AK-47 + GPMG armed boarding. Weapons observed: M16 + RPG. approach broken off after master sounded alarm and engaged firehoses.
ASAM-2011-02295,2008-04-19T17:10:00,2008,4,12.6641,48.2549,Gulf of Aden,Container Ship,Attempted,0,0,AK-47,Container Ship attacked by Puntland-based PAG in narrow channel. MOA: RPG warning shot then boarding. Weapons observed: M16 + RPG. approach broken off after master sounded alarm and engaged firehoses.
ASAM-2012-02296,2021-03-07T05:58:00,2021,3,2.7617,7.008,Gulf of Guinea,LPG/LNG Tanker,Attempted,0,0,Unknown,LPG/LNG Tanker attacked by Nigerian kidnap-for-ransom cell at anchorage. MOA: fast attack craft >150nm offshore. Weapons observed: M16 + RPG. approach broken off after master sounded alarm and engaged firehoses.
ASAM-2013-02297,2011-10-08T05:14:00,2011,10,3.0793,102.54,Strait of Malacca,Fishing Vessel,Attempted,0,0,Unknown,"Fishing Vessel attacked by Riau Archipelago armed robbers approx 238nm offshore. MOA: knife-armed boarders, no firearms. Weapons observed: AK-47. approach broken off after master sounded alarm and engaged firehoses."
ASAM-2014-02298,2006-10-18T02:33:00,2006,10,2.928,101.1393,Strait of Malacca,Fishing Vessel,Suspicious Approach,0,0,Small arms,Fishing Vessel attacked by Riau Archipelago armed robbers in narrow channel. MOA: fast skiff rob at narrow channel. Weapons observed: small arms. unidentified skiff shadowed vessel for 18 minutes before withdrawing.
ASAM-2015-02299,2011-10-25T02:06:00,2011,10,6.0082,119.3043,Sulu Sea,Tug & Barge,Boarded,0,0,RPG,"Tug & Barge attacked by BIFF splinter group approx 137nm offshore. MOA: hostage transfer to Jolo island camps. Weapons observed: M16 + RPG. boarders rifled bridge & masters cabin, stole cash and electronics."
ASAM-2016-02300,2015-12-09T01:00:00,2015,12,4.3263,100.7584,Strait of Malacca,Fishing Vessel,Boarded,0,0,Small arms,"Fishing Vessel attacked by Free Aceh splinter (historical) underway in transit lane. MOA: fast skiff rob at narrow channel. Weapons observed: M16 + RPG. boarders rifled bridge & masters cabin, stole cash and electronics."
ASAM-2017-02301,1999-11-06T17:20:00,1999,11,11.2155,111.7282,South China Sea,Fishing Vessel,Attempted,0,0,RPG,Fishing Vessel attacked by Vietnamese coastal robbers at anchorage. MOA: stealth anchorage boarding. Weapons observed: small arms. approach broken off after master sounded alarm and engaged firehoses.
ASAM-2018-02302,2025-02-06T03:13:00,2025,2,15.5799,49.0347,Gulf of Aden,LPG/LNG Tanker,Hijacked,1,26,Small arms,"LPG/LNG Tanker attacked by Hobyo-Harardhere PAG underway in transit lane. MOA: grappling hook boarding at low freeboard. Weapons observed: knives/machetes. vessel hijacked, crew of 28 taken to coastal anchorage; 1 crew sustained injuries; 26 crew taken hostage; ransom demand transmitted within 72h."
ASAM-2019-02303,2005-02-09T08:06:00,2005,2,3.7999,103.1507,Strait of Malacca,Bulk Carrier,Attempted,0,0,RPG,Bulk Carrier attacked by Riau Archipelago armed robbers approx 227nm offshore. MOA: fast skiff rob at narrow channel. Weapons observed: knives/machetes. approach broken off after master sounded alarm and engaged firehoses.
ASAM-2020-02304,2009-01-20T04:56:00,2009,1,5.8763,120.7229,Sulu Sea,Bulk Carrier,Attempted,0,0,Knives,Bulk Carrier attacked by BIFF splinter group underway in transit lane. MOA: speedboat intercept tug & barge. Weapons observed: knives/machetes. approach broken off after master sounded alarm and engaged firehoses.
ASAM-2021-02305,2018-07-03T05:26:00,2018,7,12.6152,-66.1947,Caribbean / Venezuelan,Bulk Carrier,Boarded,0,0,RPG,"Bulk Carrier attacked by Venezuelan coastal gang at anchorage. MOA: yacht boarding at anchorage. Weapons observed: RPG-7. boarders rifled bridge & masters cabin, stole cash and electronics."
ASAM-2022-02306,2025-11-01T18:48:00,2025,11,13.4833,48.9804,Gulf of Aden,Bulk Carrier,Attempted,0,0,Unknown,Bulk Carrier attacked by Hobyo-Harardhere PAG underway in transit lane. MOA: mothership-launched skiff swarm. Weapons observed: M16 + RPG. approach broken off after master sounded alarm and engaged firehoses.
ASAM-2023-02307,2022-04-16T23:02:00,2022,4,5.691,98.8416,Strait of Malacca,Fishing Vessel,Boarded,1,0,Knives,"Fishing Vessel attacked by Riau Archipelago armed robbers approx 103nm offshore. MOA: knife-armed boarders, no firearms. Weapons observed: RPG-7. boarders rifled bridge & masters cabin, stole cash and electronics; 2 crew sustained injuries."
ASAM-2024-02308,2016-02-17T12:10:00,2016,2,6.3667,120.4989,Sulu Sea,Crude Oil Tanker,Fired Upon,0,0,Small arms,"Crude Oil Tanker attacked by Sulu archipelago kidnapping ring at anchorage. MOA: abduction of fishing crew. Weapons observed: M16 + RPG. master engaged evasive maneuvers, RPG and small arms fire received."
ASAM-2025-02309,2018-02-23T05:55:00,2018,2,5.7638,120.5654,Sulu Sea,RoRo Vehicle Carrier,Suspicious Approach,0,0,RPG,RoRo Vehicle Carrier attacked by BIFF splinter group in narrow channel. MOA: abduction of fishing crew. Weapons observed: small arms. unidentified skiff shadowed vessel for 18 minutes before withdrawing.
ASAM-1993-02310,2004-03-10T09:19:00,2004,3,14.8116,48.8601,Gulf of Aden,Bulk Carrier,Boarded,1,0,Unknown,"Bulk Carrier attacked by Puntland-based PAG approx 185nm offshore. MOA: grappling hook boarding at low freeboard. Weapons observed: small arms. boarders rifled bridge & masters cabin, stole cash and electronics; 2 crew sustained injuries."
ASAM-1994-02311,2015-07-11T06:19:00,2015,7,2.2618,5.5294,Gulf of Guinea,Bulk Carrier,Attempted,0,0,Unknown,Bulk Carrier attacked by Niger Delta militant offshoot underway in transit lane. MOA: fast attack craft >150nm offshore. Weapons observed: RPG-7. approach broken off after master sounded alarm and engaged firehoses.
ASAM-1995-02312,2009-06-02T03:49:00,2009,6,9.1415,111.881,South China Sea,Offshore Supply,Boarded,0,0,Knives,"Offshore Supply attacked by Filipino anchor-rob crew in narrow channel. MOA: product theft (diesel siphoning). Weapons observed: knives/machetes. boarders rifled bridge & masters cabin, stole cash and electronics."
ASAM-1996-02313,2021-06-22T03:09:00,2021,6,5.421,6.3498,Gulf of Guinea,Fishing Vessel,Boarded,0,0,RPG,"Fishing Vessel attacked by Nigerian kidnap-for-ransom cell underway in transit lane. MOA: kidnap-for-ransom of officers. Weapons observed: RPG-7. boarders rifled bridge & masters cabin, stole cash and electronics."
ASAM-1997-02314,2024-05-07T03:20:00,2024,5,7.7736,110.0279,South China Sea,Crude Oil Tanker,Attempted,0,0,Small arms,Crude Oil Tanker attacked by Filipino anchor-rob crew at anchorage. MOA: stealth anchorage boarding. Weapons observed: knives/machetes. approach broken off after master sounded alarm and engaged firehoses.
ASAM-1998-02315,1998-08-11T19:29:00,1998,8,5.9849,121.2053,Sulu Sea,Fishing Vessel,Boarded,0,0,AK-47,"Fishing Vessel attacked by BIFF splinter group underway in transit lane. MOA: speedboat intercept tug & barge. Weapons observed: knives/machetes. boarders rifled bridge & masters cabin, stole cash and electronics."
ASAM-1999-02316,2003-11-28T21:47:00,2003,11,2.6862,99.4444,Strait of Malacca,General Cargo,Suspicious Approach,0,0,RPG,General Cargo attacked by Riau Archipelago armed robbers in narrow channel. MOA: fast skiff rob at narrow channel. Weapons observed: knives/machetes. unidentified skiff shadowed vessel for 18 minutes before withdrawing.
ASAM-2000-02317,2006-11-09T20:53:00,2006,11,6.0376,120.5222,Sulu Sea,Fishing Vessel,Attempted,0,0,RPG,Fishing Vessel attacked by BIFF splinter group in narrow channel. MOA: abduction of fishing crew. Weapons observed: M16 + RPG. approach broken off after master sounded alarm and engaged firehoses.
ASAM-2001-02318,2003-08-17T00:28:00,2003,8,3.6396,101.336,Strait of Malacca,Bulk Carrier,Fired Upon,0,0,RPG,"Bulk Carrier attacked by Indonesian coastal gang approx 163nm offshore. MOA: fast skiff rob at narrow channel. Weapons observed: RPG-7. master engaged evasive maneuvers, RPG and small arms fire received."
ASAM-2002-02319,2005-01-20T11:23:00,2005,1,2.395,97.8794,Strait of Malacca,Fishing Vessel,Fired Upon,0,0,RPG,"Fishing Vessel attacked by Free Aceh splinter (historical) in narrow channel. MOA: knife-armed boarders, no firearms. Weapons observed: RPG-7. master engaged evasive maneuvers, RPG and small arms fire received."
ASAM-2003-02320,2000-12-05T01:34:00,2000,12,4.0148,5.7029,Gulf of Guinea,Chemical Tanker,Boarded,1,0,RPG,"Chemical Tanker attacked by Nigerian kidnap-for-ransom cell in narrow channel. MOA: kidnap-for-ransom of officers. Weapons observed: RPG-7. boarders rifled bridge & masters cabin, stole cash and electronics; 1 crew sustained injuries."
ASAM-2004-02321,2020-11-20T23:39:00,2020,11,3.2476,5.7882,Gulf of Guinea,Crude Oil Tanker,Boarded,0,0,Knives,"Crude Oil Tanker attacked by Niger Delta militant offshoot in narrow channel. MOA: tanker product theft (siphon). Weapons observed: RPG-7. boarders rifled bridge & masters cabin, stole cash and electronics."
ASAM-2005-02322,2020-02-11T20:06:00,2020,2,4.408,7.1521,Gulf of Guinea,Fishing Vessel,Attempted,0,0,Knives,Fishing Vessel attacked by Nigerian kidnap-for-ransom cell at anchorage. MOA: kidnap-for-ransom of officers. Weapons observed: AK-47. approach broken off after master sounded alarm and engaged firehoses.
ASAM-2006-02323,2018-09-21T21:43:00,2018,9,5.8281,117.8364,Sulu Sea,Chemical Tanker,Boarded,1,0,AK-47,"Chemical Tanker attacked by Abu Sayyaf maritime cell underway in transit lane. MOA: speedboat intercept tug & barge. Weapons observed: RPG-7. boarders rifled bridge & masters cabin, stole cash and electronics; 1 crew sustained injuries."
ASAM-2007-02324,2016-05-08T01:57:00,2016,5,6.9229,120.7307,Sulu Sea,Yacht,Boarded,0,4,Small arms,"Yacht attacked by Sulu archipelago kidnapping ring approx 133nm offshore. MOA: speedboat intercept tug & barge. Weapons observed: small arms. boarders rifled bridge & masters cabin, stole cash and electronics; 4 crew taken hostage; ransom demand transmitted within 72h."
ASAM-2008-02325,2012-11-18T03:12:00,2012,11,14.7271,47.7728,Gulf of Aden,Chemical Tanker,Attempted,0,0,Unknown,Chemical Tanker attacked by Hobyo-Harardhere PAG at anchorage. MOA: mothership-launched skiff swarm. Weapons observed: RPG-7. approach broken off after master sounded alarm and engaged firehoses.
ASAM-2009-02326,2003-10-13T05:27:00,2003,10,7.1676,121.1512,Sulu Sea,Chemical Tanker,Attempted,0,0,AK-47,Chemical Tanker attacked by Sulu archipelago kidnapping ring in narrow channel. MOA: hostage transfer to Jolo island camps. Weapons observed: RPG-7. approach broken off after master sounded alarm and engaged firehoses.
ASAM-2010-02327,2000-08-22T02:14:00,2000,8,4.3324,5.7057,Gulf of Guinea,Chemical Tanker,Fired Upon,0,0,RPG,"Chemical Tanker attacked by Nigerian kidnap-for-ransom cell underway in transit lane. MOA: fast attack craft >150nm offshore. Weapons observed: RPG-7. master engaged evasive maneuvers, RPG and small arms fire received."
ASAM-2011-02328,2009-08-27T10:34:00,2009,8,12.1837,49.8726,Gulf of Aden,Chemical Tanker,Hijacked,1,15,Unknown,"Chemical Tanker attacked by Somali pirate skiff network underway in transit lane. MOA: mothership-launched skiff swarm. Weapons observed: knives/machetes. vessel hijacked, crew of 19 taken to coastal anchorage; 4 crew sustained injuries; 15 crew taken hostage; ransom demand transmitted within 72h."
ASAM-2012-02329,2006-11-27T18:26:00,2006,11,4.1816,98.8391,Strait of Malacca,Tug & Barge,Boarded,0,0,Knives,"Tug & Barge attacked by Indonesian coastal gang in narrow channel. MOA: knife-armed boarders, no firearms. Weapons observed: knives/machetes. boarders rifled bridge & masters cabin, stole cash and electronics."
ASAM-2013-02330,2001-02-07T22:33:00,2001,2,4.6583,4.825,Gulf of Guinea,Tug & Barge,Suspicious Approach,0,0,RPG,Tug & Barge attacked by Nigerian kidnap-for-ransom cell in narrow channel. MOA: tanker product theft (siphon). Weapons observed: small arms. unidentified skiff shadowed vessel for 18 minutes before withdrawing.
ASAM-2014-02331,2006-07-26T14:47:00,2006,7,4.5434,100.7296,Strait of Malacca,Container Ship,Boarded,1,0,Unknown,"Container Ship attacked by Riau Archipelago armed robbers in narrow channel. MOA: nighttime stealth boarding at anchorage. Weapons observed: RPG-7. boarders rifled bridge & masters cabin, stole cash and electronics; 3 crew sustained injuries."
ASAM-2015-02332,2006-12-02T18:28:00,2006,12,2.8302,100.841,Strait of Malacca,Container Ship,Boarded,0,4,Unknown,"Container Ship attacked by Free Aceh splinter (historical) in narrow channel. MOA: knife-armed boarders, no firearms. Weapons observed: knives/machetes. boarders rifled bridge & masters cabin, stole cash and electronics; 4 crew taken hostage; ransom demand transmitted within 72h."
ASAM-2016-02333,2015-03-01T17:27:00,2015,3,11.8113,49.4442,Gulf of Aden,Bulk Carrier,Boarded,1,0,Knives,"Bulk Carrier attacked by Puntland-based PAG in narrow channel. MOA: RPG warning shot then boarding. Weapons observed: M16 + RPG. boarders rifled bridge & masters cabin, stole cash and electronics; 4 crew sustained injuries."
ASAM-2017-02334,2003-08-06T19:23:00,2003,8,2.58,99.4681,Strait of Malacca,LPG/LNG Tanker,Boarded,0,2,Small arms,"LPG/LNG Tanker attacked by Free Aceh splinter (historical) approx 190nm offshore. MOA: nighttime stealth boarding at anchorage. Weapons observed: AK-47. boarders rifled bridge & masters cabin, stole cash and electronics; 2 crew taken hostage; ransom demand transmitted within 72h."
ASAM-2018-02335,2021-01-23T01:27:00,2021,1,4.6519,4.1478,Gulf of Guinea,Tug & Barge,Boarded,0,0,Unknown,"Tug & Barge attacked by Nigerian kidnap-for-ransom cell at anchorage. MOA: fast attack craft >150nm offshore. Weapons observed: small arms. boarders rifled bridge & masters cabin, stole cash and electronics."
ASAM-2019-02336,2012-10-27T14:18:00,2012,10,9.6731,118.3521,South China Sea,Chemical Tanker,Boarded,0,0,Knives,"Chemical Tanker attacked by Vietnamese coastal robbers at anchorage. MOA: product theft (diesel siphoning). Weapons observed: AK-47. boarders rifled bridge & masters cabin, stole cash and electronics."
ASAM-2020-02337,2012-08-12T19:30:00,2012,8,13.4173,52.2159,Gulf of Aden,Crude Oil Tanker,Fired Upon,0,0,Knives,"Crude Oil Tanker attacked by Somali pirate skiff network approx 162nm offshore. MOA: RPG warning shot then boarding. Weapons observed: knives/machetes. master engaged evasive maneuvers, RPG and small arms fire received."
ASAM-2021-02338,2008-11-03T03:20:00,2008,11,13.2472,49.6227,Gulf of Aden,Chemical Tanker,Attempted,0,0,Small arms,Chemical Tanker attacked by Puntland-based PAG at anchorage. MOA: AK-47 small arms suppression. Weapons observed: M16 + RPG. approach broken off after master sounded alarm and engaged firehoses.
ASAM-2022-02339,2003-01-25T22:42:00,2003,1,2.8094,99.4733,Strait of Malacca,Bulk Carrier,Attempted,0,0,Knives,Bulk Carrier attacked by Riau Archipelago armed robbers in narrow channel. MOA: nighttime stealth boarding at anchorage. Weapons observed: RPG-7. approach broken off after master sounded alarm and engaged firehoses.
ASAM-2023-02340,2005-03-03T18:38:00,2005,3,4.9017,121.043,Sulu Sea,Container Ship,Boarded,0,0,Knives,"Container Ship attacked by BIFF splinter group approx 236nm offshore. MOA: M16 + RPG armed boarding. Weapons observed: AK-47. boarders rifled bridge & masters cabin, stole cash and electronics."
ASAM-2024-02341,2017-03-18T04:11:00,2017,3,5.9288,120.2875,Sulu Sea,Bulk Carrier,Attempted,0,0,AK-47,Bulk Carrier attacked by BIFF splinter group at anchorage. MOA: abduction of fishing crew. Weapons observed: M16 + RPG. approach broken off after master sounded alarm and engaged firehoses.
ASAM-2025-02342,2022-06-06T22:39:00,2022,6,14.0244,49.9694,Gulf of Aden,Bulk Carrier,Suspicious Approach,0,0,Knives,Bulk Carrier attacked by Hobyo-Harardhere PAG underway in transit lane. MOA: mothership-launched skiff swarm. Weapons observed: M16 + RPG. unidentified skiff shadowed vessel for 18 minutes before withdrawing.
ASAM-1993-02343,2020-08-05T05:50:00,2020,8,3.3215,5.891,Gulf of Guinea,Chemical Tanker,Boarded,0,0,Knives,"Chemical Tanker attacked by Nigerian kidnap-for-ransom cell at anchorage. MOA: fast attack craft >150nm offshore. Weapons observed: RPG-7. boarders rifled bridge & masters cabin, stole cash and electronics."
ASAM-1994-02344,2020-01-02T03:05:00,2020,1,5.8832,6.0248,Gulf of Guinea,Container Ship,Hijacked,0,12,RPG,"Container Ship attacked by Nigerian kidnap-for-ransom cell approx 247nm offshore. MOA: kidnap-for-ransom of officers. Weapons observed: small arms. vessel hijacked, crew of 28 taken to coastal anchorage; 12 crew taken hostage; ransom demand transmitted within 72h."
ASAM-1995-02345,2006-04-24T04:42:00,2006,4,2.4157,102.6485,Strait of Malacca,General Cargo,Boarded,0,0,Small arms,"General Cargo attacked by Indonesian coastal gang approx 103nm offshore. MOA: nighttime stealth boarding at anchorage. Weapons observed: AK-47. boarders rifled bridge & masters cabin, stole cash and electronics."
ASAM-1996-02346,2024-06-07T00:43:00,2024,6,3.4901,100.0735,Strait of Malacca,Crude Oil Tanker,Boarded,0,0,Knives,"Crude Oil Tanker attacked by Indonesian coastal gang at anchorage. MOA: fast skiff rob at narrow channel. Weapons observed: AK-47. boarders rifled bridge & masters cabin, stole cash and electronics."
ASAM-1997-02347,2007-05-20T03:59:00,2007,5,15.1081,49.305,Gulf of Aden,Fishing Vessel,Attempted,0,0,Unknown,Fishing Vessel attacked by Hobyo-Harardhere PAG approx 104nm offshore. MOA: mothership-launched skiff swarm. Weapons observed: M16 + RPG. approach broken off after master sounded alarm and engaged firehoses.
ASAM-1998-02348,2021-10-26T22:51:00,2021,10,11.5198,49.0219,Gulf of Aden,Chemical Tanker,Suspicious Approach,0,0,RPG,Chemical Tanker attacked by Somali pirate skiff network underway in transit lane. MOA: AK-47 small arms suppression. Weapons observed: knives/machetes. unidentified skiff shadowed vessel for 18 minutes before withdrawing.
ASAM-1999-02349,2014-09-13T21:34:00,2014,9,12.627,48.4957,Gulf of Aden,Bulk Carrier,Boarded,0,0,RPG,"Bulk Carrier attacked by Hobyo-Harardhere PAG in narrow channel. MOA: mothership-launched skiff swarm. Weapons observed: AK-47. boarders rifled bridge & masters cabin, stole cash and electronics."
ASAM-2000-02350,2020-09-23T00:09:00,2020,9,8.3362,8.8196,Gulf of Guinea,Bulk Carrier,Attempted,1,0,RPG,Bulk Carrier attacked by Nigerian kidnap-for-ransom cell in narrow channel. MOA: AK-47 + GPMG armed boarding. Weapons observed: M16 + RPG. approach broken off after master sounded alarm and engaged firehoses; 1 crew sustained injuries.
ASAM-2001-02351,2019-11-22T21:08:00,2019,11,4.6208,8.3543,Gulf of Guinea,Offshore Supply,Boarded,0,0,AK-47,"Offshore Supply attacked by Nigerian kidnap-for-ransom cell underway in transit lane. MOA: AK-47 + GPMG armed boarding. Weapons observed: AK-47. boarders rifled bridge & masters cabin, stole cash and electronics."
ASAM-2002-02352,2016-10-14T04:01:00,2016,10,5.7756,120.8408,Sulu Sea,Chemical Tanker,Boarded,0,0,RPG,"Chemical Tanker attacked by BIFF splinter group approx 242nm offshore. MOA: hostage transfer to Jolo island camps. Weapons observed: AK-47. boarders rifled bridge & masters cabin, stole cash and electronics."
ASAM-2003-02353,2019-02-11T20:30:00,2019,2,5.8485,8.4768,Gulf of Guinea,Container Ship,Hijacked,0,25,RPG,"Container Ship attacked by Bakassi Strike Force remnant in narrow channel. MOA: tanker product theft (siphon). Weapons observed: knives/machetes. vessel hijacked, crew of 24 taken to coastal anchorage; 25 crew taken hostage; ransom demand transmitted within 72h."
ASAM-2004-02354,2011-12-08T17:56:00,2011,12,12.846,49.7848,Gulf of Aden,Bulk Carrier,Boarded,0,0,AK-47,"Bulk Carrier attacked by Puntland-based PAG underway in transit lane. MOA: grappling hook boarding at low freeboard. Weapons observed: RPG-7. boarders rifled bridge & masters cabin, stole cash and electronics."
ASAM-2005-02355,2004-01-13T10:58:00,2004,1,3.7105,99.1457,Strait of Malacca,Tug & Barge,Boarded,0,0,AK-47,"Tug & Barge attacked by Riau Archipelago armed robbers in narrow channel. MOA: knife-armed boarders, no firearms. Weapons observed: AK-47. boarders rifled bridge & masters cabin, stole cash and electronics."
ASAM-2006-02356,2003-06-24T19:57:00,2003,6,2.9261,101.5732,Strait of Malacca,Bulk Carrier,Boarded,1,0,AK-47,"Bulk Carrier attacked by Indonesian coastal gang in narrow channel. MOA: crew rob & flee in <30 min. Weapons observed: RPG-7. boarders rifled bridge & masters cabin, stole cash and electronics; 2 crew sustained injuries."
ASAM-2007-02357,2019-08-06T20:03:00,2019,8,3.395,5.0745,Gulf of Guinea,Container Ship,Suspicious Approach,0,0,Unknown,Container Ship attacked by Bakassi Strike Force remnant underway in transit lane. MOA: tanker product theft (siphon). Weapons observed: AK-47. unidentified skiff shadowed vessel for 18 minutes before withdrawing.
ASAM-2008-02358,2005-05-19T01:17:00,2005,5,9.7712,-65.2689,Caribbean / Venezuelan,Crude Oil Tanker,Boarded,0,1,RPG,"Crude Oil Tanker attacked by Venezuelan coastal gang approx 19nm offshore. MOA: small arms intimidation. Weapons observed: knives/machetes. boarders rifled bridge & masters cabin, stole cash and electronics; 1 crew taken hostage; ransom demand transmitted within 72h."
ASAM-2009-02359,2017-11-02T21:45:00,2017,11,6.2857,119.809,Sulu Sea,LPG/LNG Tanker,Suspicious Approach,0,0,Small arms,LPG/LNG Tanker attacked by Abu Sayyaf maritime cell in narrow channel. MOA: speedboat intercept tug & barge. Weapons observed: M16 + RPG. unidentified skiff shadowed vessel for 18 minutes before withdrawing.
ASAM-2010-02360,2004-05-24T12:53:00,2004,5,5.5577,99.6843,Strait of Malacca,LPG/LNG Tanker,Attempted,1,0,RPG,LPG/LNG Tanker attacked by Riau Archipelago armed robbers in narrow channel. MOA: crew rob & flee in <30 min. Weapons observed: M16 + RPG. approach broken off after master sounded alarm and engaged firehoses; 1 crew sustained injuries.
ASAM-2011-02361,2002-01-03T10:14:00,2002,1,4.3999,10.5882,Gulf of Guinea,Bulk Carrier,Attempted,0,0,AK-47,Bulk Carrier attacked by Nigerian kidnap-for-ransom cell underway in transit lane. MOA: tanker product theft (siphon). Weapons observed: M16 + RPG. approach broken off after master sounded alarm and engaged firehoses.
ASAM-2012-02362,2004-11-04T06:40:00,2004,11,3.3054,98.9893,Strait of Malacca,Fishing Vessel,Attempted,0,0,Small arms,Fishing Vessel attacked by Free Aceh splinter (historical) in narrow channel. MOA: crew rob & flee in <30 min. Weapons observed: AK-47. approach broken off after master sounded alarm and engaged firehoses.
ASAM-2013-02363,2009-07-05T19:06:00,2009,7,12.3856,48.1134,Gulf of Aden,General Cargo,Boarded,0,0,Knives,"General Cargo attacked by Somali pirate skiff network underway in transit lane. MOA: AK-47 small arms suppression. Weapons observed: small arms. boarders rifled bridge & masters cabin, stole cash and electronics."
ASAM-2014-02364,2017-02-01T19:02:00,2017,2,10.3877,-64.7279,Caribbean / Venezuelan,Yacht,Boarded,0,0,AK-47,"Yacht attacked by Trinidad-Tobago smuggler crew at anchorage. MOA: crew theft + minor injuries. Weapons observed: RPG-7. boarders rifled bridge & masters cabin, stole cash and electronics."
ASAM-2015-02365,2015-02-28T04:26:00,2015,2,2.5896,99.1883,Strait of Malacca,Chemical Tanker,Boarded,0,0,RPG,"Chemical Tanker attacked by Free Aceh splinter (historical) approx 196nm offshore. MOA: fast skiff rob at narrow channel. Weapons observed: small arms. boarders rifled bridge & masters cabin, stole cash and electronics."
ASAM-2016-02366,2022-02-25T09:19:00,2022,2,4.6449,4.714,Gulf of Guinea,Bulk Carrier,Fired Upon,0,0,Knives,"Bulk Carrier attacked by Niger Delta militant offshoot at anchorage. MOA: tanker product theft (siphon). Weapons observed: small arms. master engaged evasive maneuvers, RPG and small arms fire received."
ASAM-2017-02367,2013-08-01T03:42:00,2013,8,4.3519,6.4379,Gulf of Guinea,Bulk Carrier,Fired Upon,0,0,Knives,"Bulk Carrier attacked by Niger Delta militant offshoot in narrow channel. MOA: fast attack craft >150nm offshore. Weapons observed: AK-47. master engaged evasive maneuvers, RPG and small arms fire received."
ASAM-2018-02368,2015-05-08T01:50:00,2015,5,6.3134,121.3458,Sulu Sea,General Cargo,Fired Upon,1,0,Unknown,"General Cargo attacked by Sulu archipelago kidnapping ring approx 71nm offshore. MOA: hostage transfer to Jolo island camps. Weapons observed: M16 + RPG. master engaged evasive maneuvers, RPG and small arms fire received; 1 crew sustained injuries."
ASAM-2019-02369,2006-11-14T20:08:00,2006,11,4.6983,100.5961,Strait of Malacca,Crude Oil Tanker,Attempted,0,0,AK-47,Crude Oil Tanker attacked by Riau Archipelago armed robbers approx 134nm offshore. MOA: fast skiff rob at narrow channel. Weapons observed: RPG-7. approach broken off after master sounded alarm and engaged firehoses.
ASAM-2020-02370,2024-04-14T17:19:00,2024,4,11.3815,49.4671,Gulf of Aden,Crude Oil Tanker,Attempted,0,0,AK-47,Crude Oil Tanker attacked by Somali pirate skiff network in narrow channel. MOA: AK-47 small arms suppression. Weapons observed: knives/machetes. approach broken off after master sounded alarm and engaged firehoses.
ASAM-2021-02371,2025-03-17T21:38:00,2025,3,11.1294,113.5472,South China Sea,Fishing Vessel,Hijacked,0,11,AK-47,"Fishing Vessel attacked by Filipino anchor-rob crew underway in transit lane. MOA: product theft (diesel siphoning). Weapons observed: RPG-7. vessel hijacked, crew of 27 taken to coastal anchorage; 11 crew taken hostage; ransom demand transmitted within 72h."
ASAM-2022-02372,2017-12-11T22:18:00,2017,12,12.0024,-63.5931,Caribbean / Venezuelan,Crude Oil Tanker,Fired Upon,1,0,Small arms,"Crude Oil Tanker attacked by Trinidad-Tobago smuggler crew in narrow channel. MOA: crew theft + minor injuries. Weapons observed: small arms. master engaged evasive maneuvers, RPG and small arms fire received; 3 crew sustained injuries."
ASAM-2023-02373,2006-07-06T01:10:00,2006,7,3.5269,101.3411,Strait of Malacca,General Cargo,Boarded,0,0,RPG,"General Cargo attacked by Free Aceh splinter (historical) at anchorage. MOA: knife-armed boarders, no firearms. Weapons observed: AK-47. boarders rifled bridge & masters cabin, stole cash and electronics."
ASAM-2024-02374,2024-11-12T18:26:00,2024,11,6.532,4.2279,Gulf of Guinea,General Cargo,Attempted,0,0,Small arms,General Cargo attacked by Niger Delta militant offshoot underway in transit lane. MOA: AK-47 + GPMG armed boarding. Weapons observed: AK-47. approach broken off after master sounded alarm and engaged firehoses.
ASAM-2025-02375,2008-02-10T23:26:00,2008,2,14.7619,50.9403,Gulf of Aden,Bulk Carrier,Boarded,0,0,Knives,"Bulk Carrier attacked by Hobyo-Harardhere PAG approx 133nm offshore. MOA: AK-47 small arms suppression. Weapons observed: AK-47. boarders rifled bridge & masters cabin, stole cash and electronics."
ASAM-1993-02376,2018-10-08T03:30:00,2018,10,2.253,8.3153,Gulf of Guinea,Offshore Supply,Suspicious Approach,0,0,Unknown,Offshore Supply attacked by Niger Delta militant offshoot approx 19nm offshore. MOA: fast attack craft >150nm offshore. Weapons observed: RPG-7. unidentified skiff shadowed vessel for 18 minutes before withdrawing.
ASAM-1994-02377,1997-09-12T04:07:00,1997,9,3.038,3.1847,Gulf of Guinea,Tug & Barge,Boarded,0,0,Knives,"Tug & Barge attacked by Nigerian kidnap-for-ransom cell approx 119nm offshore. MOA: kidnap-for-ransom of officers. Weapons observed: AK-47. boarders rifled bridge & masters cabin, stole cash and electronics."
ASAM-1995-02378,2017-12-22T21:48:00,2017,12,10.8455,-64.5581,Caribbean / Venezuelan,Crude Oil Tanker,Boarded,0,0,AK-47,"Crude Oil Tanker attacked by Trinidad-Tobago smuggler crew underway in transit lane. MOA: small arms intimidation. Weapons observed: knives/machetes. boarders rifled bridge & masters cabin, stole cash and electronics."
ASAM-1996-02379,2003-04-14T21:38:00,2003,4,3.8345,99.0172,Strait of Malacca,Container Ship,Fired Upon,0,0,Unknown,"Container Ship attacked by Indonesian coastal gang underway in transit lane. MOA: fast skiff rob at narrow channel. Weapons observed: small arms. master engaged evasive maneuvers, RPG and small arms fire received."
ASAM-1997-02380,2009-03-21T03:27:00,2009,3,12.5399,48.5933,Gulf of Aden,Container Ship,Attempted,1,0,Unknown,Container Ship attacked by Hobyo-Harardhere PAG at anchorage. MOA: grappling hook boarding at low freeboard. Weapons observed: M16 + RPG. approach broken off after master sounded alarm and engaged firehoses; 1 crew sustained injuries.
ASAM-1998-02381,2009-11-02T03:07:00,2009,11,11.9813,51.3288,Gulf of Aden,Bulk Carrier,Attempted,1,0,Unknown,Bulk Carrier attacked by Somali pirate skiff network underway in transit lane. MOA: RPG warning shot then boarding. Weapons observed: RPG-7. approach broken off after master sounded alarm and engaged firehoses; 3 crew sustained injuries.
ASAM-1999-02382,2020-06-07T14:45:00,2020,6,5.0648,3.5535,Gulf of Guinea,Fishing Vessel,Boarded,0,0,AK-47,"Fishing Vessel attacked by Bakassi Strike Force remnant underway in transit lane. MOA: AK-47 + GPMG armed boarding. Weapons observed: M16 + RPG. boarders rifled bridge & masters cabin, stole cash and electronics."
ASAM-2000-02383,1993-08-23T01:53:00,1993,8,5.1369,120.338,Sulu Sea,Crude Oil Tanker,Attempted,0,0,RPG,Crude Oil Tanker attacked by BIFF splinter group at anchorage. MOA: hostage transfer to Jolo island camps. Weapons observed: knives/machetes. approach broken off after master sounded alarm and engaged firehoses.
ASAM-2001-02384,2008-12-01T04:57:00,2008,12,13.8049,49.1106,Gulf of Aden,Bulk Carrier,Boarded,0,0,Knives,"Bulk Carrier attacked by Puntland-based PAG underway in transit lane. MOA: RPG warning shot then boarding. Weapons observed: small arms. boarders rifled bridge & masters cabin, stole cash and electronics."
ASAM-2002-02385,2004-08-04T04:06:00,2004,8,3.394,99.607,Strait of Malacca,General Cargo,Hijacked,0,18,RPG,"General Cargo attacked by Free Aceh splinter (historical) approx 31nm offshore. MOA: nighttime stealth boarding at anchorage. Weapons observed: knives/machetes. vessel hijacked, crew of 27 taken to coastal anchorage; 18 crew taken hostage; ransom demand transmitted within 72h."
ASAM-2003-02386,2009-06-27T13:25:00,2009,6,12.1731,52.4152,Gulf of Aden,Bulk Carrier,Boarded,0,0,Unknown,"Bulk Carrier attacked by Hobyo-Harardhere PAG in narrow channel. MOA: RPG warning shot then boarding. Weapons observed: knives/machetes. boarders rifled bridge & masters cabin, stole cash and electronics."
ASAM-2004-02387,2015-06-27T03:43:00,2015,6,10.1628,112.1505,South China Sea,Container Ship,Suspicious Approach,0,0,AK-47,Container Ship attacked by Vietnamese coastal robbers approx 33nm offshore. MOA: product theft (diesel siphoning). Weapons observed: M16 + RPG. unidentified skiff shadowed vessel for 18 minutes before withdrawing.
ASAM-2005-02388,2005-05-14T04:51:00,2005,5,4.9976,101.1768,Strait of Malacca,Bulk Carrier,Fired Upon,1,0,RPG,"Bulk Carrier attacked by Indonesian coastal gang underway in transit lane. MOA: crew rob & flee in <30 min. Weapons observed: knives/machetes. master engaged evasive maneuvers, RPG and small arms fire received; 3 crew sustained injuries."
ASAM-2006-02389,2009-02-07T04:02:00,2009,2,5.5956,4.5055,Gulf of Guinea,Chemical Tanker,Boarded,0,0,Small arms,"Chemical Tanker attacked by Bakassi Strike Force remnant at anchorage. MOA: fast attack craft >150nm offshore. Weapons observed: RPG-7. boarders rifled bridge & masters cabin, stole cash and electronics."
ASAM-2007-02390,2012-02-12T22:36:00,2012,2,11.8803,48.839,Gulf of Aden,Yacht,Boarded,0,0,AK-47,"Yacht attacked by Hobyo-Harardhere PAG in narrow channel. MOA: grappling hook boarding at low freeboard. Weapons observed: knives/machetes. boarders rifled bridge & masters cabin, stole cash and electronics."
ASAM-2008-02391,2019-01-24T16:03:00,2019,1,5.5568,6.0034,Gulf of Guinea,Chemical Tanker,Attempted,0,0,AK-47,Chemical Tanker attacked by Niger Delta militant offshoot approx 68nm offshore. MOA: fast attack craft >150nm offshore. Weapons observed: small arms. approach broken off after master sounded alarm and engaged firehoses.
ASAM-2009-02392,2021-05-09T05:02:00,2021,5,9.2381,111.8393,South China Sea,Chemical Tanker,Boarded,0,3,Unknown,"Chemical Tanker attacked by Vietnamese coastal robbers approx 255nm offshore. MOA: product theft (diesel siphoning). Weapons observed: small arms. boarders rifled bridge & masters cabin, stole cash and electronics; 3 crew taken hostage; ransom demand transmitted within 72h."
ASAM-2010-02393,2009-09-05T00:51:00,2009,9,14.2977,47.2812,Gulf of Aden,Container Ship,Boarded,0,0,AK-47,"Container Ship attacked by Somali pirate skiff network at anchorage. MOA: mothership-launched skiff swarm. Weapons observed: knives/machetes. boarders rifled bridge & masters cabin, stole cash and electronics."
ASAM-2011-02394,2018-04-21T21:20:00,2018,4,5.2759,121.4411,Sulu Sea,Bulk Carrier,Attempted,0,0,Knives,Bulk Carrier attacked by Abu Sayyaf maritime cell in narrow channel. MOA: speedboat intercept tug & barge. Weapons observed: M16 + RPG. approach broken off after master sounded alarm and engaged firehoses.
ASAM-2012-02395,2009-03-28T02:43:00,2009,3,6.6823,119.2883,Sulu Sea,Fishing Vessel,Boarded,0,0,Unknown,"Fishing Vessel attacked by Sulu archipelago kidnapping ring at anchorage. MOA: hostage transfer to Jolo island camps. Weapons observed: RPG-7. boarders rifled bridge & masters cabin, stole cash and electronics."
ASAM-2013-02396,2000-11-19T21:14:00,2000,11,13.8479,48.6388,Gulf of Aden,Bulk Carrier,Boarded,1,0,RPG,"Bulk Carrier attacked by Hobyo-Harardhere PAG at anchorage. MOA: grappling hook boarding at low freeboard. Weapons observed: M16 + RPG. boarders rifled bridge & masters cabin, stole cash and electronics; 3 crew sustained injuries."
ASAM-2014-02397,1994-05-23T04:08:00,1994,5,3.6616,10.2402,Gulf of Guinea,Chemical Tanker,Fired Upon,0,0,Knives,"Chemical Tanker attacked by Bakassi Strike Force remnant approx 33nm offshore. MOA: AK-47 + GPMG armed boarding. Weapons observed: RPG-7. master engaged evasive maneuvers, RPG and small arms fire received."
ASAM-2015-02398,2008-09-22T16:30:00,2008,9,11.4696,47.161,Gulf of Aden,General Cargo,Attempted,0,0,Unknown,General Cargo attacked by Hobyo-Harardhere PAG in narrow channel. MOA: grappling hook boarding at low freeboard. Weapons observed: knives/machetes. approach broken off after master sounded alarm and engaged firehoses.
ASAM-2016-02399,1996-12-05T21:24:00,1996,12,7.6042,111.8163,South China Sea,Container Ship,Boarded,1,0,Knives,"Container Ship attacked by Filipino anchor-rob crew approx 37nm offshore. MOA: product theft (diesel siphoning). Weapons observed: RPG-7. boarders rifled bridge & masters cabin, stole cash and electronics; 1 crew sustained injuries."
ASAM-2017-02400,1999-09-11T02:24:00,1999,9,13.0647,49.846,Gulf of Aden,LPG/LNG Tanker,Attempted,0,0,Unknown,LPG/LNG Tanker attacked by Puntland-based PAG in narrow channel. MOA: grappling hook boarding at low freeboard. Weapons observed: knives/machetes. approach broken off after master sounded alarm and engaged firehoses.
ASAM-2018-02401,2010-04-13T01:34:00,2010,4,8.1729,113.2527,South China Sea,LPG/LNG Tanker,Attempted,0,0,AK-47,LPG/LNG Tanker attacked by Vietnamese coastal robbers underway in transit lane. MOA: stealth anchorage boarding. Weapons observed: small arms. approach broken off after master sounded alarm and engaged firehoses.
ASAM-2019-02402,2011-11-07T05:38:00,2011,11,13.2079,49.2168,Gulf of Aden,Container Ship,Fired Upon,0,0,Small arms,"Container Ship attacked by Puntland-based PAG at anchorage. MOA: AK-47 small arms suppression. Weapons observed: AK-47. master engaged evasive maneuvers, RPG and small arms fire received."
ASAM-2020-02403,2006-03-28T23:45:00,2006,3,4.1519,101.1081,Strait of Malacca,Container Ship,Boarded,0,1,Unknown,"Container Ship attacked by Indonesian coastal gang at anchorage. MOA: fast skiff rob at narrow channel. Weapons observed: RPG-7. boarders rifled bridge & masters cabin, stole cash and electronics; 1 crew taken hostage; ransom demand transmitted within 72h."
ASAM-2021-02404,2017-07-01T05:04:00,2017,7,4.9073,121.02,Sulu Sea,Container Ship,Boarded,0,0,AK-47,"Container Ship attacked by BIFF splinter group in narrow channel. MOA: abduction of fishing crew. Weapons observed: small arms. boarders rifled bridge & masters cabin, stole cash and electronics."
ASAM-2022-02405,2010-06-05T05:22:00,2010,6,11.5205,52.4347,Gulf of Aden,Yacht,Attempted,0,0,Knives,Yacht attacked by Puntland-based PAG approx 35nm offshore. MOA: mothership-launched skiff swarm. Weapons observed: RPG-7. approach broken off after master sounded alarm and engaged firehoses.
ASAM-2023-02406,2004-09-20T02:40:00,2004,9,2.8251,6.271,Gulf of Guinea,General Cargo,Hijacked,1,25,AK-47,"General Cargo attacked by Nigerian kidnap-for-ransom cell approx 198nm offshore. MOA: kidnap-for-ransom of officers. Weapons observed: knives/machetes. vessel hijacked, crew of 18 taken to coastal anchorage; 1 crew sustained injuries; 25 crew taken hostage; ransom demand transmitted within 72h."
ASAM-2024-02407,2008-09-11T22:25:00,2008,9,12.31,50.1464,Gulf of Aden,Container Ship,Boarded,1,0,Knives,"Container Ship attacked by Somali pirate skiff network approx 39nm offshore. MOA: AK-47 small arms suppression. Weapons observed: RPG-7. boarders rifled bridge & masters cabin, stole cash and electronics; 2 crew sustained injuries."
ASAM-2025-02408,2021-02-09T13:13:00,2021,2,5.3505,3.8059,Gulf of Guinea,Tug & Barge,Boarded,0,6,RPG,"Tug & Barge attacked by Niger Delta militant offshoot in narrow channel. MOA: tanker product theft (siphon). Weapons observed: knives/machetes. boarders rifled bridge & masters cabin, stole cash and electronics; 6 crew taken hostage; ransom demand transmitted within 72h."
ASAM-1993-02409,2018-02-05T21:51:00,2018,2,7.1846,119.9181,Sulu Sea,Chemical Tanker,Suspicious Approach,0,0,Unknown,Chemical Tanker attacked by BIFF splinter group in narrow channel. MOA: hostage transfer to Jolo island camps. Weapons observed: M16 + RPG. unidentified skiff shadowed vessel for 18 minutes before withdrawing.
ASAM-1994-02410,2008-04-09T13:25:00,2008,4,6.8098,119.0612,Sulu Sea,Tug & Barge,Boarded,1,1,AK-47,"Tug & Barge attacked by Sulu archipelago kidnapping ring approx 250nm offshore. MOA: abduction of fishing crew. Weapons observed: RPG-7. boarders rifled bridge & masters cabin, stole cash and electronics; 1 crew sustained injuries; 1 crew taken hostage; ransom demand transmitted within 72h."
ASAM-1995-02411,2016-10-09T03:34:00,2016,10,11.7432,49.8507,Gulf of Aden,Chemical Tanker,Attempted,0,0,Unknown,Chemical Tanker attacked by Hobyo-Harardhere PAG at anchorage. MOA: RPG warning shot then boarding. Weapons observed: AK-47. approach broken off after master sounded alarm and engaged firehoses.
ASAM-1996-02412,2005-05-26T05:32:00,2005,5,2.9946,101.0235,Strait of Malacca,Container Ship,Attempted,0,0,RPG,Container Ship attacked by Indonesian coastal gang at anchorage. MOA: crew rob & flee in <30 min. Weapons observed: AK-47. approach broken off after master sounded alarm and engaged firehoses.
ASAM-1997-02413,2004-05-15T00:33:00,2004,5,4.2949,8.4091,Gulf of Guinea,General Cargo,Boarded,0,0,RPG,"General Cargo attacked by Bakassi Strike Force remnant underway in transit lane. MOA: kidnap-for-ransom of officers. Weapons observed: knives/machetes. boarders rifled bridge & masters cabin, stole cash and electronics."
ASAM-1998-02414,2023-09-23T03:50:00,2023,9,14.6727,49.1063,Gulf of Aden,RoRo Vehicle Carrier,Attempted,0,0,Unknown,RoRo Vehicle Carrier attacked by Somali pirate skiff network underway in transit lane. MOA: grappling hook boarding at low freeboard. Weapons observed: RPG-7. approach broken off after master sounded alarm and engaged firehoses.
ASAM-1999-02415,2019-01-18T03:41:00,2019,1,13.5974,50.8152,Gulf of Aden,Bulk Carrier,Boarded,0,0,Small arms,"Bulk Carrier attacked by Puntland-based PAG in narrow channel. MOA: grappling hook boarding at low freeboard. Weapons observed: M16 + RPG. boarders rifled bridge & masters cabin, stole cash and electronics."
ASAM-2000-02416,1994-12-12T19:32:00,1994,12,3.8915,99.7737,Strait of Malacca,Bulk Carrier,Boarded,1,6,AK-47,"Bulk Carrier attacked by Riau Archipelago armed robbers at anchorage. MOA: fast skiff rob at narrow channel. Weapons observed: AK-47. boarders rifled bridge & masters cabin, stole cash and electronics; 4 crew sustained injuries; 6 crew taken hostage; ransom demand transmitted within 72h."
ASAM-2001-02417,2015-04-05T01:47:00,2015,4,9.8482,113.9278,South China Sea,LPG/LNG Tanker,Boarded,0,0,RPG,"LPG/LNG Tanker attacked by Filipino anchor-rob crew at anchorage. MOA: stealth anchorage boarding. Weapons observed: M16 + RPG. boarders rifled bridge & masters cabin, stole cash and electronics."
ASAM-2002-02418,2017-04-07T20:14:00,2017,4,13.0387,49.3519,Gulf of Aden,General Cargo,Boarded,0,0,Knives,"General Cargo attacked by Puntland-based PAG in narrow channel. MOA: grappling hook boarding at low freeboard. Weapons observed: knives/machetes. boarders rifled bridge & masters cabin, stole cash and electronics."
ASAM-2003-02419,2019-05-10T04:15:00,2019,5,11.5293,48.1273,Gulf of Aden,RoRo Vehicle Carrier,Boarded,0,0,AK-47,"RoRo Vehicle Carrier attacked by Puntland-based PAG underway in transit lane. MOA: mothership-launched skiff swarm. Weapons observed: knives/machetes. boarders rifled bridge & masters cabin, stole cash and electronics."
ASAM-2004-02420,2009-04-15T00:48:00,2009,4,13.0851,51.6576,Gulf of Aden,Chemical Tanker,Boarded,1,0,Unknown,"Chemical Tanker attacked by Somali pirate skiff network approx 73nm offshore. MOA: RPG warning shot then boarding. Weapons observed: small arms. boarders rifled bridge & masters cabin, stole cash and electronics; 2 crew sustained injuries."
ASAM-2005-02421,2010-04-14T07:11:00,2010,4,11.8677,46.0886,Gulf of Aden,Container Ship,Attempted,1,0,Small arms,Container Ship attacked by Puntland-based PAG in narrow channel. MOA: RPG warning shot then boarding. Weapons observed: RPG-7. approach broken off after master sounded alarm and engaged firehoses; 3 crew sustained injuries.
ASAM-2006-02422,2021-08-27T06:41:00,2021,8,6.7884,7.0528,Gulf of Guinea,Chemical Tanker,Attempted,0,0,Unknown,Chemical Tanker attacked by Nigerian kidnap-for-ransom cell at anchorage. MOA: tanker product theft (siphon). Weapons observed: knives/machetes. approach broken off after master sounded alarm and engaged firehoses.
ASAM-2007-02423,2009-12-21T23:11:00,2009,12,11.8374,48.1572,Gulf of Aden,Bulk Carrier,Fired Upon,0,0,RPG,"Bulk Carrier attacked by Somali pirate skiff network approx 49nm offshore. MOA: grappling hook boarding at low freeboard. Weapons observed: M16 + RPG. master engaged evasive maneuvers, RPG and small arms fire received."
ASAM-2008-02424,2012-01-08T05:15:00,2012,1,14.2521,50.2429,Gulf of Aden,RoRo Vehicle Carrier,Boarded,0,0,Unknown,"RoRo Vehicle Carrier attacked by Somali pirate skiff network approx 178nm offshore. MOA: mothership-launched skiff swarm. Weapons observed: knives/machetes. boarders rifled bridge & masters cabin, stole cash and electronics."
ASAM-2009-02425,2009-11-24T01:19:00,2009,11,12.5011,51.6179,Gulf of Aden,Tug & Barge,Suspicious Approach,0,0,RPG,Tug & Barge attacked by Puntland-based PAG underway in transit lane. MOA: mothership-launched skiff swarm. Weapons observed: M16 + RPG. unidentified skiff shadowed vessel for 18 minutes before withdrawing.
ASAM-2010-02426,2013-10-15T12:18:00,2013,10,4.1224,100.3538,Strait of Malacca,Container Ship,Attempted,0,0,Unknown,Container Ship attacked by Free Aceh splinter (historical) in narrow channel. MOA: crew rob & flee in <30 min. Weapons observed: M16 + RPG. approach broken off after master sounded alarm and engaged firehoses.
ASAM-2011-02427,2022-04-21T18:21:00,2022,4,6.3254,8.9262,Gulf of Guinea,LPG/LNG Tanker,Suspicious Approach,0,0,Knives,LPG/LNG Tanker attacked by Niger Delta militant offshoot underway in transit lane. MOA: tanker product theft (siphon). Weapons observed: AK-47. unidentified skiff shadowed vessel for 18 minutes before withdrawing.
ASAM-2012-02428,2022-09-25T02:54:00,2022,9,2.2695,101.3055,Strait of Malacca,Crude Oil Tanker,Attempted,0,0,RPG,Crude Oil Tanker attacked by Indonesian coastal gang at anchorage. MOA: nighttime stealth boarding at anchorage. Weapons observed: M16 + RPG. approach broken off after master sounded alarm and engaged firehoses.
ASAM-2013-02429,2002-06-19T19:52:00,2002,6,12.8007,50.8891,Gulf of Aden,Yacht,Attempted,0,0,Unknown,Yacht attacked by Somali pirate skiff network approx 81nm offshore. MOA: grappling hook boarding at low freeboard. Weapons observed: AK-47. approach broken off after master sounded alarm and engaged firehoses.
ASAM-2014-02430,2023-06-12T17:51:00,2023,6,7.4855,111.8856,South China Sea,Bulk Carrier,Hijacked,0,24,Unknown,"Bulk Carrier attacked by Vietnamese coastal robbers at anchorage. MOA: stealth anchorage boarding. Weapons observed: AK-47. vessel hijacked, crew of 28 taken to coastal anchorage; 24 crew taken hostage; ransom demand transmitted within 72h."
ASAM-2015-02431,2012-04-09T04:05:00,2012,4,12.9024,49.4082,Gulf of Aden,LPG/LNG Tanker,Attempted,0,0,Knives,LPG/LNG Tanker attacked by Hobyo-Harardhere PAG underway in transit lane. MOA: mothership-launched skiff swarm. Weapons observed: AK-47. approach broken off after master sounded alarm and engaged firehoses.
ASAM-2016-02432,2019-02-03T05:59:00,2019,2,11.3457,114.332,South China Sea,Crude Oil Tanker,Attempted,0,0,Unknown,Crude Oil Tanker attacked by Vietnamese coastal robbers approx 141nm offshore. MOA: stealth anchorage boarding. Weapons observed: M16 + RPG. approach broken off after master sounded alarm and engaged firehoses.
ASAM-2017-02433,2002-08-15T07:26:00,2002,8,2.223,3.9224,Gulf of Guinea,Chemical Tanker,Boarded,0,0,AK-47,"Chemical Tanker attacked by Nigerian kidnap-for-ransom cell approx 190nm offshore. MOA: AK-47 + GPMG armed boarding. Weapons observed: knives/machetes. boarders rifled bridge & masters cabin, stole cash and electronics."
ASAM-2018-02434,2005-09-25T03:45:00,2005,9,3.7184,101.8544,Strait of Malacca,LPG/LNG Tanker,Boarded,0,0,Knives,"LPG/LNG Tanker attacked by Indonesian coastal gang approx 33nm offshore. MOA: knife-armed boarders, no firearms. Weapons observed: M16 + RPG. boarders rifled bridge & masters cabin, stole cash and electronics."
ASAM-2019-02435,2011-12-23T02:35:00,2011,12,12.4082,49.9342,Gulf of Aden,Bulk Carrier,Fired Upon,0,0,AK-47,"Bulk Carrier attacked by Somali pirate skiff network at anchorage. MOA: mothership-launched skiff swarm. Weapons observed: AK-47. master engaged evasive maneuvers, RPG and small arms fire received."
ASAM-2020-02436,2015-06-20T16:16:00,2015,6,6.3465,5.287,Gulf of Guinea,Fishing Vessel,Attempted,0,0,RPG,Fishing Vessel attacked by Niger Delta militant offshoot in narrow channel. MOA: tanker product theft (siphon). Weapons observed: knives/machetes. approach broken off after master sounded alarm and engaged firehoses.
ASAM-2021-02437,2006-08-14T05:28:00,2006,8,3.6562,98.2342,Strait of Malacca,Crude Oil Tanker,Attempted,0,0,Small arms,Crude Oil Tanker attacked by Free Aceh splinter (historical) approx 191nm offshore. MOA: fast skiff rob at narrow channel. Weapons observed: M16 + RPG. approach broken off after master sounded alarm and engaged firehoses.
ASAM-2022-02438,2007-02-01T04:08:00,2007,2,12.1963,-66.1585,Caribbean / Venezuelan,Bulk Carrier,Boarded,1,0,Unknown,"Bulk Carrier attacked by Venezuelan coastal gang at anchorage. MOA: small arms intimidation. Weapons observed: knives/machetes. boarders rifled bridge & masters cabin, stole cash and electronics; 2 crew sustained injuries."
ASAM-2023-02439,2001-04-01T19:28:00,2001,4,11.9094,49.2388,Gulf of Aden,General Cargo,Attempted,0,0,RPG,General Cargo attacked by Somali pirate skiff network at anchorage. MOA: RPG warning shot then boarding. Weapons observed: small arms. approach broken off after master sounded alarm and engaged firehoses.
ASAM-2024-02440,1993-09-13T01:48:00,1993,9,3.6865,99.9413,Strait of Malacca,Offshore Supply,Boarded,0,0,AK-47,"Offshore Supply attacked by Free Aceh splinter (historical) in narrow channel. MOA: nighttime stealth boarding at anchorage. Weapons observed: RPG-7. boarders rifled bridge & masters cabin, stole cash and electronics."
ASAM-2025-02441,2003-02-19T01:48:00,2003,2,2.6897,101.448,Strait of Malacca,Tug & Barge,Fired Upon,1,0,RPG,"Tug & Barge attacked by Indonesian coastal gang underway in transit lane. MOA: fast skiff rob at narrow channel. Weapons observed: small arms. master engaged evasive maneuvers, RPG and small arms fire received; 3 crew sustained injuries."
ASAM-1993-02442,2010-10-16T19:31:00,2010,10,13.112,47.7733,Gulf of Aden,Chemical Tanker,Fired Upon,0,0,Knives,"Chemical Tanker attacked by Somali pirate skiff network at anchorage. MOA: RPG warning shot then boarding. Weapons observed: AK-47. master engaged evasive maneuvers, RPG and small arms fire received."
ASAM-1994-02443,2019-07-22T18:00:00,2019,7,13.5428,47.0094,Gulf of Aden,Crude Oil Tanker,Attempted,0,0,Knives,Crude Oil Tanker attacked by Hobyo-Harardhere PAG in narrow channel. MOA: RPG warning shot then boarding. Weapons observed: knives/machetes. approach broken off after master sounded alarm and engaged firehoses.
ASAM-1995-02444,2009-09-03T06:20:00,2009,9,11.0821,48.7463,Gulf of Aden,Yacht,Boarded,1,0,Small arms,"Yacht attacked by Somali pirate skiff network in narrow channel. MOA: mothership-launched skiff swarm. Weapons observed: M16 + RPG. boarders rifled bridge & masters cabin, stole cash and electronics; 2 crew sustained injuries."
ASAM-1996-02445,2005-05-02T03:45:00,2005,5,4.8147,120.9065,Sulu Sea,Container Ship,Attempted,0,0,Knives,Container Ship attacked by BIFF splinter group at anchorage. MOA: M16 + RPG armed boarding. Weapons observed: knives/machetes. approach broken off after master sounded alarm and engaged firehoses.
ASAM-1997-02446,2020-01-01T02:52:00,2020,1,3.3418,8.014,Gulf of Guinea,Crude Oil Tanker,Attempted,0,0,Unknown,Crude Oil Tanker attacked by Niger Delta militant offshoot in narrow channel. MOA: kidnap-for-ransom of officers. Weapons observed: small arms. approach broken off after master sounded alarm and engaged firehoses.
ASAM-1998-02447,2009-04-23T05:59:00,2009,4,12.1406,47.0712,Gulf of Aden,LPG/LNG Tanker,Fired Upon,0,0,AK-47,"LPG/LNG Tanker attacked by Puntland-based PAG in narrow channel. MOA: RPG warning shot then boarding. Weapons observed: RPG-7. master engaged evasive maneuvers, RPG and small arms fire received."
ASAM-1999-02448,2010-07-21T10:45:00,2010,7,12.8661,47.0675,Gulf of Aden,Bulk Carrier,Attempted,0,0,AK-47,Bulk Carrier attacked by Puntland-based PAG in narrow channel. MOA: mothership-launched skiff swarm. Weapons observed: RPG-7. approach broken off after master sounded alarm and engaged firehoses.
ASAM-2000-02449,2004-06-04T20:09:00,2004,6,3.4858,100.0834,Strait of Malacca,General Cargo,Attempted,0,0,Knives,General Cargo attacked by Riau Archipelago armed robbers in narrow channel. MOA: nighttime stealth boarding at anchorage. Weapons observed: small arms. approach broken off after master sounded alarm and engaged firehoses.
ASAM-2001-02450,2013-08-09T05:06:00,2013,8,2.783,4.8529,Gulf of Guinea,Crude Oil Tanker,Boarded,1,0,RPG,"Crude Oil Tanker attacked by Niger Delta militant offshoot at anchorage. MOA: fast attack craft >150nm offshore. Weapons observed: M16 + RPG. boarders rifled bridge & masters cabin, stole cash and electronics; 4 crew sustained injuries."
ASAM-2002-02451,2021-01-13T01:49:00,2021,1,5.0819,5.1245,Gulf of Guinea,RoRo Vehicle Carrier,Hijacked,1,12,Small arms,"RoRo Vehicle Carrier attacked by Bakassi Strike Force remnant approx 166nm offshore. MOA: kidnap-for-ransom of officers. Weapons observed: small arms. vessel hijacked, crew of 28 taken to coastal anchorage; 3 crew sustained injuries; 12 crew taken hostage; ransom demand transmitted within 72h."
ASAM-2003-02452,2008-11-08T22:00:00,2008,11,12.9957,47.7066,Gulf of Aden,Container Ship,Attempted,0,0,Unknown,Container Ship attacked by Puntland-based PAG approx 42nm offshore. MOA: grappling hook boarding at low freeboard. Weapons observed: AK-47. approach broken off after master sounded alarm and engaged firehoses.
ASAM-2004-02453,2005-04-07T22:06:00,2005,4,4.2718,99.5191,Strait of Malacca,Fishing Vessel,Boarded,0,6,AK-47,"Fishing Vessel attacked by Indonesian coastal gang at anchorage. MOA: crew rob & flee in <30 min. Weapons observed: knives/machetes. boarders rifled bridge & masters cabin, stole cash and electronics; 6 crew taken hostage; ransom demand transmitted within 72h."
ASAM-2005-02454,2006-01-23T20:26:00,2006,1,1.2608,101.6405,Strait of Malacca,Fishing Vessel,Boarded,0,0,AK-47,"Fishing Vessel attacked by Indonesian coastal gang underway in transit lane. MOA: crew rob & flee in <30 min. Weapons observed: RPG-7. boarders rifled bridge & masters cabin, stole cash and electronics."
ASAM-2006-02455,2018-09-27T20:54:00,2018,9,6.6063,121.9338,Sulu Sea,RoRo Vehicle Carrier,Hijacked,0,16,Knives,"RoRo Vehicle Carrier attacked by Abu Sayyaf maritime cell underway in transit lane. MOA: speedboat intercept tug & barge. Weapons observed: AK-47. vessel hijacked, crew of 15 taken to coastal anchorage; 16 crew taken hostage; ransom demand transmitted within 72h."
ASAM-2007-02456,2003-11-25T20:22:00,2003,11,6.0247,3.4003,Gulf of Guinea,Chemical Tanker,Suspicious Approach,0,0,Small arms,Chemical Tanker attacked by Bakassi Strike Force remnant approx 160nm offshore. MOA: kidnap-for-ransom of officers. Weapons observed: AK-47. unidentified skiff shadowed vessel for 18 minutes before withdrawing.
ASAM-2008-02457,2019-10-20T20:00:00,2019,10,10.8169,-66.1611,Caribbean / Venezuelan,Bulk Carrier,Attempted,0,0,Small arms,Bulk Carrier attacked by Venezuelan coastal gang at anchorage. MOA: small arms intimidation. Weapons observed: knives/machetes. approach broken off after master sounded alarm and engaged firehoses.
ASAM-2009-02458,2018-02-24T20:44:00,2018,2,4.7777,3.1437,Gulf of Guinea,Fishing Vessel,Attempted,0,0,Knives,Fishing Vessel attacked by Niger Delta militant offshoot at anchorage. MOA: tanker product theft (siphon). Weapons observed: small arms. approach broken off after master sounded alarm and engaged firehoses.
ASAM-2010-02459,1998-12-05T19:56:00,1998,12,6.47,4.9958,Gulf of Guinea,Fishing Vessel,Attempted,0,0,Knives,Fishing Vessel attacked by Bakassi Strike Force remnant at anchorage. MOA: AK-47 + GPMG armed boarding. Weapons observed: knives/machetes. approach broken off after master sounded alarm and engaged firehoses.
ASAM-2011-02460,1994-05-12T04:55:00,1994,5,13.4924,50.238,Gulf of Aden,Tug & Barge,Hijacked,0,15,AK-47,"Tug & Barge attacked by Puntland-based PAG at anchorage. MOA: AK-47 small arms suppression. Weapons observed: small arms. vessel hijacked, crew of 27 taken to coastal anchorage; 15 crew taken hostage; ransom demand transmitted within 72h."
ASAM-2012-02461,2017-09-17T03:59:00,2017,9,6.1667,120.9764,Sulu Sea,Container Ship,Attempted,0,0,Small arms,Container Ship attacked by BIFF splinter group in narrow channel. MOA: abduction of fishing crew. Weapons observed: M16 + RPG. approach broken off after master sounded alarm and engaged firehoses.
ASAM-2013-02462,2016-08-22T03:06:00,2016,8,6.3248,119.2514,Sulu Sea,Bulk Carrier,Attempted,0,0,Unknown,Bulk Carrier attacked by Abu Sayyaf maritime cell in narrow channel. MOA: M16 + RPG armed boarding. Weapons observed: small arms. approach broken off after master sounded alarm and engaged firehoses.
ASAM-2014-02463,2003-09-13T09:29:00,2003,9,1.7925,2.5024,Gulf of Guinea,Bulk Carrier,Attempted,0,0,RPG,Bulk Carrier attacked by Bakassi Strike Force remnant underway in transit lane. MOA: fast attack craft >150nm offshore. Weapons observed: knives/machetes. approach broken off after master sounded alarm and engaged firehoses.
ASAM-2015-02464,2010-06-17T21:37:00,2010,6,13.5752,49.784,Gulf of Aden,Container Ship,Attempted,0,0,Unknown,Container Ship attacked by Puntland-based PAG in narrow channel. MOA: grappling hook boarding at low freeboard. Weapons observed: M16 + RPG. approach broken off after master sounded alarm and engaged firehoses.
ASAM-2016-02465,1993-10-09T14:51:00,1993,10,2.5614,102.0094,Strait of Malacca,Offshore Supply,Attempted,0,0,AK-47,Offshore Supply attacked by Indonesian coastal gang in narrow channel. MOA: crew rob & flee in <30 min. Weapons observed: knives/machetes. approach broken off after master sounded alarm and engaged firehoses.
ASAM-2017-02466,2004-02-13T03:25:00,2004,2,1.7229,99.9975,Strait of Malacca,Bulk Carrier,Boarded,0,0,RPG,"Bulk Carrier attacked by Indonesian coastal gang underway in transit lane. MOA: knife-armed boarders, no firearms. Weapons observed: knives/machetes. boarders rifled bridge & masters cabin, stole cash and electronics."
ASAM-2018-02467,2004-01-11T20:16:00,2004,1,6.0688,120.0703,Sulu Sea,LPG/LNG Tanker,Boarded,1,0,Small arms,"LPG/LNG Tanker attacked by BIFF splinter group at anchorage. MOA: hostage transfer to Jolo island camps. Weapons observed: small arms. boarders rifled bridge & masters cabin, stole cash and electronics; 1 crew sustained injuries."
ASAM-2019-02468,2008-04-24T02:04:00,2008,4,5.1187,7.0925,Gulf of Guinea,Container Ship,Attempted,1,0,Unknown,Container Ship attacked by Bakassi Strike Force remnant at anchorage. MOA: AK-47 + GPMG armed boarding. Weapons observed: small arms. approach broken off after master sounded alarm and engaged firehoses; 4 crew sustained injuries.
ASAM-2020-02469,2018-04-23T02:16:00,2018,4,3.8329,100.7702,Strait of Malacca,Container Ship,Boarded,0,5,RPG,"Container Ship attacked by Indonesian coastal gang in narrow channel. MOA: crew rob & flee in <30 min. Weapons observed: knives/machetes. boarders rifled bridge & masters cabin, stole cash and electronics; 5 crew taken hostage; ransom demand transmitted within 72h."
ASAM-2021-02470,2020-07-20T21:28:00,2020,7,6.3302,121.3209,Sulu Sea,Chemical Tanker,Attempted,0,0,RPG,Chemical Tanker attacked by BIFF splinter group underway in transit lane. MOA: speedboat intercept tug & barge. Weapons observed: AK-47. approach broken off after master sounded alarm and engaged firehoses.
ASAM-2022-02471,1998-01-03T03:48:00,1998,1,3.4062,100.0344,Strait of Malacca,Chemical Tanker,Boarded,0,0,RPG,"Chemical Tanker attacked by Free Aceh splinter (historical) approx 139nm offshore. MOA: fast skiff rob at narrow channel. Weapons observed: small arms. boarders rifled bridge & masters cabin, stole cash and electronics."
ASAM-2023-02472,2010-01-04T05:11:00,2010,1,4.1825,101.6101,Strait of Malacca,Tug & Barge,Hijacked,0,26,Knives,"Tug & Barge attacked by Free Aceh splinter (historical) approx 98nm offshore. MOA: crew rob & flee in <30 min. Weapons observed: small arms. vessel hijacked, crew of 23 taken to coastal anchorage; 26 crew taken hostage; ransom demand transmitted within 72h."
ASAM-2024-02473,2017-10-18T05:21:00,2017,10,6.9018,120.0605,Sulu Sea,Yacht,Fired Upon,1,0,Unknown,"Yacht attacked by Sulu archipelago kidnapping ring approx 266nm offshore. MOA: speedboat intercept tug & barge. Weapons observed: knives/machetes. master engaged evasive maneuvers, RPG and small arms fire received; 1 crew sustained injuries."
ASAM-2025-02474,2006-08-08T19:39:00,2006,8,3.5549,101.7642,Strait of Malacca,Bulk Carrier,Hijacked,0,20,RPG,"Bulk Carrier attacked by Free Aceh splinter (historical) at anchorage. MOA: nighttime stealth boarding at anchorage. Weapons observed: small arms. vessel hijacked, crew of 12 taken to coastal anchorage; 20 crew taken hostage; ransom demand transmitted within 72h."
ASAM-1993-02475,2019-12-27T04:30:00,2019,12,3.254,1.8608,Gulf of Guinea,RoRo Vehicle Carrier,Fired Upon,0,0,Unknown,"RoRo Vehicle Carrier attacked by Niger Delta militant offshoot approx 188nm offshore. MOA: tanker product theft (siphon). Weapons observed: M16 + RPG. master engaged evasive maneuvers, RPG and small arms fire received."
ASAM-1994-02476,2015-04-25T22:23:00,2015,4,4.1925,2.4203,Gulf of Guinea,Crude Oil Tanker,Attempted,0,0,AK-47,Crude Oil Tanker attacked by Niger Delta militant offshoot at anchorage. MOA: fast attack craft >150nm offshore. Weapons observed: knives/machetes. approach broken off after master sounded alarm and engaged firehoses.
ASAM-1995-02477,2020-03-22T18:56:00,2020,3,3.7806,5.2618,Gulf of Guinea,Fishing Vessel,Boarded,0,4,Unknown,"Fishing Vessel attacked by Niger Delta militant offshoot in narrow channel. MOA: tanker product theft (siphon). Weapons observed: knives/machetes. boarders rifled bridge & masters cabin, stole cash and electronics; 4 crew taken hostage; ransom demand transmitted within 72h."
ASAM-1996-02478,2012-07-05T07:54:00,2012,7,10.302,49.9989,Gulf of Aden,General Cargo,Attempted,0,0,Unknown,General Cargo attacked by Somali pirate skiff network in narrow channel. MOA: grappling hook boarding at low freeboard. Weapons observed: RPG-7. approach broken off after master sounded alarm and engaged firehoses.
ASAM-1997-02479,2019-02-20T04:26:00,2019,2,5.2906,5.518,Gulf of Guinea,General Cargo,Fired Upon,0,0,Knives,"General Cargo attacked by Bakassi Strike Force remnant at anchorage. MOA: fast attack craft >150nm offshore. Weapons observed: M16 + RPG. master engaged evasive maneuvers, RPG and small arms fire received."
ASAM-1998-02480,2018-01-23T01:21:00,2018,1,4.7524,5.8126,Gulf of Guinea,General Cargo,Attempted,0,0,Knives,General Cargo attacked by Niger Delta militant offshoot underway in transit lane. MOA: tanker product theft (siphon). Weapons observed: RPG-7. approach broken off after master sounded alarm and engaged firehoses.
ASAM-1999-02481,2006-10-23T00:56:00,2006,10,2.7469,100.9861,Strait of Malacca,Chemical Tanker,Boarded,0,0,AK-47,"Chemical Tanker attacked by Indonesian coastal gang at anchorage. MOA: knife-armed boarders, no firearms. Weapons observed: M16 + RPG. boarders rifled bridge & masters cabin, stole cash and electronics."
ASAM-2000-02482,1998-09-24T22:00:00,1998,9,6.7159,5.1374,Gulf of Guinea,Container Ship,Boarded,0,0,Small arms,"Container Ship attacked by Niger Delta militant offshoot at anchorage. MOA: AK-47 + GPMG armed boarding. Weapons observed: knives/machetes. boarders rifled bridge & masters cabin, stole cash and electronics."
ASAM-2001-02483,1994-09-10T21:49:00,1994,9,4.1875,9.2897,Gulf of Guinea,Crude Oil Tanker,Boarded,0,0,Knives,"Crude Oil Tanker attacked by Bakassi Strike Force remnant in narrow channel. MOA: tanker product theft (siphon). Weapons observed: small arms. boarders rifled bridge & masters cabin, stole cash and electronics."
ASAM-2002-02484,2011-12-21T20:58:00,2011,12,2.6133,100.955,Strait of Malacca,Bulk Carrier,Suspicious Approach,0,0,Unknown,Bulk Carrier attacked by Free Aceh splinter (historical) at anchorage. MOA: nighttime stealth boarding at anchorage. Weapons observed: M16 + RPG. unidentified skiff shadowed vessel for 18 minutes before withdrawing.
ASAM-2003-02485,2010-06-08T05:21:00,2010,6,13.4573,50.62,Gulf of Aden,Tug & Barge,Boarded,0,0,Knives,"Tug & Barge attacked by Somali pirate skiff network at anchorage. MOA: mothership-launched skiff swarm. Weapons observed: knives/machetes. boarders rifled bridge & masters cabin, stole cash and electronics."
ASAM-2004-02486,2004-08-06T23:24:00,2004,8,4.594,101.3753,Strait of Malacca,General Cargo,Fired Upon,0,0,AK-47,"General Cargo attacked by Indonesian coastal gang at anchorage. MOA: fast skiff rob at narrow channel. Weapons observed: RPG-7. master engaged evasive maneuvers, RPG and small arms fire received."
ASAM-2005-02487,2017-09-10T00:27:00,2017,9,7.0133,120.5135,Sulu Sea,Chemical Tanker,Boarded,0,0,Unknown,"Chemical Tanker attacked by Abu Sayyaf maritime cell in narrow channel. MOA: hostage transfer to Jolo island camps. Weapons observed: RPG-7. boarders rifled bridge & masters cabin, stole cash and electronics."
ASAM-2006-02488,2021-08-05T05:44:00,2021,8,4.9263,5.1234,Gulf of Guinea,Fishing Vessel,Boarded,0,0,RPG,"Fishing Vessel attacked by Bakassi Strike Force remnant in narrow channel. MOA: fast attack craft >150nm offshore. Weapons observed: small arms. boarders rifled bridge & masters cabin, stole cash and electronics."
ASAM-2007-02489,2015-01-21T03:48:00,2015,1,10.0455,113.8839,South China Sea,Chemical Tanker,Hijacked,0,22,AK-47,"Chemical Tanker attacked by Vietnamese coastal robbers at anchorage. MOA: stealth anchorage boarding. Weapons observed: RPG-7. vessel hijacked, crew of 13 taken to coastal anchorage; 22 crew taken hostage; ransom demand transmitted within 72h."
ASAM-2008-02490,2022-10-11T21:26:00,2022,10,11.8187,45.3751,Gulf of Aden,Bulk Carrier,Boarded,1,4,Small arms,"Bulk Carrier attacked by Somali pirate skiff network in narrow channel. MOA: RPG warning shot then boarding. Weapons observed: knives/machetes. boarders rifled bridge & masters cabin, stole cash and electronics; 4 crew sustained injuries; 4 crew taken hostage; ransom demand transmitted within 72h."
ASAM-2009-02491,2006-01-19T03:18:00,2006,1,10.1378,46.8502,Gulf of Aden,Bulk Carrier,Suspicious Approach,0,0,Small arms,Bulk Carrier attacked by Puntland-based PAG at anchorage. MOA: mothership-launched skiff swarm. Weapons observed: RPG-7. unidentified skiff shadowed vessel for 18 minutes before withdrawing.
ASAM-2010-02492,2005-01-09T08:25:00,2005,1,3.4665,98.7354,Strait of Malacca,Fishing Vessel,Boarded,0,0,RPG,"Fishing Vessel attacked by Free Aceh splinter (historical) approx 279nm offshore. MOA: knife-armed boarders, no firearms. Weapons observed: knives/machetes. boarders rifled bridge & masters cabin, stole cash and electronics."
ASAM-2011-02493,2023-08-13T21:04:00,2023,8,12.3591,46.2943,Gulf of Aden,Crude Oil Tanker,Attempted,0,0,Small arms,Crude Oil Tanker attacked by Hobyo-Harardhere PAG underway in transit lane. MOA: grappling hook boarding at low freeboard. Weapons observed: small arms. approach broken off after master sounded alarm and engaged firehoses.
ASAM-2012-02494,2023-02-27T07:45:00,2023,2,4.1612,121.0705,Sulu Sea,Tug & Barge,Boarded,0,0,Unknown,"Tug & Barge attacked by Abu Sayyaf maritime cell in narrow channel. MOA: M16 + RPG armed boarding. Weapons observed: M16 + RPG. boarders rifled bridge & masters cabin, stole cash and electronics."
ASAM-2013-02495,2020-08-11T02:08:00,2020,8,9.9652,48.6988,Gulf of Aden,Tug & Barge,Boarded,0,0,AK-47,"Tug & Barge attacked by Puntland-based PAG in narrow channel. MOA: RPG warning shot then boarding. Weapons observed: RPG-7. boarders rifled bridge & masters cabin, stole cash and electronics."
ASAM-2014-02496,2003-10-14T04:46:00,2003,10,2.8302,101.862,Strait of Malacca,Chemical Tanker,Suspicious Approach,0,0,Unknown,"Chemical Tanker attacked by Indonesian coastal gang at anchorage. MOA: knife-armed boarders, no firearms. Weapons observed: AK-47. unidentified skiff shadowed vessel for 18 minutes before withdrawing."
ASAM-2015-02497,2004-12-28T22:23:00,2004,12,3.4984,100.5209,Strait of Malacca,RoRo Vehicle Carrier,Boarded,0,1,Unknown,"RoRo Vehicle Carrier attacked by Indonesian coastal gang approx 31nm offshore. MOA: nighttime stealth boarding at anchorage. Weapons observed: knives/machetes. boarders rifled bridge & masters cabin, stole cash and electronics; 1 crew taken hostage; ransom demand transmitted within 72h."
ASAM-2016-02498,2016-02-17T03:25:00,2016,2,9.255,115.5746,South China Sea,Bulk Carrier,Hijacked,1,18,AK-47,"Bulk Carrier attacked by Filipino anchor-rob crew approx 184nm offshore. MOA: stealth anchorage boarding. Weapons observed: knives/machetes. vessel hijacked, crew of 15 taken to coastal anchorage; 2 crew sustained injuries; 18 crew taken hostage; ransom demand transmitted within 72h."
ASAM-2017-02499,2014-08-15T00:15:00,2014,8,10.13,111.8603,South China Sea,Tug & Barge,Boarded,0,0,Knives,"Tug & Barge attacked by Filipino anchor-rob crew at anchorage. MOA: product theft (diesel siphoning). Weapons observed: knives/machetes. boarders rifled bridge & masters cabin, stole cash and electronics."
ASAM-2018-02500,2001-06-15T22:13:00,2001,6,3.3831,101.2269,Strait of Malacca,Bulk Carrier,Suspicious Approach,0,0,RPG,"Bulk Carrier attacked by Indonesian coastal gang underway in transit lane. MOA: knife-armed boarders, no firearms. Weapons observed: small arms. unidentified skiff shadowed vessel for 18 minutes before withdrawing."
ASAM-2019-02501,2023-01-06T21:39:00,2023,1,10.9335,111.6652,South China Sea,Bulk Carrier,Suspicious Approach,0,0,Small arms,Bulk Carrier attacked by Filipino anchor-rob crew underway in transit lane. MOA: product theft (diesel siphoning). Weapons observed: knives/machetes. unidentified skiff shadowed vessel for 18 minutes before withdrawing.
ASAM-2020-02502,2010-02-07T04:41:00,2010,2,14.3167,51.2674,Gulf of Aden,Bulk Carrier,Boarded,0,0,Small arms,"Bulk Carrier attacked by Hobyo-Harardhere PAG underway in transit lane. MOA: grappling hook boarding at low freeboard. Weapons observed: knives/machetes. boarders rifled bridge & masters cabin, stole cash and electronics."
ASAM-2021-02503,2023-01-27T02:51:00,2023,1,6.3358,3.2109,Gulf of Guinea,Chemical Tanker,Boarded,1,0,AK-47,"Chemical Tanker attacked by Bakassi Strike Force remnant at anchorage. MOA: AK-47 + GPMG armed boarding. Weapons observed: knives/machetes. boarders rifled bridge & masters cabin, stole cash and electronics; 2 crew sustained injuries."
ASAM-2022-02504,2004-04-01T03:11:00,2004,4,2.8571,102.0797,Strait of Malacca,Container Ship,Hijacked,0,12,AK-47,"Container Ship attacked by Free Aceh splinter (historical) in narrow channel. MOA: nighttime stealth boarding at anchorage. Weapons observed: knives/machetes. vessel hijacked, crew of 28 taken to coastal anchorage; 12 crew taken hostage; ransom demand transmitted within 72h."
ASAM-2023-02505,2000-11-21T04:04:00,2000,11,13.4867,46.1261,Gulf of Aden,Crude Oil Tanker,Boarded,0,0,Knives,"Crude Oil Tanker attacked by Puntland-based PAG in narrow channel. MOA: RPG warning shot then boarding. Weapons observed: knives/machetes. boarders rifled bridge & masters cabin, stole cash and electronics."
ASAM-2024-02506,2003-07-22T17:36:00,2003,7,3.4374,102.123,Strait of Malacca,Chemical Tanker,Boarded,0,0,Knives,"Chemical Tanker attacked by Indonesian coastal gang approx 231nm offshore. MOA: fast skiff rob at narrow channel. Weapons observed: RPG-7. boarders rifled bridge & masters cabin, stole cash and electronics."
ASAM-2025-02507,2017-05-21T23:59:00,2017,5,5.6465,120.677,Sulu Sea,Tug & Barge,Fired Upon,0,0,Knives,"Tug & Barge attacked by Abu Sayyaf maritime cell in narrow channel. MOA: speedboat intercept tug & barge. Weapons observed: M16 + RPG. master engaged evasive maneuvers, RPG and small arms fire received."
ASAM-1993-02508,2005-08-24T18:37:00,2005,8,5.1091,119.0641,Sulu Sea,Chemical Tanker,Boarded,0,0,Unknown,"Chemical Tanker attacked by Abu Sayyaf maritime cell underway in transit lane. MOA: M16 + RPG armed boarding. Weapons observed: knives/machetes. boarders rifled bridge & masters cabin, stole cash and electronics."
ASAM-1994-02509,2017-06-07T00:29:00,2017,6,6.736,119.4474,Sulu Sea,Bulk Carrier,Boarded,0,6,Small arms,"Bulk Carrier attacked by Abu Sayyaf maritime cell in narrow channel. MOA: hostage transfer to Jolo island camps. Weapons observed: AK-47. boarders rifled bridge & masters cabin, stole cash and electronics; 6 crew taken hostage; ransom demand transmitted within 72h."
ASAM-1995-02510,2012-01-06T03:25:00,2012,1,13.6114,46.6808,Gulf of Aden,Chemical Tanker,Attempted,0,0,Unknown,Chemical Tanker attacked by Hobyo-Harardhere PAG approx 18nm offshore. MOA: AK-47 small arms suppression. Weapons observed: small arms. approach broken off after master sounded alarm and engaged firehoses.
ASAM-1996-02511,1998-11-06T21:03:00,1998,11,14.0088,48.6082,Gulf of Aden,Fishing Vessel,Boarded,1,0,Unknown,"Fishing Vessel attacked by Puntland-based PAG underway in transit lane. MOA: RPG warning shot then boarding. Weapons observed: M16 + RPG. boarders rifled bridge & masters cabin, stole cash and electronics; 3 crew sustained injuries."
ASAM-1997-02512,2012-07-22T18:46:00,2012,7,10.6832,112.6611,South China Sea,Bulk Carrier,Boarded,1,0,AK-47,"Bulk Carrier attacked by Vietnamese coastal robbers underway in transit lane. MOA: product theft (diesel siphoning). Weapons observed: RPG-7. boarders rifled bridge & masters cabin, stole cash and electronics; 4 crew sustained injuries."
ASAM-1998-02513,2021-05-24T20:46:00,2021,5,3.5702,5.8524,Gulf of Guinea,LPG/LNG Tanker,Attempted,0,0,AK-47,LPG/LNG Tanker attacked by Bakassi Strike Force remnant in narrow channel. MOA: kidnap-for-ransom of officers. Weapons observed: AK-47. approach broken off after master sounded alarm and engaged firehoses.
ASAM-1999-02514,2021-12-22T01:21:00,2021,12,12.8025,47.0929,Gulf of Aden,Container Ship,Attempted,0,0,Knives,Container Ship attacked by Puntland-based PAG underway in transit lane. MOA: grappling hook boarding at low freeboard. Weapons observed: AK-47. approach broken off after master sounded alarm and engaged firehoses.
ASAM-2000-02515,2018-08-27T07:51:00,2018,8,5.6074,119.4163,Sulu Sea,Fishing Vessel,Boarded,0,0,Unknown,"Fishing Vessel attacked by Sulu archipelago kidnapping ring at anchorage. MOA: M16 + RPG armed boarding. Weapons observed: small arms. boarders rifled bridge & masters cabin, stole cash and electronics."
ASAM-2001-02516,2018-10-19T20:34:00,2018,10,4.6866,6.5116,Gulf of Guinea,Tug & Barge,Boarded,0,0,Small arms,"Tug & Barge attacked by Niger Delta militant offshoot at anchorage. MOA: kidnap-for-ransom of officers. Weapons observed: knives/machetes. boarders rifled bridge & masters cabin, stole cash and electronics."
ASAM-2002-02517,2006-08-28T00:30:00,2006,8,2.6735,99.3906,Strait of Malacca,Chemical Tanker,Attempted,0,0,RPG,Chemical Tanker attacked by Free Aceh splinter (historical) underway in transit lane. MOA: fast skiff rob at narrow channel. Weapons observed: knives/machetes. approach broken off after master sounded alarm and engaged firehoses.
ASAM-2003-02518,2016-07-04T20:54:00,2016,7,9.6118,111.2798,South China Sea,Tug & Barge,Boarded,0,0,Unknown,"Tug & Barge attacked by Filipino anchor-rob crew underway in transit lane. MOA: product theft (diesel siphoning). Weapons observed: RPG-7. boarders rifled bridge & masters cabin, stole cash and electronics."
ASAM-2004-02519,2016-04-09T23:26:00,2016,4,2.4764,100.6531,Strait of Malacca,Bulk Carrier,Suspicious Approach,0,0,Unknown,"Bulk Carrier attacked by Indonesian coastal gang underway in transit lane. MOA: knife-armed boarders, no firearms. Weapons observed: small arms. unidentified skiff shadowed vessel for 18 minutes before withdrawing."
ASAM-2005-02520,2002-06-11T01:06:00,2002,6,4.9604,100.144,Strait of Malacca,Container Ship,Hijacked,0,11,Knives,"Container Ship attacked by Indonesian coastal gang at anchorage. MOA: knife-armed boarders, no firearms. Weapons observed: small arms. vessel hijacked, crew of 26 taken to coastal anchorage; 11 crew taken hostage; ransom demand transmitted within 72h."
ASAM-2006-02521,2011-03-17T07:23:00,2011,3,5.5832,120.8351,Sulu Sea,Crude Oil Tanker,Boarded,0,0,RPG,"Crude Oil Tanker attacked by Abu Sayyaf maritime cell approx 175nm offshore. MOA: abduction of fishing crew. Weapons observed: RPG-7. boarders rifled bridge & masters cabin, stole cash and electronics."
ASAM-2007-02522,2010-01-11T13:12:00,2010,1,13.6082,51.0417,Gulf of Aden,Bulk Carrier,Boarded,0,5,AK-47,"Bulk Carrier attacked by Somali pirate skiff network at anchorage. MOA: AK-47 small arms suppression. Weapons observed: small arms. boarders rifled bridge & masters cabin, stole cash and electronics; 5 crew taken hostage; ransom demand transmitted within 72h."
ASAM-2008-02523,2021-01-07T21:38:00,2021,1,4.3002,3.6574,Gulf of Guinea,Bulk Carrier,Boarded,0,0,RPG,"Bulk Carrier attacked by Nigerian kidnap-for-ransom cell underway in transit lane. MOA: kidnap-for-ransom of officers. Weapons observed: AK-47. boarders rifled bridge & masters cabin, stole cash and electronics."
ASAM-2009-02524,2021-12-14T17:15:00,2021,12,4.8226,7.175,Gulf of Guinea,Tug & Barge,Boarded,0,3,RPG,"Tug & Barge attacked by Nigerian kidnap-for-ransom cell in narrow channel. MOA: kidnap-for-ransom of officers. Weapons observed: M16 + RPG. boarders rifled bridge & masters cabin, stole cash and electronics; 3 crew taken hostage; ransom demand transmitted within 72h."
ASAM-2010-02525,2008-03-28T19:18:00,2008,3,13.7448,46.6811,Gulf of Aden,Bulk Carrier,Boarded,0,0,AK-47,"Bulk Carrier attacked by Hobyo-Harardhere PAG in narrow channel. MOA: RPG warning shot then boarding. Weapons observed: AK-47. boarders rifled bridge & masters cabin, stole cash and electronics."
ASAM-2011-02526,2024-12-28T21:37:00,2024,12,12.8858,46.6748,Gulf of Aden,Bulk Carrier,Boarded,1,0,RPG,"Bulk Carrier attacked by Hobyo-Harardhere PAG underway in transit lane. MOA: AK-47 small arms suppression. Weapons observed: small arms. boarders rifled bridge & masters cabin, stole cash and electronics; 3 crew sustained injuries."
ASAM-2012-02527,2003-05-18T19:38:00,2003,5,4.0983,100.0716,Strait of Malacca,Offshore Supply,Attempted,0,0,AK-47,Offshore Supply attacked by Free Aceh splinter (historical) at anchorage. MOA: fast skiff rob at narrow channel. Weapons observed: small arms. approach broken off after master sounded alarm and engaged firehoses.
ASAM-2013-02528,2018-09-10T21:36:00,2018,9,12.0281,47.252,Gulf of Aden,Yacht,Fired Upon,0,0,Unknown,"Yacht attacked by Hobyo-Harardhere PAG in narrow channel. MOA: AK-47 small arms suppression. Weapons observed: knives/machetes. master engaged evasive maneuvers, RPG and small arms fire received."
ASAM-2014-02529,2019-08-15T23:19:00,2019,8,6.6555,119.9103,Sulu Sea,LPG/LNG Tanker,Attempted,0,0,Unknown,LPG/LNG Tanker attacked by Abu Sayyaf maritime cell underway in transit lane. MOA: M16 + RPG armed boarding. Weapons observed: small arms. approach broken off after master sounded alarm and engaged firehoses.
ASAM-2015-02530,2016-02-21T03:34:00,2016,2,11.6872,47.8677,Gulf of Aden,Container Ship,Attempted,0,0,Unknown,Container Ship attacked by Hobyo-Harardhere PAG at anchorage. MOA: grappling hook boarding at low freeboard. Weapons observed: knives/machetes. approach broken off after master sounded alarm and engaged firehoses.
ASAM-2016-02531,1995-06-06T02:31:00,1995,6,5.5203,119.7315,Sulu Sea,Offshore Supply,Boarded,0,0,Unknown,"Offshore Supply attacked by Sulu archipelago kidnapping ring approx 26nm offshore. MOA: hostage transfer to Jolo island camps. Weapons observed: small arms. boarders rifled bridge & masters cabin, stole cash and electronics."
ASAM-2017-02532,2004-05-16T21:25:00,2004,5,3.956,99.2813,Strait of Malacca,RoRo Vehicle Carrier,Fired Upon,0,0,Small arms,"RoRo Vehicle Carrier attacked by Indonesian coastal gang approx 69nm offshore. MOA: crew rob & flee in <30 min. Weapons observed: RPG-7. master engaged evasive maneuvers, RPG and small arms fire received."
ASAM-2018-02533,2022-03-24T23:34:00,2022,3,5.482,6.2677,Gulf of Guinea,Fishing Vessel,Attempted,0,0,Small arms,Fishing Vessel attacked by Nigerian kidnap-for-ransom cell underway in transit lane. MOA: fast attack craft >150nm offshore. Weapons observed: RPG-7. approach broken off after master sounded alarm and engaged firehoses.
ASAM-2019-02534,2015-08-18T23:09:00,2015,8,8.1541,113.5197,South China Sea,Chemical Tanker,Attempted,0,0,RPG,Chemical Tanker attacked by Vietnamese coastal robbers approx 72nm offshore. MOA: stealth anchorage boarding. Weapons observed: M16 + RPG. approach broken off after master sounded alarm and engaged firehoses.
ASAM-2020-02535,2007-03-10T02:08:00,2007,3,1.9109,6.8599,Gulf of Guinea,Container Ship,Hijacked,0,12,Small arms,"Container Ship attacked by Bakassi Strike Force remnant underway in transit lane. MOA: AK-47 + GPMG armed boarding. Weapons observed: small arms. vessel hijacked, crew of 25 taken to coastal anchorage; 12 crew taken hostage; ransom demand transmitted within 72h."
ASAM-2021-02536,2025-01-14T04:01:00,2025,1,6.4608,8.0466,Gulf of Guinea,General Cargo,Suspicious Approach,0,0,Unknown,General Cargo attacked by Bakassi Strike Force remnant underway in transit lane. MOA: AK-47 + GPMG armed boarding. Weapons observed: RPG-7. unidentified skiff shadowed vessel for 18 minutes before withdrawing.
ASAM-2022-02537,2003-02-14T02:04:00,2003,2,4.648,100.6352,Strait of Malacca,Fishing Vessel,Boarded,0,0,RPG,"Fishing Vessel attacked by Riau Archipelago armed robbers underway in transit lane. MOA: knife-armed boarders, no firearms. Weapons observed: RPG-7. boarders rifled bridge & masters cabin, stole cash and electronics."
ASAM-2023-02538,2021-06-17T03:13:00,2021,6,4.3368,7.7888,Gulf of Guinea,Chemical Tanker,Boarded,0,0,Knives,"Chemical Tanker attacked by Niger Delta militant offshoot underway in transit lane. MOA: kidnap-for-ransom of officers. Weapons observed: RPG-7. boarders rifled bridge & masters cabin, stole cash and electronics."
ASAM-2024-02539,2002-10-03T18:34:00,2002,10,14.1442,48.9977,Gulf of Aden,Bulk Carrier,Fired Upon,0,0,RPG,"Bulk Carrier attacked by Hobyo-Harardhere PAG underway in transit lane. MOA: grappling hook boarding at low freeboard. Weapons observed: AK-47. master engaged evasive maneuvers, RPG and small arms fire received."
ASAM-2025-02540,2017-11-23T07:25:00,2017,11,5.5915,119.2035,Sulu Sea,Chemical Tanker,Boarded,0,0,RPG,"Chemical Tanker attacked by BIFF splinter group at anchorage. MOA: abduction of fishing crew. Weapons observed: M16 + RPG. boarders rifled bridge & masters cabin, stole cash and electronics."
ASAM-1993-02541,2019-07-07T11:29:00,2019,7,11.4285,-62.1478,Caribbean / Venezuelan,Bulk Carrier,Suspicious Approach,0,0,Unknown,Bulk Carrier attacked by Venezuelan coastal gang at anchorage. MOA: small arms intimidation. Weapons observed: M16 + RPG. unidentified skiff shadowed vessel for 18 minutes before withdrawing.
ASAM-1994-02542,2011-11-28T03:22:00,2011,11,14.8681,49.2598,Gulf of Aden,Bulk Carrier,Fired Upon,0,0,Knives,"Bulk Carrier attacked by Puntland-based PAG in narrow channel. MOA: grappling hook boarding at low freeboard. Weapons observed: M16 + RPG. master engaged evasive maneuvers, RPG and small arms fire received."
ASAM-1995-02543,1996-09-11T23:14:00,1996,9,14.7085,51.0731,Gulf of Aden,Container Ship,Boarded,0,0,RPG,"Container Ship attacked by Puntland-based PAG at anchorage. MOA: grappling hook boarding at low freeboard. Weapons observed: M16 + RPG. boarders rifled bridge & masters cabin, stole cash and electronics."
ASAM-1996-02544,2004-08-10T01:54:00,2004,8,5.057,100.0161,Strait of Malacca,General Cargo,Attempted,0,0,AK-47,"General Cargo attacked by Indonesian coastal gang at anchorage. MOA: knife-armed boarders, no firearms. Weapons observed: RPG-7. approach broken off after master sounded alarm and engaged firehoses."
ASAM-1997-02545,2004-12-15T01:20:00,2004,12,3.8055,99.9415,Strait of Malacca,Bulk Carrier,Fired Upon,0,0,Small arms,"Bulk Carrier attacked by Indonesian coastal gang underway in transit lane. MOA: nighttime stealth boarding at anchorage. Weapons observed: RPG-7. master engaged evasive maneuvers, RPG and small arms fire received."
ASAM-1998-02546,2005-11-06T01:18:00,2005,11,2.5214,100.3426,Strait of Malacca,RoRo Vehicle Carrier,Suspicious Approach,0,0,RPG,"RoRo Vehicle Carrier attacked by Riau Archipelago armed robbers in narrow channel. MOA: knife-armed boarders, no firearms. Weapons observed: AK-47. unidentified skiff shadowed vessel for 18 minutes before withdrawing."
ASAM-1999-02547,2004-11-20T19:35:00,2004,11,3.6418,98.8459,Strait of Malacca,LPG/LNG Tanker,Boarded,0,0,RPG,"LPG/LNG Tanker attacked by Indonesian coastal gang in narrow channel. MOA: nighttime stealth boarding at anchorage. Weapons observed: small arms. boarders rifled bridge & masters cabin, stole cash and electronics."
ASAM-2000-02548,2018-06-06T21:04:00,2018,6,4.0837,7.272,Gulf of Guinea,General Cargo,Suspicious Approach,0,0,AK-47,General Cargo attacked by Niger Delta militant offshoot in narrow channel. MOA: AK-47 + GPMG armed boarding. Weapons observed: M16 + RPG. unidentified skiff shadowed vessel for 18 minutes before withdrawing.
ASAM-2001-02549,2020-08-26T18:38:00,2020,8,4.7298,5.3799,Gulf of Guinea,Crude Oil Tanker,Attempted,0,0,RPG,Crude Oil Tanker attacked by Bakassi Strike Force remnant in narrow channel. MOA: kidnap-for-ransom of officers. Weapons observed: RPG-7. approach broken off after master sounded alarm and engaged firehoses.
ASAM-2002-02550,1997-12-02T07:52:00,1997,12,2.7745,6.3364,Gulf of Guinea,Tug & Barge,Boarded,0,0,Knives,"Tug & Barge attacked by Bakassi Strike Force remnant underway in transit lane. MOA: fast attack craft >150nm offshore. Weapons observed: RPG-7. boarders rifled bridge & masters cabin, stole cash and electronics."
ASAM-2003-02551,2011-03-07T19:27:00,2011,3,13.3677,49.1855,Gulf of Aden,LPG/LNG Tanker,Attempted,0,0,Unknown,LPG/LNG Tanker attacked by Somali pirate skiff network in narrow channel. MOA: AK-47 small arms suppression. Weapons observed: RPG-7. approach broken off after master sounded alarm and engaged firehoses.
ASAM-2004-02552,2017-01-04T21:52:00,2017,1,5.5237,119.8255,Sulu Sea,Tug & Barge,Attempted,0,0,Knives,Tug & Barge attacked by BIFF splinter group at anchorage. MOA: abduction of fishing crew. Weapons observed: AK-47. approach broken off after master sounded alarm and engaged firehoses.
ASAM-2005-02553,2002-09-09T21:55:00,2002,9,11.8451,-67.728,Caribbean / Venezuelan,Bulk Carrier,Attempted,0,0,Knives,Bulk Carrier attacked by Trinidad-Tobago smuggler crew underway in transit lane. MOA: yacht boarding at anchorage. Weapons observed: small arms. approach broken off after master sounded alarm and engaged firehoses.
ASAM-2006-02554,2011-08-16T05:52:00,2011,8,13.9647,46.1207,Gulf of Aden,Bulk Carrier,Boarded,0,0,AK-47,"Bulk Carrier attacked by Puntland-based PAG at anchorage. MOA: grappling hook boarding at low freeboard. Weapons observed: AK-47. boarders rifled bridge & masters cabin, stole cash and electronics."
ASAM-2007-02555,1994-10-04T19:46:00,1994,10,3.5727,100.5317,Strait of Malacca,Container Ship,Boarded,0,0,Unknown,"Container Ship attacked by Riau Archipelago armed robbers approx 245nm offshore. MOA: nighttime stealth boarding at anchorage. Weapons observed: small arms. boarders rifled bridge & masters cabin, stole cash and electronics."
ASAM-2008-02556,2010-12-24T02:37:00,2010,12,12.5979,50.7441,Gulf of Aden,Bulk Carrier,Boarded,0,0,Unknown,"Bulk Carrier attacked by Somali pirate skiff network approx 38nm offshore. MOA: RPG warning shot then boarding. Weapons observed: small arms. boarders rifled bridge & masters cabin, stole cash and electronics."
ASAM-2009-02557,2012-09-13T04:57:00,2012,9,12.3692,48.4851,Gulf of Aden,Container Ship,Hijacked,0,17,AK-47,"Container Ship attacked by Hobyo-Harardhere PAG in narrow channel. MOA: grappling hook boarding at low freeboard. Weapons observed: AK-47. vessel hijacked, crew of 24 taken to coastal anchorage; 17 crew taken hostage; ransom demand transmitted within 72h."
ASAM-2010-02558,2018-08-18T03:03:00,2018,8,5.8561,121.1412,Sulu Sea,Bulk Carrier,Fired Upon,1,0,Unknown,"Bulk Carrier attacked by Abu Sayyaf maritime cell underway in transit lane. MOA: M16 + RPG armed boarding. Weapons observed: AK-47. master engaged evasive maneuvers, RPG and small arms fire received; 3 crew sustained injuries."
ASAM-2011-02559,2006-10-03T18:53:00,2006,10,3.617,101.2593,Strait of Malacca,Offshore Supply,Fired Upon,0,0,RPG,"Offshore Supply attacked by Free Aceh splinter (historical) underway in transit lane. MOA: nighttime stealth boarding at anchorage. Weapons observed: M16 + RPG. master engaged evasive maneuvers, RPG and small arms fire received."
ASAM-2012-02560,2012-11-28T08:23:00,2012,11,13.886,49.2522,Gulf of Aden,General Cargo,Attempted,0,0,Unknown,General Cargo attacked by Somali pirate skiff network at anchorage. MOA: mothership-launched skiff swarm. Weapons observed: AK-47. approach broken off after master sounded alarm and engaged firehoses.
ASAM-2013-02561,2001-01-10T19:46:00,2001,1,11.2174,108.6442,South China Sea,Bulk Carrier,Attempted,0,0,Unknown,Bulk Carrier attacked by Vietnamese coastal robbers in narrow channel. MOA: stealth anchorage boarding. Weapons observed: AK-47. approach broken off after master sounded alarm and engaged firehoses.
ASAM-2014-02562,2004-04-16T22:40:00,2004,4,3.3871,102.046,Strait of Malacca,Chemical Tanker,Boarded,0,0,Small arms,"Chemical Tanker attacked by Free Aceh splinter (historical) underway in transit lane. MOA: crew rob & flee in <30 min. Weapons observed: AK-47. boarders rifled bridge & masters cabin, stole cash and electronics."
ASAM-2015-02563,2017-05-09T01:03:00,2017,5,6.0857,120.6359,Sulu Sea,Bulk Carrier,Boarded,0,0,RPG,"Bulk Carrier attacked by Abu Sayyaf maritime cell underway in transit lane. MOA: speedboat intercept tug & barge. Weapons observed: AK-47. boarders rifled bridge & masters cabin, stole cash and electronics."
ASAM-2016-02564,2012-06-28T04:36:00,2012,6,12.2242,51.0337,Gulf of Aden,General Cargo,Suspicious Approach,0,0,Unknown,General Cargo attacked by Puntland-based PAG approx 218nm offshore. MOA: mothership-launched skiff swarm. Weapons observed: M16 + RPG. unidentified skiff shadowed vessel for 18 minutes before withdrawing.
ASAM-2017-02565,1995-11-18T21:22:00,1995,11,5.1678,121.4191,Sulu Sea,Yacht,Boarded,0,0,Knives,"Yacht attacked by Abu Sayyaf maritime cell underway in transit lane. MOA: abduction of fishing crew. Weapons observed: RPG-7. boarders rifled bridge & masters cabin, stole cash and electronics."
ASAM-2018-02566,2005-05-03T22:52:00,2005,5,4.9258,101.3589,Strait of Malacca,Crude Oil Tanker,Attempted,0,0,Small arms,Crude Oil Tanker attacked by Free Aceh splinter (historical) in narrow channel. MOA: crew rob & flee in <30 min. Weapons observed: small arms. approach broken off after master sounded alarm and engaged firehoses.
ASAM-2019-02567,2005-12-09T03:17:00,2005,12,2.7171,100.2739,Strait of Malacca,Yacht,Boarded,0,0,RPG,"Yacht attacked by Free Aceh splinter (historical) in narrow channel. MOA: fast skiff rob at narrow channel. Weapons observed: RPG-7. boarders rifled bridge & masters cabin, stole cash and electronics."
ASAM-2020-02568,2017-03-08T00:16:00,2017,3,10.8447,-64.424,Caribbean / Venezuelan,Bulk Carrier,Suspicious Approach,0,0,Knives,Bulk Carrier attacked by Trinidad-Tobago smuggler crew approx 53nm offshore. MOA: small arms intimidation. Weapons observed: knives/machetes. unidentified skiff shadowed vessel for 18 minutes before withdrawing.
ASAM-2021-02569,2005-07-21T02:55:00,2005,7,14.0971,46.1222,Gulf of Aden,Crude Oil Tanker,Hijacked,0,18,AK-47,"Crude Oil Tanker attacked by Somali pirate skiff network approx 212nm offshore. MOA: grappling hook boarding at low freeboard. Weapons observed: M16 + RPG. vessel hijacked, crew of 14 taken to coastal anchorage; 18 crew taken hostage; ransom demand transmitted within 72h."
ASAM-2022-02570,2003-06-08T20:59:00,2003,6,6.8046,6.7878,Gulf of Guinea,Fishing Vessel,Attempted,0,0,Small arms,Fishing Vessel attacked by Bakassi Strike Force remnant underway in transit lane. MOA: AK-47 + GPMG armed boarding. Weapons observed: small arms. approach broken off after master sounded alarm and engaged firehoses.
ASAM-2023-02571,2023-06-05T20:53:00,2023,6,5.189,102.7855,Strait of Malacca,General Cargo,Attempted,0,0,AK-47,"General Cargo attacked by Riau Archipelago armed robbers in narrow channel. MOA: knife-armed boarders, no firearms. Weapons observed: M16 + RPG. approach broken off after master sounded alarm and engaged firehoses."
ASAM-2024-02572,2019-05-23T04:06:00,2019,5,5.6603,7.4019,Gulf of Guinea,Chemical Tanker,Attempted,0,0,Knives,Chemical Tanker attacked by Niger Delta militant offshoot approx 125nm offshore. MOA: AK-47 + GPMG armed boarding. Weapons observed: small arms. approach broken off after master sounded alarm and engaged firehoses.
ASAM-2025-02573,2017-10-10T17:33:00,2017,10,10.8315,-63.0877,Caribbean / Venezuelan,Container Ship,Attempted,0,0,Small arms,Container Ship attacked by Venezuelan coastal gang approx 178nm offshore. MOA: yacht boarding at anchorage. Weapons observed: small arms. approach broken off after master sounded alarm and engaged firehoses.
ASAM-1993-02574,2000-11-08T18:12:00,2000,11,3.0513,3.3233,Gulf of Guinea,Bulk Carrier,Boarded,1,5,Knives,"Bulk Carrier attacked by Niger Delta militant offshoot at anchorage. MOA: tanker product theft (siphon). Weapons observed: AK-47. boarders rifled bridge & masters cabin, stole cash and electronics; 3 crew sustained injuries; 5 crew taken hostage; ransom demand transmitted within 72h."
ASAM-1994-02575,2019-09-24T07:11:00,2019,9,5.7695,119.7245,Sulu Sea,Container Ship,Attempted,0,0,RPG,Container Ship attacked by Sulu archipelago kidnapping ring in narrow channel. MOA: speedboat intercept tug & barge. Weapons observed: knives/machetes. approach broken off after master sounded alarm and engaged firehoses.
ASAM-1995-02576,2018-07-27T18:10:00,2018,7,5.2149,122.3122,Sulu Sea,Crude Oil Tanker,Hijacked,0,22,Unknown,"Crude Oil Tanker attacked by Sulu archipelago kidnapping ring at anchorage. MOA: speedboat intercept tug & barge. Weapons observed: RPG-7. vessel hijacked, crew of 23 taken to coastal anchorage; 22 crew taken hostage; ransom demand transmitted within 72h."
ASAM-1996-02577,2007-03-15T12:17:00,2007,3,3.4031,97.8614,Strait of Malacca,RoRo Vehicle Carrier,Boarded,0,0,RPG,"RoRo Vehicle Carrier attacked by Riau Archipelago armed robbers at anchorage. MOA: nighttime stealth boarding at anchorage. Weapons observed: small arms. boarders rifled bridge & masters cabin, stole cash and electronics."
ASAM-1997-02578,2021-12-06T21:36:00,2021,12,6.6196,121.0755,Sulu Sea,Container Ship,Attempted,0,0,Knives,Container Ship attacked by BIFF splinter group underway in transit lane. MOA: abduction of fishing crew. Weapons observed: knives/machetes. approach broken off after master sounded alarm and engaged firehoses.
ASAM-1998-02579,2021-10-19T04:47:00,2021,10,4.8816,5.3034,Gulf of Guinea,Tug & Barge,Attempted,0,0,AK-47,Tug & Barge attacked by Bakassi Strike Force remnant in narrow channel. MOA: kidnap-for-ransom of officers. Weapons observed: M16 + RPG. approach broken off after master sounded alarm and engaged firehoses.
ASAM-1999-02580,2019-04-02T01:22:00,2019,4,2.0781,6.0968,Gulf of Guinea,Chemical Tanker,Boarded,0,6,AK-47,"Chemical Tanker attacked by Nigerian kidnap-for-ransom cell approx 83nm offshore. MOA: kidnap-for-ransom of officers. Weapons observed: RPG-7. boarders rifled bridge & masters cabin, stole cash and electronics; 6 crew taken hostage; ransom demand transmitted within 72h."
ASAM-2000-02581,2017-03-17T03:39:00,2017,3,6.3917,121.3079,Sulu Sea,Chemical Tanker,Attempted,0,0,Unknown,Chemical Tanker attacked by Sulu archipelago kidnapping ring in narrow channel. MOA: speedboat intercept tug & barge. Weapons observed: small arms. approach broken off after master sounded alarm and engaged firehoses.
ASAM-2001-02582,2018-01-26T01:27:00,2018,1,2.5755,4.5084,Gulf of Guinea,Tug & Barge,Boarded,0,4,AK-47,"Tug & Barge attacked by Nigerian kidnap-for-ransom cell in narrow channel. MOA: tanker product theft (siphon). Weapons observed: AK-47. boarders rifled bridge & masters cabin, stole cash and electronics; 4 crew taken hostage; ransom demand transmitted within 72h."
ASAM-2002-02583,2018-04-25T20:15:00,2018,4,7.0464,7.6333,Gulf of Guinea,Bulk Carrier,Boarded,0,0,AK-47,"Bulk Carrier attacked by Niger Delta militant offshoot underway in transit lane. MOA: tanker product theft (siphon). Weapons observed: knives/machetes. boarders rifled bridge & masters cabin, stole cash and electronics."
ASAM-2003-02584,2004-08-01T05:27:00,2004,8,3.0908,102.1854,Strait of Malacca,Crude Oil Tanker,Suspicious Approach,0,0,AK-47,Crude Oil Tanker attacked by Free Aceh splinter (historical) in narrow channel. MOA: fast skiff rob at narrow channel. Weapons observed: knives/machetes. unidentified skiff shadowed vessel for 18 minutes before withdrawing.
ASAM-2004-02585,2009-09-16T01:37:00,2009,9,12.4793,48.0763,Gulf of Aden,Chemical Tanker,Attempted,0,0,Small arms,Chemical Tanker attacked by Hobyo-Harardhere PAG approx 109nm offshore. MOA: AK-47 small arms suppression. Weapons observed: small arms. approach broken off after master sounded alarm and engaged firehoses.
ASAM-2005-02586,2019-05-26T03:41:00,2019,5,5.1196,7.4157,Gulf of Guinea,Bulk Carrier,Attempted,0,0,RPG,Bulk Carrier attacked by Bakassi Strike Force remnant approx 43nm offshore. MOA: kidnap-for-ransom of officers. Weapons observed: small arms. approach broken off after master sounded alarm and engaged firehoses.
ASAM-2006-02587,2005-02-25T22:17:00,2005,2,14.2256,46.9861,Gulf of Aden,Crude Oil Tanker,Boarded,0,0,Unknown,"Crude Oil Tanker attacked by Puntland-based PAG at anchorage. MOA: AK-47 small arms suppression. Weapons observed: RPG-7. boarders rifled bridge & masters cabin, stole cash and electronics."
ASAM-2007-02588,2003-10-24T20:46:00,2003,10,5.6485,99.5213,Strait of Malacca,Chemical Tanker,Attempted,0,0,Knives,Chemical Tanker attacked by Free Aceh splinter (historical) underway in transit lane. MOA: nighttime stealth boarding at anchorage. Weapons observed: M16 + RPG. approach broken off after master sounded alarm and engaged firehoses.
ASAM-2008-02589,2008-04-15T04:24:00,2008,4,10.8406,50.6449,Gulf of Aden,LPG/LNG Tanker,Boarded,0,0,Small arms,"LPG/LNG Tanker attacked by Hobyo-Harardhere PAG approx 76nm offshore. MOA: RPG warning shot then boarding. Weapons observed: RPG-7. boarders rifled bridge & masters cabin, stole cash and electronics."
ASAM-2009-02590,2010-10-08T03:33:00,2010,10,12.9294,46.8806,Gulf of Aden,Chemical Tanker,Boarded,0,0,Knives,"Chemical Tanker attacked by Hobyo-Harardhere PAG underway in transit lane. MOA: mothership-launched skiff swarm. Weapons observed: small arms. boarders rifled bridge & masters cabin, stole cash and electronics."
ASAM-2010-02591,2021-01-23T00:57:00,2021,1,3.3168,5.0143,Gulf of Guinea,Container Ship,Attempted,0,0,Small arms,Container Ship attacked by Bakassi Strike Force remnant underway in transit lane. MOA: AK-47 + GPMG armed boarding. Weapons observed: M16 + RPG. approach broken off after master sounded alarm and engaged firehoses.
ASAM-2011-02592,2016-01-25T20:12:00,2016,1,9.4169,113.6399,South China Sea,LPG/LNG Tanker,Hijacked,0,22,Unknown,"LPG/LNG Tanker attacked by Vietnamese coastal robbers in narrow channel. MOA: product theft (diesel siphoning). Weapons observed: M16 + RPG. vessel hijacked, crew of 26 taken to coastal anchorage; 22 crew taken hostage; ransom demand transmitted within 72h."
ASAM-2012-02593,2021-07-13T06:44:00,2021,7,3.1827,5.2485,Gulf of Guinea,Yacht,Boarded,0,0,Unknown,"Yacht attacked by Bakassi Strike Force remnant at anchorage. MOA: tanker product theft (siphon). Weapons observed: small arms. boarders rifled bridge & masters cabin, stole cash and electronics."
ASAM-2013-02594,2017-08-16T22:55:00,2017,8,5.871,120.7894,Sulu Sea,Container Ship,Boarded,0,0,Knives,"Container Ship attacked by BIFF splinter group in narrow channel. MOA: hostage transfer to Jolo island camps. Weapons observed: M16 + RPG. boarders rifled bridge & masters cabin, stole cash and electronics."
ASAM-2014-02595,2019-07-26T00:12:00,2019,7,1.9141,4.0865,Gulf of Guinea,Yacht,Boarded,0,0,Knives,"Yacht attacked by Bakassi Strike Force remnant at anchorage. MOA: fast attack craft >150nm offshore. Weapons observed: RPG-7. boarders rifled bridge & masters cabin, stole cash and electronics."
ASAM-2015-02596,2005-04-13T20:01:00,2005,4,3.8339,4.7614,Gulf of Guinea,Fishing Vessel,Boarded,0,0,Unknown,"Fishing Vessel attacked by Nigerian kidnap-for-ransom cell at anchorage. MOA: tanker product theft (siphon). Weapons observed: M16 + RPG. boarders rifled bridge & masters cabin, stole cash and electronics."
ASAM-2016-02597,2016-08-17T08:04:00,2016,8,6.7033,113.7971,South China Sea,Chemical Tanker,Boarded,0,0,Knives,"Chemical Tanker attacked by Filipino anchor-rob crew approx 214nm offshore. MOA: product theft (diesel siphoning). Weapons observed: knives/machetes. boarders rifled bridge & masters cabin, stole cash and electronics."
ASAM-2017-02598,2008-05-10T17:21:00,2008,5,14.3507,50.7684,Gulf of Aden,Bulk Carrier,Attempted,0,0,Small arms,Bulk Carrier attacked by Hobyo-Harardhere PAG underway in transit lane. MOA: RPG warning shot then boarding. Weapons observed: small arms. approach broken off after master sounded alarm and engaged firehoses.
ASAM-2018-02599,2011-09-13T21:12:00,2011,9,12.0839,49.4976,Gulf of Aden,Container Ship,Boarded,0,0,AK-47,"Container Ship attacked by Puntland-based PAG underway in transit lane. MOA: grappling hook boarding at low freeboard. Weapons observed: AK-47. boarders rifled bridge & masters cabin, stole cash and electronics."
ASAM-2019-02600,2025-01-11T11:10:00,2025,1,4.97,4.1095,Gulf of Guinea,Container Ship,Boarded,0,0,AK-47,"Container Ship attacked by Bakassi Strike Force remnant in narrow channel. MOA: AK-47 + GPMG armed boarding. Weapons observed: knives/machetes. boarders rifled bridge & masters cabin, stole cash and electronics."
ASAM-2020-02601,2011-02-04T22:05:00,2011,2,13.4007,46.8954,Gulf of Aden,Bulk Carrier,Attempted,0,0,Unknown,Bulk Carrier attacked by Somali pirate skiff network in narrow channel. MOA: AK-47 small arms suppression. Weapons observed: RPG-7. approach broken off after master sounded alarm and engaged firehoses.
ASAM-2021-02602,2015-06-17T19:29:00,2015,6,4.0248,103.2584,Strait of Malacca,Tug & Barge,Fired Upon,1,0,RPG,"Tug & Barge attacked by Riau Archipelago armed robbers approx 242nm offshore. MOA: crew rob & flee in <30 min. Weapons observed: AK-47. master engaged evasive maneuvers, RPG and small arms fire received; 2 crew sustained injuries."
ASAM-2022-02603,2022-11-03T13:48:00,2022,11,4.1899,101.948,Strait of Malacca,Bulk Carrier,Boarded,0,0,Knives,"Bulk Carrier attacked by Indonesian coastal gang underway in transit lane. MOA: knife-armed boarders, no firearms. Weapons observed: small arms. boarders rifled bridge & masters cabin, stole cash and electronics."
ASAM-2023-02604,2011-10-13T02:04:00,2011,10,3.5858,5.2963,Gulf of Guinea,General Cargo,Attempted,1,0,RPG,General Cargo attacked by Niger Delta militant offshoot approx 258nm offshore. MOA: tanker product theft (siphon). Weapons observed: knives/machetes. approach broken off after master sounded alarm and engaged firehoses; 4 crew sustained injuries.
ASAM-2024-02605,2018-12-04T16:40:00,2018,12,6.9779,121.0002,Sulu Sea,Tug & Barge,Boarded,0,0,Knives,"Tug & Barge attacked by BIFF splinter group in narrow channel. MOA: hostage transfer to Jolo island camps. Weapons observed: small arms. boarders rifled bridge & masters cabin, stole cash and electronics."
ASAM-2025-02606,2020-08-08T03:47:00,2020,8,4.4323,100.6844,Strait of Malacca,Container Ship,Fired Upon,0,0,Small arms,"Container Ship attacked by Free Aceh splinter (historical) underway in transit lane. MOA: fast skiff rob at narrow channel. Weapons observed: RPG-7. master engaged evasive maneuvers, RPG and small arms fire received."
ASAM-1993-02607,2016-04-27T01:11:00,2016,4,12.4665,112.8509,South China Sea,Chemical Tanker,Attempted,0,0,Knives,Chemical Tanker attacked by Filipino anchor-rob crew in narrow channel. MOA: product theft (diesel siphoning). Weapons observed: RPG-7. approach broken off after master sounded alarm and engaged firehoses.
ASAM-1994-02608,2009-12-21T17:39:00,2009,12,12.5386,50.7867,Gulf of Aden,RoRo Vehicle Carrier,Boarded,0,0,Unknown,"RoRo Vehicle Carrier attacked by Somali pirate skiff network approx 204nm offshore. MOA: grappling hook boarding at low freeboard. Weapons observed: RPG-7. boarders rifled bridge & masters cabin, stole cash and electronics."
ASAM-1995-02609,2014-02-23T02:33:00,2014,2,6.2425,118.9986,Sulu Sea,Bulk Carrier,Boarded,1,0,RPG,"Bulk Carrier attacked by Abu Sayyaf maritime cell at anchorage. MOA: speedboat intercept tug & barge. Weapons observed: M16 + RPG. boarders rifled bridge & masters cabin, stole cash and electronics; 1 crew sustained injuries."
ASAM-1996-02610,2005-11-12T11:52:00,2005,11,3.1771,98.3639,Strait of Malacca,Chemical Tanker,Suspicious Approach,0,0,AK-47,Chemical Tanker attacked by Indonesian coastal gang in narrow channel. MOA: nighttime stealth boarding at anchorage. Weapons observed: knives/machetes. unidentified skiff shadowed vessel for 18 minutes before withdrawing.
ASAM-1997-02611,2016-07-13T06:55:00,2016,7,4.2405,101.4611,Strait of Malacca,Fishing Vessel,Hijacked,0,26,Unknown,"Fishing Vessel attacked by Free Aceh splinter (historical) in narrow channel. MOA: nighttime stealth boarding at anchorage. Weapons observed: RPG-7. vessel hijacked, crew of 14 taken to coastal anchorage; 26 crew taken hostage; ransom demand transmitted within 72h."
ASAM-1998-02612,2018-03-04T03:03:00,2018,3,5.535,120.5011,Sulu Sea,Fishing Vessel,Attempted,0,0,RPG,Fishing Vessel attacked by BIFF splinter group approx 207nm offshore. MOA: hostage transfer to Jolo island camps. Weapons observed: small arms. approach broken off after master sounded alarm and engaged firehoses.
ASAM-1999-02613,2011-06-05T13:09:00,2011,6,13.1521,47.981,Gulf of Aden,Bulk Carrier,Attempted,0,0,Unknown,Bulk Carrier attacked by Puntland-based PAG in narrow channel. MOA: mothership-launched skiff swarm. Weapons observed: small arms. approach broken off after master sounded alarm and engaged firehoses.
ASAM-2000-02614,2017-06-06T02:35:00,2017,6,5.7017,118.6318,Sulu Sea,RoRo Vehicle Carrier,Boarded,0,0,Unknown,"RoRo Vehicle Carrier attacked by Abu Sayyaf maritime cell at anchorage. MOA: hostage transfer to Jolo island camps. Weapons observed: small arms. boarders rifled bridge & masters cabin, stole cash and electronics."
ASAM-2001-02615,2018-07-26T00:32:00,2018,7,11.6552,-63.1724,Caribbean / Venezuelan,Bulk Carrier,Suspicious Approach,0,0,RPG,Bulk Carrier attacked by Trinidad-Tobago smuggler crew approx 264nm offshore. MOA: crew theft + minor injuries. Weapons observed: M16 + RPG. unidentified skiff shadowed vessel for 18 minutes before withdrawing.
ASAM-2002-02616,2021-12-26T02:46:00,2021,12,12.8216,-64.6257,Caribbean / Venezuelan,Bulk Carrier,Attempted,0,0,AK-47,Bulk Carrier attacked by Trinidad-Tobago smuggler crew approx 96nm offshore. MOA: crew theft + minor injuries. Weapons observed: small arms. approach broken off after master sounded alarm and engaged firehoses.
ASAM-2003-02617,2006-03-01T03:54:00,2006,3,3.6677,101.4299,Strait of Malacca,Container Ship,Boarded,0,0,RPG,"Container Ship attacked by Free Aceh splinter (historical) underway in transit lane. MOA: nighttime stealth boarding at anchorage. Weapons observed: RPG-7. boarders rifled bridge & masters cabin, stole cash and electronics."
ASAM-2004-02618,2017-02-10T04:08:00,2017,2,11.4969,-63.8213,Caribbean / Venezuelan,RoRo Vehicle Carrier,Boarded,0,2,Knives,"RoRo Vehicle Carrier attacked by Venezuelan coastal gang in narrow channel. MOA: small arms intimidation. Weapons observed: M16 + RPG. boarders rifled bridge & masters cabin, stole cash and electronics; 2 crew taken hostage; ransom demand transmitted within 72h."
ASAM-2005-02619,2017-10-20T03:11:00,2017,10,5.1991,120.2298,Sulu Sea,Bulk Carrier,Boarded,0,0,Unknown,"Bulk Carrier attacked by Sulu archipelago kidnapping ring at anchorage. MOA: M16 + RPG armed boarding. Weapons observed: AK-47. boarders rifled bridge & masters cabin, stole cash and electronics."
ASAM-2006-02620,2019-07-07T23:47:00,2019,7,11.3587,-64.6337,Caribbean / Venezuelan,Fishing Vessel,Hijacked,0,9,Knives,"Fishing Vessel attacked by Trinidad-Tobago smuggler crew approx 103nm offshore. MOA: crew theft + minor injuries. Weapons observed: M16 + RPG. vessel hijacked, crew of 18 taken to coastal anchorage; 9 crew taken hostage; ransom demand transmitted within 72h."
ASAM-2007-02621,2015-10-12T03:43:00,2015,10,3.2945,100.9084,Strait of Malacca,Container Ship,Attempted,0,0,Knives,Container Ship attacked by Indonesian coastal gang underway in transit lane. MOA: nighttime stealth boarding at anchorage. Weapons observed: M16 + RPG. approach broken off after master sounded alarm and engaged firehoses.
ASAM-2008-02622,2013-08-25T11:18:00,2013,8,4.081,101.1753,Strait of Malacca,Fishing Vessel,Boarded,0,0,Unknown,"Fishing Vessel attacked by Riau Archipelago armed robbers in narrow channel. MOA: crew rob & flee in <30 min. Weapons observed: knives/machetes. boarders rifled bridge & masters cabin, stole cash and electronics."
ASAM-2009-02623,2003-12-05T12:30:00,2003,12,4.3121,102.092,Strait of Malacca,Bulk Carrier,Attempted,0,0,Unknown,"Bulk Carrier attacked by Riau Archipelago armed robbers in narrow channel. MOA: knife-armed boarders, no firearms. Weapons observed: RPG-7. approach broken off after master sounded alarm and engaged firehoses."
ASAM-2010-02624,2002-06-14T01:50:00,2002,6,2.5663,100.4136,Strait of Malacca,Bulk Carrier,Hijacked,0,16,Small arms,"Bulk Carrier attacked by Free Aceh splinter (historical) at anchorage. MOA: knife-armed boarders, no firearms. Weapons observed: knives/machetes. vessel hijacked, crew of 17 taken to coastal anchorage; 16 crew taken hostage; ransom demand transmitted within 72h."
ASAM-2011-02625,2018-06-11T15:42:00,2018,6,12.8256,-65.583,Caribbean / Venezuelan,Crude Oil Tanker,Attempted,0,0,RPG,Crude Oil Tanker attacked by Trinidad-Tobago smuggler crew approx 91nm offshore. MOA: small arms intimidation. Weapons observed: RPG-7. approach broken off after master sounded alarm and engaged firehoses.
ASAM-2012-02626,2013-09-27T01:58:00,2013,9,3.9873,3.3921,Gulf of Guinea,Bulk Carrier,Attempted,0,0,Unknown,Bulk Carrier attacked by Bakassi Strike Force remnant at anchorage. MOA: kidnap-for-ransom of officers. Weapons observed: AK-47. approach broken off after master sounded alarm and engaged firehoses.
ASAM-2013-02627,1995-06-03T05:39:00,1995,6,2.9079,7.4058,Gulf of Guinea,Fishing Vessel,Suspicious Approach,0,0,Knives,Fishing Vessel attacked by Niger Delta militant offshoot in narrow channel. MOA: fast attack craft >150nm offshore. Weapons observed: AK-47. unidentified skiff shadowed vessel for 18 minutes before withdrawing.
ASAM-2014-02628,2004-03-05T21:53:00,2004,3,3.4275,100.7221,Strait of Malacca,Chemical Tanker,Suspicious Approach,0,0,Unknown,Chemical Tanker attacked by Riau Archipelago armed robbers approx 124nm offshore. MOA: fast skiff rob at narrow channel. Weapons observed: knives/machetes. unidentified skiff shadowed vessel for 18 minutes before withdrawing.
ASAM-2015-02629,2008-12-24T02:24:00,2008,12,6.1727,120.2443,Sulu Sea,General Cargo,Boarded,0,0,AK-47,"General Cargo attacked by BIFF splinter group at anchorage. MOA: hostage transfer to Jolo island camps. Weapons observed: M16 + RPG. boarders rifled bridge & masters cabin, stole cash and electronics."
ASAM-2016-02630,2008-05-13T20:48:00,2008,5,6.4685,119.514,Sulu Sea,Crude Oil Tanker,Boarded,0,5,Small arms,"Crude Oil Tanker attacked by Sulu archipelago kidnapping ring in narrow channel. MOA: abduction of fishing crew. Weapons observed: M16 + RPG. boarders rifled bridge & masters cabin, stole cash and electronics; 5 crew taken hostage; ransom demand transmitted within 72h."
ASAM-2017-02631,2012-08-14T20:32:00,2012,8,13.2385,50.3723,Gulf of Aden,Yacht,Fired Upon,0,0,Knives,"Yacht attacked by Puntland-based PAG approx 54nm offshore. MOA: grappling hook boarding at low freeboard. Weapons observed: RPG-7. master engaged evasive maneuvers, RPG and small arms fire received."
ASAM-2018-02632,2012-06-12T21:16:00,2012,6,13.7105,48.4641,Gulf of Aden,Offshore Supply,Hijacked,0,19,Unknown,"Offshore Supply attacked by Hobyo-Harardhere PAG at anchorage. MOA: grappling hook boarding at low freeboard. Weapons observed: small arms. vessel hijacked, crew of 26 taken to coastal anchorage; 19 crew taken hostage; ransom demand transmitted within 72h."
ASAM-2019-02633,2015-10-27T16:43:00,2015,10,10.0141,112.0204,South China Sea,Container Ship,Attempted,0,0,AK-47,Container Ship attacked by Filipino anchor-rob crew in narrow channel. MOA: product theft (diesel siphoning). Weapons observed: RPG-7. approach broken off after master sounded alarm and engaged firehoses.
ASAM-2020-02634,2005-10-15T06:01:00,2005,10,3.4529,100.7529,Strait of Malacca,RoRo Vehicle Carrier,Hijacked,0,22,Small arms,"RoRo Vehicle Carrier attacked by Free Aceh splinter (historical) approx 135nm offshore. MOA: crew rob & flee in <30 min. Weapons observed: knives/machetes. vessel hijacked, crew of 20 taken to coastal anchorage; 22 crew taken hostage; ransom demand transmitted within 72h."
ASAM-2021-02635,2017-02-02T01:03:00,2017,2,2.8058,100.7996,Strait of Malacca,Offshore Supply,Boarded,0,5,AK-47,"Offshore Supply attacked by Indonesian coastal gang underway in transit lane. MOA: nighttime stealth boarding at anchorage. Weapons observed: M16 + RPG. boarders rifled bridge & masters cabin, stole cash and electronics; 5 crew taken hostage; ransom demand transmitted within 72h."
ASAM-2022-02636,2008-04-03T01:29:00,2008,4,14.4122,48.1049,Gulf of Aden,RoRo Vehicle Carrier,Attempted,0,0,Knives,RoRo Vehicle Carrier attacked by Somali pirate skiff network at anchorage. MOA: RPG warning shot then boarding. Weapons observed: RPG-7. approach broken off after master sounded alarm and engaged firehoses.
ASAM-2023-02637,2004-12-06T15:21:00,2004,12,2.7238,100.6336,Strait of Malacca,Bulk Carrier,Boarded,0,0,RPG,"Bulk Carrier attacked by Indonesian coastal gang underway in transit lane. MOA: nighttime stealth boarding at anchorage. Weapons observed: M16 + RPG. boarders rifled bridge & masters cabin, stole cash and electronics."
ASAM-2024-02638,2018-03-23T21:03:00,2018,3,6.2434,120.1427,Sulu Sea,Bulk Carrier,Attempted,0,0,AK-47,Bulk Carrier attacked by Sulu archipelago kidnapping ring at anchorage. MOA: abduction of fishing crew. Weapons observed: RPG-7. approach broken off after master sounded alarm and engaged firehoses.
ASAM-2025-02639,2004-09-05T04:56:00,2004,9,4.2693,101.9453,Strait of Malacca,Container Ship,Boarded,1,5,Unknown,"Container Ship attacked by Riau Archipelago armed robbers underway in transit lane. MOA: nighttime stealth boarding at anchorage. Weapons observed: M16 + RPG. boarders rifled bridge & masters cabin, stole cash and electronics; 3 crew sustained injuries; 5 crew taken hostage; ransom demand transmitted within 72h."
ASAM-1993-02640,2002-10-22T23:33:00,2002,10,4.4281,6.595,Gulf of Guinea,Chemical Tanker,Hijacked,1,24,RPG,"Chemical Tanker attacked by Nigerian kidnap-for-ransom cell in narrow channel. MOA: AK-47 + GPMG armed boarding. Weapons observed: AK-47. vessel hijacked, crew of 23 taken to coastal anchorage; 4 crew sustained injuries; 24 crew taken hostage; ransom demand transmitted within 72h."
ASAM-1994-02641,2014-01-25T09:54:00,2014,1,9.4812,110.754,South China Sea,Crude Oil Tanker,Boarded,1,0,AK-47,"Crude Oil Tanker attacked by Vietnamese coastal robbers at anchorage. MOA: stealth anchorage boarding. Weapons observed: AK-47. boarders rifled bridge & masters cabin, stole cash and electronics; 1 crew sustained injuries."
ASAM-1995-02642,2008-02-08T03:21:00,2008,2,14.1551,47.0263,Gulf of Aden,Tug & Barge,Attempted,0,0,RPG,Tug & Barge attacked by Somali pirate skiff network at anchorage. MOA: mothership-launched skiff swarm. Weapons observed: AK-47. approach broken off after master sounded alarm and engaged firehoses.
ASAM-1996-02643,2017-06-03T02:28:00,2017,6,11.2092,-67.4728,Caribbean / Venezuelan,Bulk Carrier,Boarded,0,6,AK-47,"Bulk Carrier attacked by Venezuelan coastal gang underway in transit lane. MOA: yacht boarding at anchorage. Weapons observed: small arms. boarders rifled bridge & masters cabin, stole cash and electronics; 6 crew taken hostage; ransom demand transmitted within 72h."
ASAM-1997-02644,2023-08-24T06:11:00,2023,8,13.434,49.0458,Gulf of Aden,Bulk Carrier,Fired Upon,0,0,AK-47,"Bulk Carrier attacked by Hobyo-Harardhere PAG underway in transit lane. MOA: grappling hook boarding at low freeboard. Weapons observed: M16 + RPG. master engaged evasive maneuvers, RPG and small arms fire received."
ASAM-1998-02645,2004-11-08T19:40:00,2004,11,2.4655,102.0056,Strait of Malacca,Crude Oil Tanker,Suspicious Approach,0,0,Unknown,Crude Oil Tanker attacked by Indonesian coastal gang approx 248nm offshore. MOA: nighttime stealth boarding at anchorage. Weapons observed: knives/machetes. unidentified skiff shadowed vessel for 18 minutes before withdrawing.
ASAM-1999-02646,1998-01-10T19:50:00,1998,1,6.4423,121.218,Sulu Sea,Fishing Vessel,Suspicious Approach,0,0,Unknown,Fishing Vessel attacked by Sulu archipelago kidnapping ring at anchorage. MOA: abduction of fishing crew. Weapons observed: knives/machetes. unidentified skiff shadowed vessel for 18 minutes before withdrawing.
ASAM-2000-02647,2021-10-22T02:40:00,2021,10,2.9767,6.966,Gulf of Guinea,Offshore Supply,Boarded,0,0,Knives,"Offshore Supply attacked by Niger Delta militant offshoot approx 35nm offshore. MOA: fast attack craft >150nm offshore. Weapons observed: knives/machetes. boarders rifled bridge & masters cabin, stole cash and electronics."
ASAM-2001-02648,2011-12-07T08:11:00,2011,12,6.9701,121.0331,Sulu Sea,LPG/LNG Tanker,Fired Upon,0,0,Knives,"LPG/LNG Tanker attacked by BIFF splinter group approx 89nm offshore. MOA: speedboat intercept tug & barge. Weapons observed: RPG-7. master engaged evasive maneuvers, RPG and small arms fire received."
ASAM-2002-02649,2011-03-08T04:02:00,2011,3,4.5478,3.7076,Gulf of Guinea,Bulk Carrier,Suspicious Approach,0,0,AK-47,Bulk Carrier attacked by Nigerian kidnap-for-ransom cell approx 103nm offshore. MOA: AK-47 + GPMG armed boarding. Weapons observed: M16 + RPG. unidentified skiff shadowed vessel for 18 minutes before withdrawing.
ASAM-2003-02650,2008-11-11T23:47:00,2008,11,14.1108,47.1515,Gulf of Aden,General Cargo,Boarded,0,0,AK-47,"General Cargo attacked by Somali pirate skiff network at anchorage. MOA: RPG warning shot then boarding. Weapons observed: small arms. boarders rifled bridge & masters cabin, stole cash and electronics."
ASAM-2004-02651,2018-11-04T15:44:00,2018,11,2.8641,4.9026,Gulf of Guinea,Offshore Supply,Boarded,0,0,RPG,"Offshore Supply attacked by Niger Delta militant offshoot approx 148nm offshore. MOA: AK-47 + GPMG armed boarding. Weapons observed: AK-47. boarders rifled bridge & masters cabin, stole cash and electronics."
ASAM-2005-02652,2015-02-12T17:19:00,2015,2,14.0796,47.6355,Gulf of Aden,Bulk Carrier,Boarded,0,0,Knives,"Bulk Carrier attacked by Hobyo-Harardhere PAG in narrow channel. MOA: mothership-launched skiff swarm. Weapons observed: AK-47. boarders rifled bridge & masters cabin, stole cash and electronics."
ASAM-2006-02653,2012-09-28T03:31:00,2012,9,12.2527,48.0905,Gulf of Aden,Crude Oil Tanker,Boarded,0,0,Knives,"Crude Oil Tanker attacked by Hobyo-Harardhere PAG in narrow channel. MOA: grappling hook boarding at low freeboard. Weapons observed: AK-47. boarders rifled bridge & masters cabin, stole cash and electronics."
ASAM-2007-02654,2020-05-05T00:49:00,2020,5,5.0333,5.0805,Gulf of Guinea,Container Ship,Attempted,0,0,AK-47,Container Ship attacked by Nigerian kidnap-for-ransom cell underway in transit lane. MOA: AK-47 + GPMG armed boarding. Weapons observed: M16 + RPG. approach broken off after master sounded alarm and engaged firehoses.
ASAM-2008-02655,2011-01-21T04:07:00,2011,1,1.045,4.627,Gulf of Guinea,LPG/LNG Tanker,Fired Upon,0,0,Unknown,"LPG/LNG Tanker attacked by Bakassi Strike Force remnant approx 44nm offshore. MOA: AK-47 + GPMG armed boarding. Weapons observed: RPG-7. master engaged evasive maneuvers, RPG and small arms fire received."
ASAM-2009-02656,2005-09-07T02:32:00,2005,9,12.2178,46.8093,Gulf of Aden,Offshore Supply,Attempted,0,0,RPG,Offshore Supply attacked by Hobyo-Harardhere PAG at anchorage. MOA: mothership-launched skiff swarm. Weapons observed: M16 + RPG. approach broken off after master sounded alarm and engaged firehoses.
ASAM-2010-02657,2018-03-16T00:52:00,2018,3,7.4386,119.28,Sulu Sea,Chemical Tanker,Boarded,1,0,AK-47,"Chemical Tanker attacked by Abu Sayyaf maritime cell in narrow channel. MOA: hostage transfer to Jolo island camps. Weapons observed: M16 + RPG. boarders rifled bridge & masters cabin, stole cash and electronics; 4 crew sustained injuries."
ASAM-2011-02658,2008-07-25T08:04:00,2008,7,11.8742,47.4941,Gulf of Aden,General Cargo,Suspicious Approach,0,0,RPG,General Cargo attacked by Puntland-based PAG approx 120nm offshore. MOA: RPG warning shot then boarding. Weapons observed: small arms. unidentified skiff shadowed vessel for 18 minutes before withdrawing.
ASAM-2012-02659,2009-05-01T03:26:00,2009,5,4.0611,8.0017,Gulf of Guinea,Bulk Carrier,Boarded,0,6,RPG,"Bulk Carrier attacked by Niger Delta militant offshoot underway in transit lane. MOA: AK-47 + GPMG armed boarding. Weapons observed: knives/machetes. boarders rifled bridge & masters cabin, stole cash and electronics; 6 crew taken hostage; ransom demand transmitted within 72h."
ASAM-2013-02660,2011-10-12T20:52:00,2011,10,12.6262,48.9165,Gulf of Aden,Crude Oil Tanker,Suspicious Approach,0,0,RPG,Crude Oil Tanker attacked by Puntland-based PAG in narrow channel. MOA: grappling hook boarding at low freeboard. Weapons observed: M16 + RPG. unidentified skiff shadowed vessel for 18 minutes before withdrawing.
ASAM-2014-02661,2021-01-11T10:56:00,2021,1,0.8679,4.3255,Gulf of Guinea,Chemical Tanker,Fired Upon,0,0,Small arms,"Chemical Tanker attacked by Niger Delta militant offshoot approx 277nm offshore. MOA: fast attack craft >150nm offshore. Weapons observed: knives/machetes. master engaged evasive maneuvers, RPG and small arms fire received."
ASAM-2015-02662,2018-08-25T05:59:00,2018,8,4.4091,7.7454,Gulf of Guinea,Yacht,Fired Upon,0,0,Knives,"Yacht attacked by Niger Delta militant offshoot underway in transit lane. MOA: AK-47 + GPMG armed boarding. Weapons observed: RPG-7. master engaged evasive maneuvers, RPG and small arms fire received."
ASAM-2016-02663,2020-06-18T03:42:00,2020,6,2.049,6.1124,Gulf of Guinea,Bulk Carrier,Fired Upon,0,0,Unknown,"Bulk Carrier attacked by Niger Delta militant offshoot in narrow channel. MOA: AK-47 + GPMG armed boarding. Weapons observed: knives/machetes. master engaged evasive maneuvers, RPG and small arms fire received."
ASAM-2017-02664,2019-02-04T19:21:00,2019,2,5.1773,4.4728,Gulf of Guinea,General Cargo,Hijacked,0,8,AK-47,"General Cargo attacked by Nigerian kidnap-for-ransom cell at anchorage. MOA: AK-47 + GPMG armed boarding. Weapons observed: small arms. vessel hijacked, crew of 17 taken to coastal anchorage; 8 crew taken hostage; ransom demand transmitted within 72h."
ASAM-2018-02665,2022-11-02T04:06:00,2022,11,2.1137,5.9627,Gulf of Guinea,Chemical Tanker,Hijacked,0,9,AK-47,"Chemical Tanker attacked by Nigerian kidnap-for-ransom cell approx 16nm offshore. MOA: tanker product theft (siphon). Weapons observed: small arms. vessel hijacked, crew of 23 taken to coastal anchorage; 9 crew taken hostage; ransom demand transmitted within 72h."
ASAM-2019-02666,2024-11-11T19:30:00,2024,11,12.6857,49.8177,Gulf of Aden,Crude Oil Tanker,Attempted,0,0,RPG,Crude Oil Tanker attacked by Puntland-based PAG underway in transit lane. MOA: AK-47 small arms suppression. Weapons observed: M16 + RPG. approach broken off after master sounded alarm and engaged firehoses.
ASAM-2020-02667,2019-04-27T02:49:00,2019,4,6.3285,5.3208,Gulf of Guinea,Bulk Carrier,Fired Upon,0,0,AK-47,"Bulk Carrier attacked by Nigerian kidnap-for-ransom cell in narrow channel. MOA: fast attack craft >150nm offshore. Weapons observed: AK-47. master engaged evasive maneuvers, RPG and small arms fire received."
ASAM-2021-02668,2005-10-23T19:51:00,2005,10,3.3755,101.9883,Strait of Malacca,Chemical Tanker,Boarded,0,0,Unknown,"Chemical Tanker attacked by Indonesian coastal gang at anchorage. MOA: crew rob & flee in <30 min. Weapons observed: AK-47. boarders rifled bridge & masters cabin, stole cash and electronics."
ASAM-2022-02669,1999-09-02T02:56:00,1999,9,4.0539,4.3758,Gulf of Guinea,Tug & Barge,Boarded,0,3,RPG,"Tug & Barge attacked by Niger Delta militant offshoot at anchorage. MOA: fast attack craft >150nm offshore. Weapons observed: AK-47. boarders rifled bridge & masters cabin, stole cash and electronics; 3 crew taken hostage; ransom demand transmitted within 72h."
ASAM-2023-02670,2008-02-01T05:01:00,2008,2,12.8507,48.0829,Gulf of Aden,Crude Oil Tanker,Attempted,0,0,Unknown,Crude Oil Tanker attacked by Hobyo-Harardhere PAG underway in transit lane. MOA: mothership-launched skiff swarm. Weapons observed: M16 + RPG. approach broken off after master sounded alarm and engaged firehoses.
ASAM-2024-02671,2018-02-10T09:52:00,2018,2,5.4844,4.9277,Gulf of Guinea,Container Ship,Hijacked,0,25,AK-47,"Container Ship attacked by Bakassi Strike Force remnant approx 114nm offshore. MOA: kidnap-for-ransom of officers. Weapons observed: M16 + RPG. vessel hijacked, crew of 24 taken to coastal anchorage; 25 crew taken hostage; ransom demand transmitted within 72h."
ASAM-2025-02672,2020-12-25T04:42:00,2020,12,4.5799,3.5461,Gulf of Guinea,General Cargo,Hijacked,1,24,Small arms,"General Cargo attacked by Nigerian kidnap-for-ransom cell in narrow channel. MOA: fast attack craft >150nm offshore. Weapons observed: AK-47. vessel hijacked, crew of 19 taken to coastal anchorage; 4 crew sustained injuries; 24 crew taken hostage; ransom demand transmitted within 72h."
ASAM-1993-02673,2020-11-21T15:34:00,2020,11,4.2017,9.0253,Gulf of Guinea,Bulk Carrier,Fired Upon,0,0,RPG,"Bulk Carrier attacked by Nigerian kidnap-for-ransom cell approx 172nm offshore. MOA: AK-47 + GPMG armed boarding. Weapons observed: AK-47. master engaged evasive maneuvers, RPG and small arms fire received."
ASAM-1994-02674,2003-06-25T02:35:00,2003,6,5.6229,2.7473,Gulf of Guinea,Bulk Carrier,Hijacked,0,25,Small arms,"Bulk Carrier attacked by Niger Delta militant offshoot at anchorage. MOA: fast attack craft >150nm offshore. Weapons observed: knives/machetes. vessel hijacked, crew of 25 taken to coastal anchorage; 25 crew taken hostage; ransom demand transmitted within 72h."
ASAM-1995-02675,2012-05-23T07:53:00,2012,5,11.1719,46.7964,Gulf of Aden,Crude Oil Tanker,Attempted,0,0,Unknown,Crude Oil Tanker attacked by Puntland-based PAG at anchorage. MOA: AK-47 small arms suppression. Weapons observed: M16 + RPG. approach broken off after master sounded alarm and engaged firehoses.
ASAM-1996-02676,2003-02-26T05:24:00,2003,2,3.4419,100.7626,Strait of Malacca,Crude Oil Tanker,Hijacked,0,10,Small arms,"Crude Oil Tanker attacked by Free Aceh splinter (historical) approx 29nm offshore. MOA: nighttime stealth boarding at anchorage. Weapons observed: AK-47. vessel hijacked, crew of 26 taken to coastal anchorage; 10 crew taken hostage; ransom demand transmitted within 72h."
ASAM-1997-02677,1996-12-02T05:26:00,1996,12,5.4913,5.6734,Gulf of Guinea,Crude Oil Tanker,Boarded,0,0,Small arms,"Crude Oil Tanker attacked by Nigerian kidnap-for-ransom cell in narrow channel. MOA: fast attack craft >150nm offshore. Weapons observed: knives/machetes. boarders rifled bridge & masters cabin, stole cash and electronics."
ASAM-1998-02678,2003-09-10T20:58:00,2003,9,2.3286,100.842,Strait of Malacca,General Cargo,Attempted,0,0,Unknown,General Cargo attacked by Indonesian coastal gang approx 231nm offshore. MOA: fast skiff rob at narrow channel. Weapons observed: small arms. approach broken off after master sounded alarm and engaged firehoses.
ASAM-1999-02679,1994-08-20T23:27:00,1994,8,2.7935,99.3289,Strait of Malacca,Fishing Vessel,Attempted,0,0,AK-47,"Fishing Vessel attacked by Free Aceh splinter (historical) at anchorage. MOA: knife-armed boarders, no firearms. Weapons observed: RPG-7. approach broken off after master sounded alarm and engaged firehoses."
ASAM-2000-02680,2004-03-23T04:59:00,2004,3,4.3984,100.2522,Strait of Malacca,Container Ship,Fired Upon,0,0,Knives,"Container Ship attacked by Indonesian coastal gang approx 152nm offshore. MOA: knife-armed boarders, no firearms. Weapons observed: small arms. master engaged evasive maneuvers, RPG and small arms fire received."
ASAM-2001-02681,2019-06-07T04:54:00,2019,6,4.9797,98.1048,Strait of Malacca,Bulk Carrier,Boarded,1,0,Knives,"Bulk Carrier attacked by Free Aceh splinter (historical) in narrow channel. MOA: fast skiff rob at narrow channel. Weapons observed: AK-47. boarders rifled bridge & masters cabin, stole cash and electronics; 1 crew sustained injuries."
ASAM-2002-02682,2017-03-18T05:24:00,2017,3,5.3302,3.9274,Gulf of Guinea,Bulk Carrier,Boarded,0,0,RPG,"Bulk Carrier attacked by Niger Delta militant offshoot in narrow channel. MOA: kidnap-for-ransom of officers. Weapons observed: small arms. boarders rifled bridge & masters cabin, stole cash and electronics."
ASAM-2003-02683,2016-08-10T20:08:00,2016,8,6.5664,121.1332,Sulu Sea,Fishing Vessel,Boarded,1,0,AK-47,"Fishing Vessel attacked by BIFF splinter group underway in transit lane. MOA: speedboat intercept tug & barge. Weapons observed: small arms. boarders rifled bridge & masters cabin, stole cash and electronics; 2 crew sustained injuries."
ASAM-2004-02684,2017-01-16T03:49:00,2017,1,11.27,-65.7086,Caribbean / Venezuelan,Offshore Supply,Suspicious Approach,0,0,Knives,Offshore Supply attacked by Trinidad-Tobago smuggler crew approx 119nm offshore. MOA: small arms intimidation. Weapons observed: M16 + RPG. unidentified skiff shadowed vessel for 18 minutes before withdrawing.
ASAM-2005-02685,2008-10-09T20:55:00,2008,10,2.1517,5.1146,Gulf of Guinea,RoRo Vehicle Carrier,Boarded,0,0,RPG,"RoRo Vehicle Carrier attacked by Nigerian kidnap-for-ransom cell in narrow channel. MOA: fast attack craft >150nm offshore. Weapons observed: RPG-7. boarders rifled bridge & masters cabin, stole cash and electronics."
ASAM-2006-02686,2004-12-13T20:00:00,2004,12,2.1232,101.0911,Strait of Malacca,Yacht,Attempted,0,0,RPG,Yacht attacked by Indonesian coastal gang at anchorage. MOA: nighttime stealth boarding at anchorage. Weapons observed: RPG-7. approach broken off after master sounded alarm and engaged firehoses.
ASAM-2007-02687,2010-06-08T02:25:00,2010,6,12.4974,50.0439,Gulf of Aden,General Cargo,Suspicious Approach,0,0,AK-47,General Cargo attacked by Hobyo-Harardhere PAG approx 213nm offshore. MOA: AK-47 small arms suppression. Weapons observed: AK-47. unidentified skiff shadowed vessel for 18 minutes before withdrawing.
ASAM-2008-02688,2019-07-07T23:39:00,2019,7,7.7616,5.9697,Gulf of Guinea,LPG/LNG Tanker,Suspicious Approach,0,0,Unknown,LPG/LNG Tanker attacked by Niger Delta militant offshoot approx 138nm offshore. MOA: AK-47 + GPMG armed boarding. Weapons observed: small arms. unidentified skiff shadowed vessel for 18 minutes before withdrawing.
ASAM-2009-02689,2008-11-08T22:15:00,2008,11,14.6834,49.232,Gulf of Aden,Bulk Carrier,Attempted,0,0,Unknown,Bulk Carrier attacked by Hobyo-Harardhere PAG underway in transit lane. MOA: grappling hook boarding at low freeboard. Weapons observed: M16 + RPG. approach broken off after master sounded alarm and engaged firehoses.
ASAM-2010-02690,2021-10-01T09:00:00,2021,10,6.1736,1.3142,Gulf of Guinea,General Cargo,Boarded,0,0,Knives,"General Cargo attacked by Nigerian kidnap-for-ransom cell underway in transit lane. MOA: fast attack craft >150nm offshore. Weapons observed: M16 + RPG. boarders rifled bridge & masters cabin, stole cash and electronics."
ASAM-2011-02691,2020-04-03T14:33:00,2020,4,2.7754,101.8041,Strait of Malacca,Bulk Carrier,Attempted,0,0,RPG,Bulk Carrier attacked by Riau Archipelago armed robbers in narrow channel. MOA: fast skiff rob at narrow channel. Weapons observed: M16 + RPG. approach broken off after master sounded alarm and engaged firehoses.
ASAM-2012-02692,2012-07-04T20:02:00,2012,7,14.2328,51.334,Gulf of Aden,Fishing Vessel,Attempted,0,0,Unknown,Fishing Vessel attacked by Somali pirate skiff network at anchorage. MOA: grappling hook boarding at low freeboard. Weapons observed: small arms. approach broken off after master sounded alarm and engaged firehoses.
ASAM-2013-02693,2010-01-09T02:02:00,2010,1,10.3059,48.9512,Gulf of Aden,Fishing Vessel,Boarded,0,0,AK-47,"Fishing Vessel attacked by Hobyo-Harardhere PAG underway in transit lane. MOA: grappling hook boarding at low freeboard. Weapons observed: M16 + RPG. boarders rifled bridge & masters cabin, stole cash and electronics."
ASAM-2014-02694,2010-07-09T03:44:00,2010,7,4.1058,99.0106,Strait of Malacca,Bulk Carrier,Boarded,0,0,AK-47,"Bulk Carrier attacked by Free Aceh splinter (historical) in narrow channel. MOA: crew rob & flee in <30 min. Weapons observed: RPG-7. boarders rifled bridge & masters cabin, stole cash and electronics."
ASAM-2015-02695,2010-03-20T00:24:00,2010,3,13.8404,48.002,Gulf of Aden,Container Ship,Boarded,0,0,AK-47,"Container Ship attacked by Hobyo-Harardhere PAG approx 111nm offshore. MOA: RPG warning shot then boarding. Weapons observed: RPG-7. boarders rifled bridge & masters cabin, stole cash and electronics."
ASAM-2016-02696,2015-07-27T19:16:00,2015,7,9.11,117.5238,South China Sea,Chemical Tanker,Suspicious Approach,0,0,Small arms,Chemical Tanker attacked by Filipino anchor-rob crew in narrow channel. MOA: stealth anchorage boarding. Weapons observed: AK-47. unidentified skiff shadowed vessel for 18 minutes before withdrawing.
ASAM-2017-02697,2021-07-03T20:04:00,2021,7,2.7509,5.8011,Gulf of Guinea,Chemical Tanker,Boarded,0,0,Small arms,"Chemical Tanker attacked by Nigerian kidnap-for-ransom cell at anchorage. MOA: tanker product theft (siphon). Weapons observed: small arms. boarders rifled bridge & masters cabin, stole cash and electronics."
ASAM-2018-02698,2014-01-10T04:41:00,2014,1,12.559,46.0556,Gulf of Aden,Container Ship,Fired Upon,0,0,Knives,"Container Ship attacked by Somali pirate skiff network underway in transit lane. MOA: RPG warning shot then boarding. Weapons observed: M16 + RPG. master engaged evasive maneuvers, RPG and small arms fire received."
ASAM-2019-02699,2008-01-13T04:10:00,2008,1,14.233,48.5783,Gulf of Aden,Bulk Carrier,Boarded,0,0,Unknown,"Bulk Carrier attacked by Somali pirate skiff network in narrow channel. MOA: AK-47 small arms suppression. Weapons observed: M16 + RPG. boarders rifled bridge & masters cabin, stole cash and electronics."
ASAM-2020-02700,2012-06-05T12:02:00,2012,6,3.2515,7.8199,Gulf of Guinea,General Cargo,Boarded,0,0,Unknown,"General Cargo attacked by Nigerian kidnap-for-ransom cell at anchorage. MOA: fast attack craft >150nm offshore. Weapons observed: knives/machetes. boarders rifled bridge & masters cabin, stole cash and electronics."
ASAM-2021-02701,2019-04-09T22:19:00,2019,4,12.973,51.605,Gulf of Aden,LPG/LNG Tanker,Attempted,1,0,Knives,LPG/LNG Tanker attacked by Puntland-based PAG underway in transit lane. MOA: AK-47 small arms suppression. Weapons observed: RPG-7. approach broken off after master sounded alarm and engaged firehoses; 1 crew sustained injuries.
ASAM-2022-02702,2008-02-22T20:49:00,2008,2,13.4582,45.8006,Gulf of Aden,Bulk Carrier,Boarded,0,0,RPG,"Bulk Carrier attacked by Somali pirate skiff network underway in transit lane. MOA: mothership-launched skiff swarm. Weapons observed: RPG-7. boarders rifled bridge & masters cabin, stole cash and electronics."
ASAM-2023-02703,1994-09-08T22:49:00,1994,9,6.7563,9.6964,Gulf of Guinea,Chemical Tanker,Attempted,0,0,AK-47,Chemical Tanker attacked by Bakassi Strike Force remnant at anchorage. MOA: fast attack craft >150nm offshore. Weapons observed: knives/machetes. approach broken off after master sounded alarm and engaged firehoses.
ASAM-2024-02704,2017-12-02T20:37:00,2017,12,6.2586,121.0902,Sulu Sea,General Cargo,Attempted,0,0,AK-47,General Cargo attacked by BIFF splinter group underway in transit lane. MOA: speedboat intercept tug & barge. Weapons observed: M16 + RPG. approach broken off after master sounded alarm and engaged firehoses.
ASAM-2025-02705,2014-09-06T23:12:00,2014,9,13.14,48.0545,Gulf of Aden,LPG/LNG Tanker,Boarded,0,4,Small arms,"LPG/LNG Tanker attacked by Puntland-based PAG approx 209nm offshore. MOA: RPG warning shot then boarding. Weapons observed: AK-47. boarders rifled bridge & masters cabin, stole cash and electronics; 4 crew taken hostage; ransom demand transmitted within 72h."
ASAM-1993-02706,2010-06-12T22:55:00,2010,6,3.9706,101.0592,Strait of Malacca,Yacht,Hijacked,0,11,Small arms,"Yacht attacked by Indonesian coastal gang at anchorage. MOA: nighttime stealth boarding at anchorage. Weapons observed: RPG-7. vessel hijacked, crew of 20 taken to coastal anchorage; 11 crew taken hostage; ransom demand transmitted within 72h."
ASAM-1994-02707,2005-09-04T00:35:00,2005,9,6.198,121.2617,Sulu Sea,Fishing Vessel,Boarded,0,6,RPG,"Fishing Vessel attacked by Sulu archipelago kidnapping ring approx 145nm offshore. MOA: abduction of fishing crew. Weapons observed: small arms. boarders rifled bridge & masters cabin, stole cash and electronics; 6 crew taken hostage; ransom demand transmitted within 72h."
ASAM-1995-02708,2020-08-17T04:50:00,2020,8,5.0719,10.3774,Gulf of Guinea,Bulk Carrier,Attempted,0,0,RPG,Bulk Carrier attacked by Bakassi Strike Force remnant at anchorage. MOA: fast attack craft >150nm offshore. Weapons observed: small arms. approach broken off after master sounded alarm and engaged firehoses.
ASAM-1996-02709,1999-07-05T23:31:00,1999,7,6.3494,119.9683,Sulu Sea,Fishing Vessel,Suspicious Approach,0,0,Unknown,Fishing Vessel attacked by BIFF splinter group approx 144nm offshore. MOA: speedboat intercept tug & barge. Weapons observed: small arms. unidentified skiff shadowed vessel for 18 minutes before withdrawing.
ASAM-1997-02710,2018-01-22T23:13:00,2018,1,9.4336,-64.936,Caribbean / Venezuelan,Offshore Supply,Attempted,0,0,Knives,Offshore Supply attacked by Venezuelan coastal gang in narrow channel. MOA: crew theft + minor injuries. Weapons observed: small arms. approach broken off after master sounded alarm and engaged firehoses.
ASAM-1998-02711,2019-06-06T10:52:00,2019,6,11.1986,-63.2764,Caribbean / Venezuelan,Bulk Carrier,Attempted,1,0,RPG,Bulk Carrier attacked by Venezuelan coastal gang at anchorage. MOA: yacht boarding at anchorage. Weapons observed: RPG-7. approach broken off after master sounded alarm and engaged firehoses; 4 crew sustained injuries.
ASAM-1999-02712,2011-09-05T03:07:00,2011,9,11.5159,-64.2178,Caribbean / Venezuelan,Fishing Vessel,Boarded,0,0,Knives,"Fishing Vessel attacked by Venezuelan coastal gang at anchorage. MOA: yacht boarding at anchorage. Weapons observed: knives/machetes. boarders rifled bridge & masters cabin, stole cash and electronics."
ASAM-2000-02713,2017-04-22T00:05:00,2017,4,10.2053,-65.6105,Caribbean / Venezuelan,Crude Oil Tanker,Attempted,0,0,Unknown,Crude Oil Tanker attacked by Venezuelan coastal gang in narrow channel. MOA: crew theft + minor injuries. Weapons observed: M16 + RPG. approach broken off after master sounded alarm and engaged firehoses.
ASAM-2001-02714,2008-08-01T21:06:00,2008,8,15.2585,49.3503,Gulf of Aden,RoRo Vehicle Carrier,Boarded,0,0,AK-47,"RoRo Vehicle Carrier attacked by Somali pirate skiff network in narrow channel. MOA: RPG warning shot then boarding. Weapons observed: AK-47. boarders rifled bridge & masters cabin, stole cash and electronics."
ASAM-2002-02715,2011-11-28T03:26:00,2011,11,12.6255,50.5959,Gulf of Aden,Container Ship,Boarded,0,0,Unknown,"Container Ship attacked by Hobyo-Harardhere PAG at anchorage. MOA: grappling hook boarding at low freeboard. Weapons observed: AK-47. boarders rifled bridge & masters cabin, stole cash and electronics."
ASAM-2003-02716,1999-10-03T02:28:00,1999,10,13.5136,52.9075,Gulf of Aden,LPG/LNG Tanker,Boarded,0,0,Unknown,"LPG/LNG Tanker attacked by Somali pirate skiff network underway in transit lane. MOA: RPG warning shot then boarding. Weapons observed: RPG-7. boarders rifled bridge & masters cabin, stole cash and electronics."
ASAM-2004-02717,2014-09-10T20:45:00,2014,9,6.6886,121.2889,Sulu Sea,LPG/LNG Tanker,Fired Upon,0,0,Small arms,"LPG/LNG Tanker attacked by Sulu archipelago kidnapping ring in narrow channel. MOA: hostage transfer to Jolo island camps. Weapons observed: small arms. master engaged evasive maneuvers, RPG and small arms fire received."
ASAM-2005-02718,2020-04-16T04:29:00,2020,4,6.529,7.376,Gulf of Guinea,General Cargo,Attempted,0,0,AK-47,General Cargo attacked by Bakassi Strike Force remnant at anchorage. MOA: AK-47 + GPMG armed boarding. Weapons observed: small arms. approach broken off after master sounded alarm and engaged firehoses.
ASAM-2006-02719,2019-10-07T18:36:00,2019,10,8.0745,114.0019,South China Sea,Bulk Carrier,Hijacked,1,15,Unknown,"Bulk Carrier attacked by Filipino anchor-rob crew approx 216nm offshore. MOA: product theft (diesel siphoning). Weapons observed: AK-47. vessel hijacked, crew of 12 taken to coastal anchorage; 3 crew sustained injuries; 15 crew taken hostage; ransom demand transmitted within 72h."
ASAM-2007-02720,2003-04-20T19:12:00,2003,4,2.8347,101.245,Strait of Malacca,Bulk Carrier,Attempted,0,0,Unknown,Bulk Carrier attacked by Indonesian coastal gang underway in transit lane. MOA: nighttime stealth boarding at anchorage. Weapons observed: M16 + RPG. approach broken off after master sounded alarm and engaged firehoses.
ASAM-2008-02721,2008-11-18T21:07:00,2008,11,12.2672,48.3413,Gulf of Aden,Yacht,Attempted,0,0,Knives,Yacht attacked by Puntland-based PAG approx 208nm offshore. MOA: mothership-launched skiff swarm. Weapons observed: M16 + RPG. approach broken off after master sounded alarm and engaged firehoses.
ASAM-2009-02722,2018-01-09T21:13:00,2018,1,5.268,120.8504,Sulu Sea,Container Ship,Boarded,1,0,AK-47,"Container Ship attacked by Abu Sayyaf maritime cell at anchorage. MOA: hostage transfer to Jolo island camps. Weapons observed: knives/machetes. boarders rifled bridge & masters cabin, stole cash and electronics; 3 crew sustained injuries."
ASAM-2010-02723,2008-04-20T19:14:00,2008,4,12.3511,48.2095,Gulf of Aden,Fishing Vessel,Attempted,0,0,AK-47,Fishing Vessel attacked by Puntland-based PAG at anchorage. MOA: AK-47 small arms suppression. Weapons observed: knives/machetes. approach broken off after master sounded alarm and engaged firehoses.
ASAM-2011-02724,1993-09-14T10:58:00,1993,9,14.1294,49.4884,Gulf of Aden,LPG/LNG Tanker,Boarded,0,0,Unknown,"LPG/LNG Tanker attacked by Hobyo-Harardhere PAG approx 207nm offshore. MOA: RPG warning shot then boarding. Weapons observed: AK-47. boarders rifled bridge & masters cabin, stole cash and electronics."
ASAM-2012-02725,2018-08-13T06:41:00,2018,8,2.4437,5.0432,Gulf of Guinea,Crude Oil Tanker,Suspicious Approach,0,0,Unknown,Crude Oil Tanker attacked by Bakassi Strike Force remnant at anchorage. MOA: kidnap-for-ransom of officers. Weapons observed: RPG-7. unidentified skiff shadowed vessel for 18 minutes before withdrawing.
ASAM-2013-02726,2020-08-23T01:28:00,2020,8,6.0092,123.0311,Sulu Sea,Container Ship,Boarded,0,4,Knives,"Container Ship attacked by Abu Sayyaf maritime cell approx 259nm offshore. MOA: M16 + RPG armed boarding. Weapons observed: knives/machetes. boarders rifled bridge & masters cabin, stole cash and electronics; 4 crew taken hostage; ransom demand transmitted within 72h."
ASAM-2014-02727,2019-04-09T02:07:00,2019,4,5.8636,5.4511,Gulf of Guinea,Container Ship,Boarded,0,0,Knives,"Container Ship attacked by Bakassi Strike Force remnant underway in transit lane. MOA: AK-47 + GPMG armed boarding. Weapons observed: knives/machetes. boarders rifled bridge & masters cabin, stole cash and electronics."
ASAM-2015-02728,1996-08-16T05:17:00,1996,8,5.3378,120.6427,Sulu Sea,Crude Oil Tanker,Attempted,0,0,Unknown,Crude Oil Tanker attacked by Abu Sayyaf maritime cell approx 205nm offshore. MOA: M16 + RPG armed boarding. Weapons observed: knives/machetes. approach broken off after master sounded alarm and engaged firehoses.
ASAM-2016-02729,2021-12-15T20:57:00,2021,12,6.3356,6.5649,Gulf of Guinea,Fishing Vessel,Attempted,0,0,RPG,Fishing Vessel attacked by Bakassi Strike Force remnant at anchorage. MOA: AK-47 + GPMG armed boarding. Weapons observed: RPG-7. approach broken off after master sounded alarm and engaged firehoses.
ASAM-2017-02730,2009-02-21T10:12:00,2009,2,11.2676,48.9874,Gulf of Aden,Yacht,Boarded,0,0,AK-47,"Yacht attacked by Somali pirate skiff network in narrow channel. MOA: AK-47 small arms suppression. Weapons observed: AK-47. boarders rifled bridge & masters cabin, stole cash and electronics."
ASAM-2018-02731,1995-07-01T20:28:00,1995,7,11.7955,46.4499,Gulf of Aden,Bulk Carrier,Boarded,0,0,Small arms,"Bulk Carrier attacked by Somali pirate skiff network underway in transit lane. MOA: RPG warning shot then boarding. Weapons observed: knives/machetes. boarders rifled bridge & masters cabin, stole cash and electronics."
ASAM-2019-02732,2018-08-18T09:04:00,2018,8,2.5275,4.5866,Gulf of Guinea,Yacht,Attempted,0,0,Small arms,Yacht attacked by Niger Delta militant offshoot underway in transit lane. MOA: kidnap-for-ransom of officers. Weapons observed: small arms. approach broken off after master sounded alarm and engaged firehoses.
ASAM-2020-02733,2019-12-20T23:05:00,2019,12,10.6763,-64.1622,Caribbean / Venezuelan,Container Ship,Attempted,0,0,Knives,Container Ship attacked by Venezuelan coastal gang underway in transit lane. MOA: small arms intimidation. Weapons observed: small arms. approach broken off after master sounded alarm and engaged firehoses.
ASAM-2021-02734,1995-11-18T05:25:00,1995,11,5.1316,121.7312,Sulu Sea,Crude Oil Tanker,Attempted,0,0,AK-47,Crude Oil Tanker attacked by BIFF splinter group at anchorage. MOA: M16 + RPG armed boarding. Weapons observed: RPG-7. approach broken off after master sounded alarm and engaged firehoses.
ASAM-2022-02735,2006-07-11T12:00:00,2006,7,3.4158,100.9426,Strait of Malacca,General Cargo,Boarded,1,0,Unknown,"General Cargo attacked by Riau Archipelago armed robbers approx 43nm offshore. MOA: crew rob & flee in <30 min. Weapons observed: small arms. boarders rifled bridge & masters cabin, stole cash and electronics; 2 crew sustained injuries."
ASAM-2023-02736,2016-03-21T11:31:00,2016,3,10.9467,111.1413,South China Sea,Bulk Carrier,Hijacked,0,24,Knives,"Bulk Carrier attacked by Vietnamese coastal robbers in narrow channel. MOA: stealth anchorage boarding. Weapons observed: RPG-7. vessel hijacked, crew of 23 taken to coastal anchorage; 24 crew taken hostage; ransom demand transmitted within 72h."
ASAM-2024-02737,2020-05-14T02:37:00,2020,5,3.4542,6.7751,Gulf of Guinea,Fishing Vessel,Boarded,0,0,RPG,"Fishing Vessel attacked by Nigerian kidnap-for-ransom cell approx 139nm offshore. MOA: AK-47 + GPMG armed boarding. Weapons observed: RPG-7. boarders rifled bridge & masters cabin, stole cash and electronics."
ASAM-2025-02738,2016-03-05T08:15:00,2016,3,2.376,4.4029,Gulf of Guinea,Bulk Carrier,Boarded,0,0,RPG,"Bulk Carrier attacked by Nigerian kidnap-for-ransom cell underway in transit lane. MOA: AK-47 + GPMG armed boarding. Weapons observed: small arms. boarders rifled bridge & masters cabin, stole cash and electronics."
ASAM-1993-02739,2020-12-23T03:01:00,2020,12,4.2833,3.1381,Gulf of Guinea,General Cargo,Boarded,0,0,Knives,"General Cargo attacked by Nigerian kidnap-for-ransom cell in narrow channel. MOA: AK-47 + GPMG armed boarding. Weapons observed: small arms. boarders rifled bridge & masters cabin, stole cash and electronics."
ASAM-1994-02740,2006-06-01T11:56:00,2006,6,14.548,50.2746,Gulf of Aden,LPG/LNG Tanker,Boarded,0,0,Unknown,"LPG/LNG Tanker attacked by Puntland-based PAG approx 64nm offshore. MOA: RPG warning shot then boarding. Weapons observed: small arms. boarders rifled bridge & masters cabin, stole cash and electronics."
ASAM-1995-02741,2016-09-14T01:56:00,2016,9,7.7108,108.6172,South China Sea,Bulk Carrier,Attempted,0,0,RPG,Bulk Carrier attacked by Vietnamese coastal robbers underway in transit lane. MOA: stealth anchorage boarding. Weapons observed: small arms. approach broken off after master sounded alarm and engaged firehoses.
ASAM-1996-02742,2018-08-15T14:56:00,2018,8,5.4606,1.4481,Gulf of Guinea,Crude Oil Tanker,Boarded,1,0,Knives,"Crude Oil Tanker attacked by Niger Delta militant offshoot at anchorage. MOA: tanker product theft (siphon). Weapons observed: AK-47. boarders rifled bridge & masters cabin, stole cash and electronics; 1 crew sustained injuries."
ASAM-1997-02743,2002-06-07T00:44:00,2002,6,11.1522,-66.3113,Caribbean / Venezuelan,Yacht,Boarded,0,0,AK-47,"Yacht attacked by Trinidad-Tobago smuggler crew approx 53nm offshore. MOA: yacht boarding at anchorage. Weapons observed: RPG-7. boarders rifled bridge & masters cabin, stole cash and electronics."
ASAM-1998-02744,2007-01-04T05:40:00,2007,1,3.5906,101.3886,Strait of Malacca,Crude Oil Tanker,Attempted,1,0,Knives,Crude Oil Tanker attacked by Free Aceh splinter (historical) in narrow channel. MOA: fast skiff rob at narrow channel. Weapons observed: RPG-7. approach broken off after master sounded alarm and engaged firehoses; 3 crew sustained injuries.
ASAM-1999-02745,2018-12-07T21:29:00,2018,12,2.7374,2.9297,Gulf of Guinea,Container Ship,Suspicious Approach,0,0,Small arms,Container Ship attacked by Bakassi Strike Force remnant at anchorage. MOA: fast attack craft >150nm offshore. Weapons observed: M16 + RPG. unidentified skiff shadowed vessel for 18 minutes before withdrawing.
ASAM-2000-02746,2003-09-23T06:23:00,2003,9,3.8718,99.3482,Strait of Malacca,Container Ship,Boarded,1,0,Unknown,"Container Ship attacked by Riau Archipelago armed robbers at anchorage. MOA: crew rob & flee in <30 min. Weapons observed: small arms. boarders rifled bridge & masters cabin, stole cash and electronics; 4 crew sustained injuries."
ASAM-2001-02747,2013-02-06T03:21:00,2013,2,4.0951,98.9746,Strait of Malacca,Crude Oil Tanker,Hijacked,1,17,Unknown,"Crude Oil Tanker attacked by Indonesian coastal gang approx 264nm offshore. MOA: crew rob & flee in <30 min. Weapons observed: AK-47. vessel hijacked, crew of 22 taken to coastal anchorage; 4 crew sustained injuries; 17 crew taken hostage; ransom demand transmitted within 72h."
ASAM-2002-02748,2004-02-15T04:06:00,2004,2,3.7325,99.872,Strait of Malacca,General Cargo,Attempted,0,0,Knives,General Cargo attacked by Free Aceh splinter (historical) in narrow channel. MOA: nighttime stealth boarding at anchorage. Weapons observed: small arms. approach broken off after master sounded alarm and engaged firehoses.
ASAM-2003-02749,2025-06-04T04:27:00,2025,6,11.8699,50.4495,Gulf of Aden,Fishing Vessel,Attempted,0,0,RPG,Fishing Vessel attacked by Puntland-based PAG in narrow channel. MOA: RPG warning shot then boarding. Weapons observed: knives/machetes. approach broken off after master sounded alarm and engaged firehoses.
ASAM-2004-02750,2015-04-07T01:40:00,2015,4,11.7234,50.9072,Gulf of Aden,General Cargo,Hijacked,0,10,Knives,"General Cargo attacked by Somali pirate skiff network in narrow channel. MOA: RPG warning shot then boarding. Weapons observed: RPG-7. vessel hijacked, crew of 26 taken to coastal anchorage; 10 crew taken hostage; ransom demand transmitted within 72h."
ASAM-2005-02751,2019-04-13T18:15:00,2019,4,6.4336,6.2154,Gulf of Guinea,General Cargo,Hijacked,0,9,Knives,"General Cargo attacked by Nigerian kidnap-for-ransom cell approx 80nm offshore. MOA: tanker product theft (siphon). Weapons observed: knives/machetes. vessel hijacked, crew of 27 taken to coastal anchorage; 9 crew taken hostage; ransom demand transmitted within 72h."
ASAM-2006-02752,2020-05-14T22:06:00,2020,5,4.4098,4.2328,Gulf of Guinea,Bulk Carrier,Boarded,1,0,Unknown,"Bulk Carrier attacked by Nigerian kidnap-for-ransom cell in narrow channel. MOA: AK-47 + GPMG armed boarding. Weapons observed: small arms. boarders rifled bridge & masters cabin, stole cash and electronics; 1 crew sustained injuries."
ASAM-2007-02753,2018-07-12T11:45:00,2018,7,3.7016,101.7321,Strait of Malacca,Crude Oil Tanker,Fired Upon,0,0,Knives,"Crude Oil Tanker attacked by Free Aceh splinter (historical) underway in transit lane. MOA: nighttime stealth boarding at anchorage. Weapons observed: RPG-7. master engaged evasive maneuvers, RPG and small arms fire received."
ASAM-2008-02754,1998-08-20T04:27:00,1998,8,12.5142,50.9603,Gulf of Aden,Container Ship,Attempted,0,0,AK-47,Container Ship attacked by Puntland-based PAG in narrow channel. MOA: AK-47 small arms suppression. Weapons observed: M16 + RPG. approach broken off after master sounded alarm and engaged firehoses.
ASAM-2009-02755,2009-08-13T20:42:00,2009,8,13.2755,47.3632,Gulf of Aden,Fishing Vessel,Attempted,0,0,Unknown,Fishing Vessel attacked by Somali pirate skiff network at anchorage. MOA: AK-47 small arms suppression. Weapons observed: AK-47. approach broken off after master sounded alarm and engaged firehoses.
ASAM-2010-02756,2017-11-16T04:36:00,2017,11,5.4509,120.4784,Sulu Sea,Chemical Tanker,Hijacked,0,16,Knives,"Chemical Tanker attacked by Abu Sayyaf maritime cell underway in transit lane. MOA: abduction of fishing crew. Weapons observed: knives/machetes. vessel hijacked, crew of 27 taken to coastal anchorage; 16 crew taken hostage; ransom demand transmitted within 72h."
ASAM-2011-02757,2019-08-22T02:05:00,2019,8,2.09,5.1793,Gulf of Guinea,Crude Oil Tanker,Boarded,0,0,Unknown,"Crude Oil Tanker attacked by Nigerian kidnap-for-ransom cell in narrow channel. MOA: tanker product theft (siphon). Weapons observed: knives/machetes. boarders rifled bridge & masters cabin, stole cash and electronics."
ASAM-2012-02758,2009-09-05T14:18:00,2009,9,12.5239,48.5919,Gulf of Aden,General Cargo,Boarded,0,0,Unknown,"General Cargo attacked by Somali pirate skiff network approx 280nm offshore. MOA: grappling hook boarding at low freeboard. Weapons observed: RPG-7. boarders rifled bridge & masters cabin, stole cash and electronics."
ASAM-2013-02759,2018-05-13T20:45:00,2018,5,4.1742,4.2013,Gulf of Guinea,Crude Oil Tanker,Boarded,0,3,AK-47,"Crude Oil Tanker attacked by Niger Delta militant offshoot at anchorage. MOA: tanker product theft (siphon). Weapons observed: RPG-7. boarders rifled bridge & masters cabin, stole cash and electronics; 3 crew taken hostage; ransom demand transmitted within 72h."
ASAM-2014-02760,2024-08-12T06:03:00,2024,8,11.6306,-64.4055,Caribbean / Venezuelan,Fishing Vessel,Suspicious Approach,0,0,Knives,Fishing Vessel attacked by Venezuelan coastal gang at anchorage. MOA: crew theft + minor injuries. Weapons observed: AK-47. unidentified skiff shadowed vessel for 18 minutes before withdrawing.
ASAM-2015-02761,2020-06-04T17:01:00,2020,6,5.3984,2.6779,Gulf of Guinea,Fishing Vessel,Hijacked,1,25,Unknown,"Fishing Vessel attacked by Nigerian kidnap-for-ransom cell in narrow channel. MOA: kidnap-for-ransom of officers. Weapons observed: knives/machetes. vessel hijacked, crew of 25 taken to coastal anchorage; 3 crew sustained injuries; 25 crew taken hostage; ransom demand transmitted within 72h."
ASAM-2016-02762,2004-11-18T00:20:00,2004,11,5.4286,120.2694,Sulu Sea,Tug & Barge,Hijacked,1,16,RPG,"Tug & Barge attacked by Abu Sayyaf maritime cell approx 239nm offshore. MOA: hostage transfer to Jolo island camps. Weapons observed: knives/machetes. vessel hijacked, crew of 15 taken to coastal anchorage; 4 crew sustained injuries; 16 crew taken hostage; ransom demand transmitted within 72h."
ASAM-2017-02763,2008-12-09T02:56:00,2008,12,14.0154,51.8994,Gulf of Aden,LPG/LNG Tanker,Attempted,0,0,RPG,LPG/LNG Tanker attacked by Puntland-based PAG approx 200nm offshore. MOA: AK-47 small arms suppression. Weapons observed: AK-47. approach broken off after master sounded alarm and engaged firehoses.
ASAM-2018-02764,2006-07-10T23:55:00,2006,7,3.0294,98.2213,Strait of Malacca,Bulk Carrier,Boarded,0,0,Small arms,"Bulk Carrier attacked by Indonesian coastal gang approx 78nm offshore. MOA: fast skiff rob at narrow channel. Weapons observed: M16 + RPG. boarders rifled bridge & masters cabin, stole cash and electronics."
ASAM-2019-02765,2007-03-16T21:27:00,2007,3,11.6566,49.9467,Gulf of Aden,Bulk Carrier,Attempted,0,0,Unknown,Bulk Carrier attacked by Puntland-based PAG at anchorage. MOA: grappling hook boarding at low freeboard. Weapons observed: knives/machetes. approach broken off after master sounded alarm and engaged firehoses.
ASAM-2020-02766,1995-10-14T20:18:00,1995,10,6.5883,120.8326,Sulu Sea,Yacht,Boarded,0,0,Unknown,"Yacht attacked by Sulu archipelago kidnapping ring approx 159nm offshore. MOA: M16 + RPG armed boarding. Weapons observed: AK-47. boarders rifled bridge & masters cabin, stole cash and electronics."
ASAM-2021-02767,2004-11-12T19:58:00,2004,11,5.4971,100.5826,Strait of Malacca,RoRo Vehicle Carrier,Attempted,0,0,Knives,RoRo Vehicle Carrier attacked by Riau Archipelago armed robbers in narrow channel. MOA: fast skiff rob at narrow channel. Weapons observed: small arms. approach broken off after master sounded alarm and engaged firehoses.
ASAM-2022-02768,2017-11-12T18:27:00,2017,11,9.6827,-65.8477,Caribbean / Venezuelan,Bulk Carrier,Boarded,1,0,Small arms,"Bulk Carrier attacked by Venezuelan coastal gang underway in transit lane. MOA: small arms intimidation. Weapons observed: M16 + RPG. boarders rifled bridge & masters cabin, stole cash and electronics; 1 crew sustained injuries."
ASAM-2023-02769,2006-01-24T09:31:00,2006,1,13.1969,49.6902,Gulf of Aden,Bulk Carrier,Hijacked,0,26,Unknown,"Bulk Carrier attacked by Somali pirate skiff network approx 89nm offshore. MOA: RPG warning shot then boarding. Weapons observed: RPG-7. vessel hijacked, crew of 21 taken to coastal anchorage; 26 crew taken hostage; ransom demand transmitted within 72h."
ASAM-2024-02770,2018-10-27T22:06:00,2018,10,5.2315,119.3314,Sulu Sea,Bulk Carrier,Attempted,0,0,Small arms,Bulk Carrier attacked by BIFF splinter group approx 152nm offshore. MOA: abduction of fishing crew. Weapons observed: small arms. approach broken off after master sounded alarm and engaged firehoses.
ASAM-2025-02771,2020-11-04T12:15:00,2020,11,6.952,6.7332,Gulf of Guinea,Fishing Vessel,Attempted,0,0,Small arms,Fishing Vessel attacked by Bakassi Strike Force remnant at anchorage. MOA: fast attack craft >150nm offshore. Weapons observed: RPG-7. approach broken off after master sounded alarm and engaged firehoses.
ASAM-1993-02772,2009-10-05T01:58:00,2009,10,14.3087,51.2439,Gulf of Aden,Chemical Tanker,Boarded,0,0,RPG,"Chemical Tanker attacked by Hobyo-Harardhere PAG at anchorage. MOA: grappling hook boarding at low freeboard. Weapons observed: RPG-7. boarders rifled bridge & masters cabin, stole cash and electronics."
ASAM-1994-02773,2009-09-03T05:58:00,2009,9,11.1728,48.3414,Gulf of Aden,Bulk Carrier,Attempted,0,0,Small arms,Bulk Carrier attacked by Puntland-based PAG in narrow channel. MOA: RPG warning shot then boarding. Weapons observed: RPG-7. approach broken off after master sounded alarm and engaged firehoses.
ASAM-1995-02774,2006-06-07T01:54:00,2006,6,1.977,101.2017,Strait of Malacca,Container Ship,Boarded,0,0,RPG,"Container Ship attacked by Riau Archipelago armed robbers in narrow channel. MOA: crew rob & flee in <30 min. Weapons observed: AK-47. boarders rifled bridge & masters cabin, stole cash and electronics."
ASAM-1996-02775,2016-05-27T19:41:00,2016,5,7.1001,120.4492,Sulu Sea,Bulk Carrier,Fired Upon,0,0,Unknown,"Bulk Carrier attacked by BIFF splinter group underway in transit lane. MOA: M16 + RPG armed boarding. Weapons observed: small arms. master engaged evasive maneuvers, RPG and small arms fire received."
ASAM-1997-02776,2011-12-11T18:24:00,2011,12,12.8734,51.7792,Gulf of Aden,Yacht,Boarded,1,0,Unknown,"Yacht attacked by Hobyo-Harardhere PAG approx 84nm offshore. MOA: RPG warning shot then boarding. Weapons observed: small arms. boarders rifled bridge & masters cabin, stole cash and electronics; 3 crew sustained injuries."
ASAM-1998-02777,2021-12-02T21:41:00,2021,12,1.9306,4.7182,Gulf of Guinea,Chemical Tanker,Attempted,0,0,AK-47,Chemical Tanker attacked by Bakassi Strike Force remnant underway in transit lane. MOA: tanker product theft (siphon). Weapons observed: knives/machetes. approach broken off after master sounded alarm and engaged firehoses.
ASAM-1999-02778,2022-09-13T20:06:00,2022,9,4.8459,103.2295,Strait of Malacca,Bulk Carrier,Boarded,1,0,Unknown,"Bulk Carrier attacked by Indonesian coastal gang approx 139nm offshore. MOA: fast skiff rob at narrow channel. Weapons observed: AK-47. boarders rifled bridge & masters cabin, stole cash and electronics; 3 crew sustained injuries."
ASAM-2000-02779,2018-07-06T03:28:00,2018,7,3.7895,7.3253,Gulf of Guinea,Bulk Carrier,Fired Upon,0,0,RPG,"Bulk Carrier attacked by Bakassi Strike Force remnant underway in transit lane. MOA: kidnap-for-ransom of officers. Weapons observed: M16 + RPG. master engaged evasive maneuvers, RPG and small arms fire received."
ASAM-2001-02780,2020-06-17T07:45:00,2020,6,13.8928,50.2246,Gulf of Aden,Crude Oil Tanker,Attempted,0,0,Knives,Crude Oil Tanker attacked by Puntland-based PAG underway in transit lane. MOA: mothership-launched skiff swarm. Weapons observed: RPG-7. approach broken off after master sounded alarm and engaged firehoses.
ASAM-2002-02781,1999-05-14T03:27:00,1999,5,2.7545,7.644,Gulf of Guinea,Chemical Tanker,Attempted,0,0,Knives,Chemical Tanker attacked by Niger Delta militant offshoot in narrow channel. MOA: tanker product theft (siphon). Weapons observed: RPG-7. approach broken off after master sounded alarm and engaged firehoses.
ASAM-2003-02782,2024-01-05T22:40:00,2024,1,6.5275,122.3336,Sulu Sea,Chemical Tanker,Boarded,0,2,Knives,"Chemical Tanker attacked by Abu Sayyaf maritime cell underway in transit lane. MOA: speedboat intercept tug & barge. Weapons observed: M16 + RPG. boarders rifled bridge & masters cabin, stole cash and electronics; 2 crew taken hostage; ransom demand transmitted within 72h."
ASAM-2004-02783,2015-03-14T00:36:00,2015,3,3.1554,5.7699,Gulf of Guinea,LPG/LNG Tanker,Attempted,1,0,RPG,LPG/LNG Tanker attacked by Nigerian kidnap-for-ransom cell approx 134nm offshore. MOA: AK-47 + GPMG armed boarding. Weapons observed: knives/machetes. approach broken off after master sounded alarm and engaged firehoses; 4 crew sustained injuries.
ASAM-2005-02784,2018-06-23T04:39:00,2018,6,5.1062,4.0393,Gulf of Guinea,Container Ship,Hijacked,0,12,AK-47,"Container Ship attacked by Niger Delta militant offshoot in narrow channel. MOA: fast attack craft >150nm offshore. Weapons observed: knives/machetes. vessel hijacked, crew of 24 taken to coastal anchorage; 12 crew taken hostage; ransom demand transmitted within 72h."
ASAM-2006-02785,2008-10-04T03:09:00,2008,10,4.4284,121.5255,Sulu Sea,Crude Oil Tanker,Attempted,0,0,Small arms,Crude Oil Tanker attacked by BIFF splinter group underway in transit lane. MOA: hostage transfer to Jolo island camps. Weapons observed: knives/machetes. approach broken off after master sounded alarm and engaged firehoses.
ASAM-2007-02786,2016-01-12T04:54:00,2016,1,13.6776,45.6243,Gulf of Aden,Chemical Tanker,Fired Upon,0,0,RPG,"Chemical Tanker attacked by Somali pirate skiff network at anchorage. MOA: AK-47 small arms suppression. Weapons observed: RPG-7. master engaged evasive maneuvers, RPG and small arms fire received."
ASAM-2008-02787,1995-11-10T08:21:00,1995,11,6.1434,11.1777,Gulf of Guinea,Bulk Carrier,Suspicious Approach,0,0,RPG,Bulk Carrier attacked by Bakassi Strike Force remnant at anchorage. MOA: fast attack craft >150nm offshore. Weapons observed: small arms. unidentified skiff shadowed vessel for 18 minutes before withdrawing.
ASAM-2009-02788,2024-09-14T06:38:00,2024,9,3.3284,3.0365,Gulf of Guinea,Chemical Tanker,Attempted,0,0,RPG,Chemical Tanker attacked by Niger Delta militant offshoot underway in transit lane. MOA: tanker product theft (siphon). Weapons observed: M16 + RPG. approach broken off after master sounded alarm and engaged firehoses.
ASAM-2010-02789,2019-08-18T02:15:00,2019,8,5.3168,9.6978,Gulf of Guinea,Chemical Tanker,Attempted,0,0,Knives,Chemical Tanker attacked by Nigerian kidnap-for-ransom cell in narrow channel. MOA: kidnap-for-ransom of officers. Weapons observed: M16 + RPG. approach broken off after master sounded alarm and engaged firehoses.
ASAM-2011-02790,2002-06-28T07:41:00,2002,6,4.982,2.2846,Gulf of Guinea,Chemical Tanker,Attempted,0,0,Knives,Chemical Tanker attacked by Niger Delta militant offshoot underway in transit lane. MOA: AK-47 + GPMG armed boarding. Weapons observed: small arms. approach broken off after master sounded alarm and engaged firehoses.
ASAM-2012-02791,2006-06-03T23:02:00,2006,6,2.2014,99.9884,Strait of Malacca,Bulk Carrier,Boarded,1,0,Small arms,"Bulk Carrier attacked by Indonesian coastal gang approx 119nm offshore. MOA: fast skiff rob at narrow channel. Weapons observed: M16 + RPG. boarders rifled bridge & masters cabin, stole cash and electronics; 1 crew sustained injuries."
ASAM-2013-02792,2018-11-27T23:16:00,2018,11,7.1315,122.7138,Sulu Sea,Chemical Tanker,Attempted,0,0,AK-47,Chemical Tanker attacked by Abu Sayyaf maritime cell approx 56nm offshore. MOA: speedboat intercept tug & barge. Weapons observed: RPG-7. approach broken off after master sounded alarm and engaged firehoses.
ASAM-2014-02793,2010-07-10T01:24:00,2010,7,2.5901,100.6692,Strait of Malacca,Tug & Barge,Attempted,0,0,AK-47,"Tug & Barge attacked by Free Aceh splinter (historical) underway in transit lane. MOA: knife-armed boarders, no firearms. Weapons observed: RPG-7. approach broken off after master sounded alarm and engaged firehoses."
ASAM-2015-02794,2011-11-09T08:12:00,2011,11,14.5201,45.5251,Gulf of Aden,Tug & Barge,Attempted,0,0,RPG,Tug & Barge attacked by Puntland-based PAG at anchorage. MOA: AK-47 small arms suppression. Weapons observed: knives/machetes. approach broken off after master sounded alarm and engaged firehoses.
ASAM-2016-02795,2008-04-17T04:33:00,2008,4,7.4737,111.4076,South China Sea,Bulk Carrier,Attempted,0,0,AK-47,Bulk Carrier attacked by Filipino anchor-rob crew in narrow channel. MOA: stealth anchorage boarding. Weapons observed: RPG-7. approach broken off after master sounded alarm and engaged firehoses.
ASAM-2017-02796,2018-05-12T01:43:00,2018,5,5.419,122.1865,Sulu Sea,Tug & Barge,Attempted,0,0,Unknown,Tug & Barge attacked by Abu Sayyaf maritime cell at anchorage. MOA: speedboat intercept tug & barge. Weapons observed: AK-47. approach broken off after master sounded alarm and engaged firehoses.
ASAM-2018-02797,1993-10-16T20:13:00,1993,10,5.4761,120.9931,Sulu Sea,RoRo Vehicle Carrier,Attempted,0,0,RPG,RoRo Vehicle Carrier attacked by Sulu archipelago kidnapping ring at anchorage. MOA: M16 + RPG armed boarding. Weapons observed: small arms. approach broken off after master sounded alarm and engaged firehoses.
ASAM-2019-02798,2021-03-07T09:49:00,2021,3,4.7596,7.5918,Gulf of Guinea,Chemical Tanker,Fired Upon,1,0,Unknown,"Chemical Tanker attacked by Nigerian kidnap-for-ransom cell in narrow channel. MOA: fast attack craft >150nm offshore. Weapons observed: M16 + RPG. master engaged evasive maneuvers, RPG and small arms fire received; 3 crew sustained injuries."
ASAM-2020-02799,2017-12-08T21:27:00,2017,12,4.6481,121.1214,Sulu Sea,Crude Oil Tanker,Boarded,0,0,Knives,"Crude Oil Tanker attacked by Abu Sayyaf maritime cell approx 124nm offshore. MOA: hostage transfer to Jolo island camps. Weapons observed: knives/machetes. boarders rifled bridge & masters cabin, stole cash and electronics."
ASAM-2021-02800,2011-09-07T03:04:00,2011,9,11.2052,51.1539,Gulf of Aden,General Cargo,Hijacked,1,24,RPG,"General Cargo attacked by Puntland-based PAG in narrow channel. MOA: AK-47 small arms suppression. Weapons observed: AK-47. vessel hijacked, crew of 24 taken to coastal anchorage; 3 crew sustained injuries; 24 crew taken hostage; ransom demand transmitted within 72h."
ASAM-2022-02801,1997-08-18T00:42:00,1997,8,15.0163,47.1471,Gulf of Aden,Container Ship,Attempted,1,0,Knives,Container Ship attacked by Puntland-based PAG underway in transit lane. MOA: grappling hook boarding at low freeboard. Weapons observed: M16 + RPG. approach broken off after master sounded alarm and engaged firehoses; 4 crew sustained injuries.
ASAM-2023-02802,2025-06-16T02:28:00,2025,6,7.4437,113.0128,South China Sea,Chemical Tanker,Attempted,0,0,Small arms,Chemical Tanker attacked by Filipino anchor-rob crew in narrow channel. MOA: stealth anchorage boarding. Weapons observed: knives/machetes. approach broken off after master sounded alarm and engaged firehoses.
ASAM-2024-02803,2018-05-02T00:33:00,2018,5,6.1286,7.7348,Gulf of Guinea,LPG/LNG Tanker,Attempted,0,0,RPG,LPG/LNG Tanker attacked by Niger Delta militant offshoot at anchorage. MOA: AK-47 + GPMG armed boarding. Weapons observed: AK-47. approach broken off after master sounded alarm and engaged firehoses.
ASAM-2025-02804,2019-12-11T11:31:00,2019,12,10.9787,-63.6197,Caribbean / Venezuelan,Fishing Vessel,Boarded,0,0,RPG,"Fishing Vessel attacked by Venezuelan coastal gang underway in transit lane. MOA: yacht boarding at anchorage. Weapons observed: M16 + RPG. boarders rifled bridge & masters cabin, stole cash and electronics."
ASAM-1993-02805,2019-04-02T05:54:00,2019,4,3.745,5.6797,Gulf of Guinea,Bulk Carrier,Attempted,0,0,Knives,Bulk Carrier attacked by Nigerian kidnap-for-ransom cell approx 86nm offshore. MOA: kidnap-for-ransom of officers. Weapons observed: RPG-7. approach broken off after master sounded alarm and engaged firehoses.
ASAM-1994-02806,2014-11-03T01:59:00,2014,11,7.6368,113.177,South China Sea,RoRo Vehicle Carrier,Suspicious Approach,0,0,Unknown,RoRo Vehicle Carrier attacked by Vietnamese coastal robbers underway in transit lane. MOA: product theft (diesel siphoning). Weapons observed: small arms. unidentified skiff shadowed vessel for 18 minutes before withdrawing.
ASAM-1995-02807,2012-04-01T03:41:00,2012,4,5.2779,8.1006,Gulf of Guinea,Container Ship,Fired Upon,0,0,Small arms,"Container Ship attacked by Niger Delta militant offshoot at anchorage. MOA: AK-47 + GPMG armed boarding. Weapons observed: AK-47. master engaged evasive maneuvers, RPG and small arms fire received."
ASAM-1996-02808,2018-05-08T00:22:00,2018,5,1.3305,6.6117,Gulf of Guinea,Offshore Supply,Boarded,1,0,AK-47,"Offshore Supply attacked by Nigerian kidnap-for-ransom cell approx 188nm offshore. MOA: kidnap-for-ransom of officers. Weapons observed: AK-47. boarders rifled bridge & masters cabin, stole cash and electronics; 4 crew sustained injuries."
ASAM-1997-02809,2020-07-12T18:43:00,2020,7,13.4352,47.0262,Gulf of Aden,Crude Oil Tanker,Attempted,0,0,AK-47,Crude Oil Tanker attacked by Somali pirate skiff network at anchorage. MOA: AK-47 small arms suppression. Weapons observed: AK-47. approach broken off after master sounded alarm and engaged firehoses.
ASAM-1998-02810,2021-02-26T00:37:00,2021,2,12.2608,47.3498,Gulf of Aden,Fishing Vessel,Boarded,0,0,Unknown,"Fishing Vessel attacked by Somali pirate skiff network at anchorage. MOA: RPG warning shot then boarding. Weapons observed: small arms. boarders rifled bridge & masters cabin, stole cash and electronics."
ASAM-1999-02811,2001-02-03T13:35:00,2001,2,6.2947,120.6997,Sulu Sea,RoRo Vehicle Carrier,Boarded,0,0,Unknown,"RoRo Vehicle Carrier attacked by BIFF splinter group underway in transit lane. MOA: speedboat intercept tug & barge. Weapons observed: AK-47. boarders rifled bridge & masters cabin, stole cash and electronics."
ASAM-2000-02812,2005-10-28T23:00:00,2005,10,2.5972,100.917,Strait of Malacca,LPG/LNG Tanker,Fired Upon,0,0,Small arms,"LPG/LNG Tanker attacked by Free Aceh splinter (historical) in narrow channel. MOA: crew rob & flee in <30 min. Weapons observed: RPG-7. master engaged evasive maneuvers, RPG and small arms fire received."
ASAM-2001-02813,2011-01-11T17:18:00,2011,1,14.2117,49.8046,Gulf of Aden,Container Ship,Boarded,0,0,Small arms,"Container Ship attacked by Hobyo-Harardhere PAG underway in transit lane. MOA: grappling hook boarding at low freeboard. Weapons observed: M16 + RPG. boarders rifled bridge & masters cabin, stole cash and electronics."
ASAM-2002-02814,2015-01-11T00:09:00,2015,1,10.9077,113.4939,South China Sea,Offshore Supply,Attempted,0,0,Small arms,Offshore Supply attacked by Vietnamese coastal robbers approx 67nm offshore. MOA: stealth anchorage boarding. Weapons observed: small arms. approach broken off after master sounded alarm and engaged firehoses.
ASAM-2003-02815,2004-09-21T05:53:00,2004,9,4.1775,102.202,Strait of Malacca,Chemical Tanker,Fired Upon,0,0,Knives,"Chemical Tanker attacked by Riau Archipelago armed robbers approx 216nm offshore. MOA: fast skiff rob at narrow channel. Weapons observed: small arms. master engaged evasive maneuvers, RPG and small arms fire received."
ASAM-2004-02816,2004-05-11T18:47:00,2004,5,13.1679,50.0893,Gulf of Aden,Bulk Carrier,Boarded,1,6,Knives,"Bulk Carrier attacked by Somali pirate skiff network at anchorage. MOA: AK-47 small arms suppression. Weapons observed: small arms. boarders rifled bridge & masters cabin, stole cash and electronics; 1 crew sustained injuries; 6 crew taken hostage; ransom demand transmitted within 72h."
ASAM-2005-02817,1999-03-26T02:15:00,1999,3,4.997,120.0048,Sulu Sea,Crude Oil Tanker,Boarded,0,0,Small arms,"Crude Oil Tanker attacked by Sulu archipelago kidnapping ring underway in transit lane. MOA: speedboat intercept tug & barge. Weapons observed: RPG-7. boarders rifled bridge & masters cabin, stole cash and electronics."
ASAM-2006-02818,2014-02-13T21:17:00,2014,2,3.354,100.9924,Strait of Malacca,Chemical Tanker,Boarded,0,0,AK-47,"Chemical Tanker attacked by Riau Archipelago armed robbers underway in transit lane. MOA: fast skiff rob at narrow channel. Weapons observed: knives/machetes. boarders rifled bridge & masters cabin, stole cash and electronics."
ASAM-2007-02819,2018-09-22T03:23:00,2018,9,3.5847,4.6142,Gulf of Guinea,Bulk Carrier,Boarded,0,2,Unknown,"Bulk Carrier attacked by Niger Delta militant offshoot in narrow channel. MOA: AK-47 + GPMG armed boarding. Weapons observed: AK-47. boarders rifled bridge & masters cabin, stole cash and electronics; 2 crew taken hostage; ransom demand transmitted within 72h."
ASAM-2008-02820,2024-03-24T04:30:00,2024,3,6.1928,120.8883,Sulu Sea,Crude Oil Tanker,Attempted,0,0,Unknown,Crude Oil Tanker attacked by Sulu archipelago kidnapping ring in narrow channel. MOA: speedboat intercept tug & barge. Weapons observed: small arms. approach broken off after master sounded alarm and engaged firehoses.
ASAM-2009-02821,1998-10-25T21:48:00,1998,10,11.9588,46.9903,Gulf of Aden,Bulk Carrier,Boarded,1,0,Small arms,"Bulk Carrier attacked by Somali pirate skiff network in narrow channel. MOA: AK-47 small arms suppression. Weapons observed: RPG-7. boarders rifled bridge & masters cabin, stole cash and electronics; 4 crew sustained injuries."
ASAM-2010-02822,2021-11-02T04:20:00,2021,11,3.0911,3.3425,Gulf of Guinea,General Cargo,Boarded,0,0,Knives,"General Cargo attacked by Bakassi Strike Force remnant at anchorage. MOA: fast attack craft >150nm offshore. Weapons observed: RPG-7. boarders rifled bridge & masters cabin, stole cash and electronics."
ASAM-2011-02823,2004-07-11T12:40:00,2004,7,2.8241,99.3214,Strait of Malacca,Bulk Carrier,Attempted,0,0,Unknown,"Bulk Carrier attacked by Indonesian coastal gang underway in transit lane. MOA: knife-armed boarders, no firearms. Weapons observed: RPG-7. approach broken off after master sounded alarm and engaged firehoses."
ASAM-2012-02824,2009-01-20T07:22:00,2009,1,13.3752,47.0187,Gulf of Aden,Container Ship,Attempted,0,0,AK-47,Container Ship attacked by Somali pirate skiff network approx 182nm offshore. MOA: mothership-launched skiff swarm. Weapons observed: RPG-7. approach broken off after master sounded alarm and engaged firehoses.
ASAM-2013-02825,2003-09-11T22:59:00,2003,9,2.2533,7.636,Gulf of Guinea,Offshore Supply,Boarded,0,0,RPG,"Offshore Supply attacked by Bakassi Strike Force remnant underway in transit lane. MOA: kidnap-for-ransom of officers. Weapons observed: small arms. boarders rifled bridge & masters cabin, stole cash and electronics."
ASAM-2014-02826,2021-09-16T04:14:00,2021,9,3.6646,8.6999,Gulf of Guinea,Container Ship,Attempted,0,0,Unknown,Container Ship attacked by Niger Delta militant offshoot in narrow channel. MOA: tanker product theft (siphon). Weapons observed: M16 + RPG. approach broken off after master sounded alarm and engaged firehoses.
ASAM-2015-02827,1999-11-01T15:51:00,1999,11,14.2939,48.3882,Gulf of Aden,LPG/LNG Tanker,Fired Upon,0,0,RPG,"LPG/LNG Tanker attacked by Somali pirate skiff network underway in transit lane. MOA: AK-47 small arms suppression. Weapons observed: AK-47. master engaged evasive maneuvers, RPG and small arms fire received."
ASAM-2016-02828,2016-09-14T20:39:00,2016,9,5.3189,5.2609,Gulf of Guinea,Container Ship,Attempted,0,0,Unknown,Container Ship attacked by Bakassi Strike Force remnant approx 75nm offshore. MOA: fast attack craft >150nm offshore. Weapons observed: RPG-7. approach broken off after master sounded alarm and engaged firehoses.
ASAM-2017-02829,2017-08-04T17:34:00,2017,8,5.9232,118.4139,Sulu Sea,Yacht,Boarded,0,0,RPG,"Yacht attacked by Abu Sayyaf maritime cell at anchorage. MOA: abduction of fishing crew. Weapons observed: AK-47. boarders rifled bridge & masters cabin, stole cash and electronics."
ASAM-2018-02830,2025-04-15T04:46:00,2025,4,3.8365,5.3711,Gulf of Guinea,Crude Oil Tanker,Hijacked,0,21,RPG,"Crude Oil Tanker attacked by Nigerian kidnap-for-ransom cell approx 270nm offshore. MOA: tanker product theft (siphon). Weapons observed: RPG-7. vessel hijacked, crew of 21 taken to coastal anchorage; 21 crew taken hostage; ransom demand transmitted within 72h."
ASAM-2019-02831,1995-01-21T22:52:00,1995,1,12.3417,-63.9242,Caribbean / Venezuelan,Fishing Vessel,Attempted,0,0,Small arms,Fishing Vessel attacked by Trinidad-Tobago smuggler crew at anchorage. MOA: small arms intimidation. Weapons observed: small arms. approach broken off after master sounded alarm and engaged firehoses.
ASAM-2020-02832,2010-01-26T01:17:00,2010,1,13.7934,50.2187,Gulf of Aden,Tug & Barge,Attempted,0,0,Knives,Tug & Barge attacked by Puntland-based PAG underway in transit lane. MOA: AK-47 small arms suppression. Weapons observed: AK-47. approach broken off after master sounded alarm and engaged firehoses.
ASAM-2021-02833,2010-10-27T19:54:00,2010,10,13.2552,46.3574,Gulf of Aden,Crude Oil Tanker,Boarded,1,0,Small arms,"Crude Oil Tanker attacked by Hobyo-Harardhere PAG underway in transit lane. MOA: mothership-launched skiff swarm. Weapons observed: M16 + RPG. boarders rifled bridge & masters cabin, stole cash and electronics; 2 crew sustained injuries."
ASAM-2022-02834,2008-09-26T20:17:00,2008,9,12.0391,52.5273,Gulf of Aden,Tug & Barge,Boarded,0,0,AK-47,"Tug & Barge attacked by Puntland-based PAG approx 233nm offshore. MOA: AK-47 small arms suppression. Weapons observed: knives/machetes. boarders rifled bridge & masters cabin, stole cash and electronics."
ASAM-2023-02835,2001-06-25T01:17:00,2001,6,4.8611,5.5062,Gulf of Guinea,Chemical Tanker,Boarded,0,0,Small arms,"Chemical Tanker attacked by Bakassi Strike Force remnant underway in transit lane. MOA: kidnap-for-ransom of officers. Weapons observed: AK-47. boarders rifled bridge & masters cabin, stole cash and electronics."
ASAM-2024-02836,2003-12-20T19:47:00,2003,12,12.7767,48.6137,Gulf of Aden,Bulk Carrier,Hijacked,0,13,RPG,"Bulk Carrier attacked by Puntland-based PAG in narrow channel. MOA: AK-47 small arms suppression. Weapons observed: knives/machetes. vessel hijacked, crew of 15 taken to coastal anchorage; 13 crew taken hostage; ransom demand transmitted within 72h."
ASAM-2025-02837,2019-04-13T18:21:00,2019,4,4.2712,6.2585,Gulf of Guinea,Chemical Tanker,Suspicious Approach,0,0,Small arms,Chemical Tanker attacked by Niger Delta militant offshoot approx 250nm offshore. MOA: kidnap-for-ransom of officers. Weapons observed: RPG-7. unidentified skiff shadowed vessel for 18 minutes before withdrawing.
ASAM-1993-02838,2018-12-06T01:40:00,2018,12,4.9869,120.1948,Sulu Sea,Container Ship,Boarded,0,6,Small arms,"Container Ship attacked by BIFF splinter group approx 171nm offshore. MOA: speedboat intercept tug & barge. Weapons observed: AK-47. boarders rifled bridge & masters cabin, stole cash and electronics; 6 crew taken hostage; ransom demand transmitted within 72h."
ASAM-1994-02839,2002-09-16T02:32:00,2002,9,3.2855,99.8626,Strait of Malacca,Tug & Barge,Suspicious Approach,0,0,RPG,Tug & Barge attacked by Indonesian coastal gang underway in transit lane. MOA: crew rob & flee in <30 min. Weapons observed: M16 + RPG. unidentified skiff shadowed vessel for 18 minutes before withdrawing.
ASAM-1995-02840,2009-03-22T01:30:00,2009,3,13.9141,47.573,Gulf of Aden,Bulk Carrier,Boarded,1,0,Unknown,"Bulk Carrier attacked by Somali pirate skiff network underway in transit lane. MOA: grappling hook boarding at low freeboard. Weapons observed: RPG-7. boarders rifled bridge & masters cabin, stole cash and electronics; 3 crew sustained injuries."
ASAM-1996-02841,2013-10-23T11:45:00,2013,10,13.159,47.7033,Gulf of Aden,Fishing Vessel,Fired Upon,0,0,Unknown,"Fishing Vessel attacked by Somali pirate skiff network underway in transit lane. MOA: grappling hook boarding at low freeboard. Weapons observed: knives/machetes. master engaged evasive maneuvers, RPG and small arms fire received."
ASAM-1997-02842,2003-05-04T23:05:00,2003,5,1.7183,99.6429,Strait of Malacca,Tug & Barge,Boarded,1,0,Unknown,"Tug & Barge attacked by Free Aceh splinter (historical) approx 68nm offshore. MOA: nighttime stealth boarding at anchorage. Weapons observed: M16 + RPG. boarders rifled bridge & masters cabin, stole cash and electronics; 2 crew sustained injuries."
ASAM-1998-02843,2021-06-19T21:35:00,2021,6,4.8384,6.006,Gulf of Guinea,Bulk Carrier,Boarded,0,0,Knives,"Bulk Carrier attacked by Niger Delta militant offshoot approx 45nm offshore. MOA: tanker product theft (siphon). Weapons observed: small arms. boarders rifled bridge & masters cabin, stole cash and electronics."
ASAM-1999-02844,1996-09-20T08:39:00,1996,9,6.5078,119.9131,Sulu Sea,Fishing Vessel,Boarded,1,0,Small arms,"Fishing Vessel attacked by BIFF splinter group at anchorage. MOA: speedboat intercept tug & barge. Weapons observed: knives/machetes. boarders rifled bridge & masters cabin, stole cash and electronics; 1 crew sustained injuries."
ASAM-2000-02845,2005-02-01T09:17:00,2005,2,2.7143,101.0476,Strait of Malacca,Container Ship,Boarded,0,0,AK-47,"Container Ship attacked by Riau Archipelago armed robbers in narrow channel. MOA: fast skiff rob at narrow channel. Weapons observed: RPG-7. boarders rifled bridge & masters cabin, stole cash and electronics."
ASAM-2001-02846,2025-08-27T02:41:00,2025,8,3.495,99.7586,Strait of Malacca,Bulk Carrier,Hijacked,0,24,Unknown,"Bulk Carrier attacked by Riau Archipelago armed robbers in narrow channel. MOA: fast skiff rob at narrow channel. Weapons observed: M16 + RPG. vessel hijacked, crew of 23 taken to coastal anchorage; 24 crew taken hostage; ransom demand transmitted within 72h."
ASAM-2002-02847,2021-11-26T18:30:00,2021,11,3.1572,6.6172,Gulf of Guinea,Fishing Vessel,Attempted,0,0,RPG,Fishing Vessel attacked by Nigerian kidnap-for-ransom cell approx 56nm offshore. MOA: AK-47 + GPMG armed boarding. Weapons observed: RPG-7. approach broken off after master sounded alarm and engaged firehoses.
ASAM-2003-02848,2021-04-06T03:14:00,2021,4,1.4619,9.1332,Gulf of Guinea,Tug & Barge,Boarded,0,0,Knives,"Tug & Barge attacked by Niger Delta militant offshoot underway in transit lane. MOA: kidnap-for-ransom of officers. Weapons observed: RPG-7. boarders rifled bridge & masters cabin, stole cash and electronics."
ASAM-2004-02849,2011-11-09T05:38:00,2011,11,13.5257,48.4473,Gulf of Aden,LPG/LNG Tanker,Boarded,1,0,AK-47,"LPG/LNG Tanker attacked by Somali pirate skiff network at anchorage. MOA: RPG warning shot then boarding. Weapons observed: RPG-7. boarders rifled bridge & masters cabin, stole cash and electronics; 2 crew sustained injuries."
ASAM-2005-02850,2008-04-02T17:23:00,2008,4,2.9789,6.3455,Gulf of Guinea,Fishing Vessel,Boarded,1,0,Small arms,"Fishing Vessel attacked by Niger Delta militant offshoot underway in transit lane. MOA: kidnap-for-ransom of officers. Weapons observed: AK-47. boarders rifled bridge & masters cabin, stole cash and electronics; 4 crew sustained injuries."
ASAM-2006-02851,2016-02-08T19:55:00,2016,2,6.109,120.7729,Sulu Sea,General Cargo,Attempted,0,0,Unknown,General Cargo attacked by Abu Sayyaf maritime cell approx 212nm offshore. MOA: hostage transfer to Jolo island camps. Weapons observed: RPG-7. approach broken off after master sounded alarm and engaged firehoses.
ASAM-2007-02852,2010-02-16T08:17:00,2010,2,11.0765,46.3618,Gulf of Aden,LPG/LNG Tanker,Hijacked,0,20,Knives,"LPG/LNG Tanker attacked by Puntland-based PAG approx 263nm offshore. MOA: mothership-launched skiff swarm. Weapons observed: AK-47. vessel hijacked, crew of 24 taken to coastal anchorage; 20 crew taken hostage; ransom demand transmitted within 72h."
ASAM-2008-02853,2008-12-15T06:27:00,2008,12,13.7445,52.0438,Gulf of Aden,General Cargo,Boarded,0,0,AK-47,"General Cargo attacked by Puntland-based PAG in narrow channel. MOA: mothership-launched skiff swarm. Weapons observed: AK-47. boarders rifled bridge & masters cabin, stole cash and electronics."
ASAM-2009-02854,2018-09-13T10:39:00,2018,9,2.819,6.2618,Gulf of Guinea,Crude Oil Tanker,Boarded,0,0,Unknown,"Crude Oil Tanker attacked by Bakassi Strike Force remnant approx 135nm offshore. MOA: kidnap-for-ransom of officers. Weapons observed: AK-47. boarders rifled bridge & masters cabin, stole cash and electronics."
ASAM-2010-02855,2005-10-04T01:16:00,2005,10,4.4081,98.1858,Strait of Malacca,Crude Oil Tanker,Attempted,0,0,Knives,Crude Oil Tanker attacked by Indonesian coastal gang at anchorage. MOA: crew rob & flee in <30 min. Weapons observed: knives/machetes. approach broken off after master sounded alarm and engaged firehoses.
ASAM-2011-02856,2009-06-12T19:00:00,2009,6,14.8886,51.4194,Gulf of Aden,General Cargo,Attempted,0,0,Unknown,General Cargo attacked by Hobyo-Harardhere PAG in narrow channel. MOA: AK-47 small arms suppression. Weapons observed: AK-47. approach broken off after master sounded alarm and engaged firehoses.
ASAM-2012-02857,2009-08-27T03:40:00,2009,8,11.8391,47.1582,Gulf of Aden,Crude Oil Tanker,Boarded,0,2,RPG,"Crude Oil Tanker attacked by Somali pirate skiff network underway in transit lane. MOA: grappling hook boarding at low freeboard. Weapons observed: M16 + RPG. boarders rifled bridge & masters cabin, stole cash and electronics; 2 crew taken hostage; ransom demand transmitted within 72h."
ASAM-2013-02858,2004-02-27T01:05:00,2004,2,4.9001,98.9694,Strait of Malacca,Bulk Carrier,Attempted,0,0,Small arms,Bulk Carrier attacked by Free Aceh splinter (historical) underway in transit lane. MOA: crew rob & flee in <30 min. Weapons observed: M16 + RPG. approach broken off after master sounded alarm and engaged firehoses.
ASAM-2014-02859,2008-10-13T03:45:00,2008,10,13.183,46.4851,Gulf of Aden,Container Ship,Fired Upon,0,0,AK-47,"Container Ship attacked by Somali pirate skiff network at anchorage. MOA: grappling hook boarding at low freeboard. Weapons observed: knives/machetes. master engaged evasive maneuvers, RPG and small arms fire received."
ASAM-2015-02860,2015-06-18T00:12:00,2015,6,10.4357,111.7666,South China Sea,Chemical Tanker,Boarded,1,0,AK-47,"Chemical Tanker attacked by Filipino anchor-rob crew at anchorage. MOA: stealth anchorage boarding. Weapons observed: M16 + RPG. boarders rifled bridge & masters cabin, stole cash and electronics; 1 crew sustained injuries."
ASAM-2016-02861,2008-09-24T21:11:00,2008,9,11.2858,51.134,Gulf of Aden,General Cargo,Boarded,0,0,Knives,"General Cargo attacked by Hobyo-Harardhere PAG in narrow channel. MOA: mothership-launched skiff swarm. Weapons observed: small arms. boarders rifled bridge & masters cabin, stole cash and electronics."
ASAM-2017-02862,2011-10-11T10:41:00,2011,10,16.3228,49.954,Gulf of Aden,LPG/LNG Tanker,Attempted,0,0,Knives,LPG/LNG Tanker attacked by Puntland-based PAG at anchorage. MOA: AK-47 small arms suppression. Weapons observed: small arms. approach broken off after master sounded alarm and engaged firehoses.
ASAM-2018-02863,1994-02-14T18:47:00,1994,2,6.5574,120.1471,Sulu Sea,Crude Oil Tanker,Suspicious Approach,0,0,RPG,Crude Oil Tanker attacked by Abu Sayyaf maritime cell in narrow channel. MOA: speedboat intercept tug & barge. Weapons observed: knives/machetes. unidentified skiff shadowed vessel for 18 minutes before withdrawing.
ASAM-2019-02864,2019-05-16T04:27:00,2019,5,3.4784,4.6175,Gulf of Guinea,Bulk Carrier,Attempted,0,0,Small arms,Bulk Carrier attacked by Niger Delta militant offshoot approx 50nm offshore. MOA: tanker product theft (siphon). Weapons observed: knives/machetes. approach broken off after master sounded alarm and engaged firehoses.
ASAM-2020-02865,2005-04-04T22:13:00,2005,4,1.8625,6.4615,Gulf of Guinea,Bulk Carrier,Attempted,0,0,AK-47,Bulk Carrier attacked by Nigerian kidnap-for-ransom cell underway in transit lane. MOA: tanker product theft (siphon). Weapons observed: AK-47. approach broken off after master sounded alarm and engaged firehoses.
ASAM-2021-02866,2012-04-06T23:10:00,2012,4,11.6229,50.8473,Gulf of Aden,LPG/LNG Tanker,Suspicious Approach,0,0,Knives,LPG/LNG Tanker attacked by Somali pirate skiff network at anchorage. MOA: RPG warning shot then boarding. Weapons observed: knives/machetes. unidentified skiff shadowed vessel for 18 minutes before withdrawing.
ASAM-2022-02867,2014-10-10T20:06:00,2014,10,2.9636,101.9291,Strait of Malacca,Chemical Tanker,Boarded,0,0,Knives,"Chemical Tanker attacked by Free Aceh splinter (historical) in narrow channel. MOA: knife-armed boarders, no firearms. Weapons observed: knives/machetes. boarders rifled bridge & masters cabin, stole cash and electronics."
ASAM-2023-02868,1994-08-06T04:20:00,1994,8,3.6835,101.1632,Strait of Malacca,Crude Oil Tanker,Hijacked,1,20,AK-47,"Crude Oil Tanker attacked by Riau Archipelago armed robbers approx 62nm offshore. MOA: nighttime stealth boarding at anchorage. Weapons observed: AK-47. vessel hijacked, crew of 24 taken to coastal anchorage; 2 crew sustained injuries; 20 crew taken hostage; ransom demand transmitted within 72h."
ASAM-2024-02869,2025-04-05T19:03:00,2025,4,11.5413,52.0585,Gulf of Aden,Bulk Carrier,Boarded,1,0,RPG,"Bulk Carrier attacked by Hobyo-Harardhere PAG underway in transit lane. MOA: RPG warning shot then boarding. Weapons observed: AK-47. boarders rifled bridge & masters cabin, stole cash and electronics; 2 crew sustained injuries."
ASAM-2025-02870,2003-04-06T04:52:00,2003,4,5.9081,6.0197,Gulf of Guinea,Container Ship,Fired Upon,1,0,AK-47,"Container Ship attacked by Niger Delta militant offshoot at anchorage. MOA: kidnap-for-ransom of officers. Weapons observed: RPG-7. master engaged evasive maneuvers, RPG and small arms fire received; 3 crew sustained injuries."
ASAM-1993-02871,1998-01-22T21:42:00,1998,1,3.2743,7.633,Gulf of Guinea,General Cargo,Boarded,1,0,Unknown,"General Cargo attacked by Nigerian kidnap-for-ransom cell approx 157nm offshore. MOA: kidnap-for-ransom of officers. Weapons observed: AK-47. boarders rifled bridge & masters cabin, stole cash and electronics; 2 crew sustained injuries."
ASAM-1994-02872,2016-10-13T04:37:00,2016,10,5.0731,119.9693,Sulu Sea,General Cargo,Hijacked,0,16,Knives,"General Cargo attacked by Abu Sayyaf maritime cell at anchorage. MOA: speedboat intercept tug & barge. Weapons observed: RPG-7. vessel hijacked, crew of 25 taken to coastal anchorage; 16 crew taken hostage; ransom demand transmitted within 72h."
ASAM-1995-02873,2010-10-09T20:25:00,2010,10,2.9374,8.4972,Gulf of Guinea,Container Ship,Suspicious Approach,0,0,RPG,Container Ship attacked by Bakassi Strike Force remnant underway in transit lane. MOA: AK-47 + GPMG armed boarding. Weapons observed: RPG-7. unidentified skiff shadowed vessel for 18 minutes before withdrawing.
ASAM-1996-02874,2020-10-22T22:31:00,2020,10,3.5825,5.4763,Gulf of Guinea,Offshore Supply,Fired Upon,0,0,Knives,"Offshore Supply attacked by Niger Delta militant offshoot approx 220nm offshore. MOA: AK-47 + GPMG armed boarding. Weapons observed: knives/machetes. master engaged evasive maneuvers, RPG and small arms fire received."
ASAM-1997-02875,2006-08-01T03:40:00,2006,8,4.9976,100.0962,Strait of Malacca,LPG/LNG Tanker,Attempted,0,0,AK-47,LPG/LNG Tanker attacked by Indonesian coastal gang in narrow channel. MOA: fast skiff rob at narrow channel. Weapons observed: M16 + RPG. approach broken off after master sounded alarm and engaged firehoses.
ASAM-1998-02876,2009-04-26T21:35:00,2009,4,7.7661,111.9296,South China Sea,Tug & Barge,Attempted,0,0,AK-47,Tug & Barge attacked by Vietnamese coastal robbers in narrow channel. MOA: product theft (diesel siphoning). Weapons observed: knives/machetes. approach broken off after master sounded alarm and engaged firehoses.
ASAM-1999-02877,2005-03-23T04:54:00,2005,3,3.7513,100.687,Strait of Malacca,Bulk Carrier,Fired Upon,0,0,RPG,"Bulk Carrier attacked by Riau Archipelago armed robbers approx 192nm offshore. MOA: knife-armed boarders, no firearms. Weapons observed: M16 + RPG. master engaged evasive maneuvers, RPG and small arms fire received."
ASAM-2000-02878,2019-11-03T22:26:00,2019,11,4.5973,4.3721,Gulf of Guinea,General Cargo,Boarded,1,0,Unknown,"General Cargo attacked by Niger Delta militant offshoot underway in transit lane. MOA: AK-47 + GPMG armed boarding. Weapons observed: AK-47. boarders rifled bridge & masters cabin, stole cash and electronics; 2 crew sustained injuries."
ASAM-2001-02879,1995-06-07T18:14:00,1995,6,12.988,-63.5473,Caribbean / Venezuelan,General Cargo,Boarded,0,0,AK-47,"General Cargo attacked by Trinidad-Tobago smuggler crew in narrow channel. MOA: small arms intimidation. Weapons observed: RPG-7. boarders rifled bridge & masters cabin, stole cash and electronics."
ASAM-2002-02880,2007-01-03T01:35:00,2007,1,14.0866,47.6368,Gulf of Aden,General Cargo,Boarded,0,5,Knives,"General Cargo attacked by Somali pirate skiff network underway in transit lane. MOA: RPG warning shot then boarding. Weapons observed: M16 + RPG. boarders rifled bridge & masters cabin, stole cash and electronics; 5 crew taken hostage; ransom demand transmitted within 72h."
ASAM-2003-02881,2023-09-16T05:12:00,2023,9,10.9528,-66.0912,Caribbean / Venezuelan,Fishing Vessel,Boarded,0,0,Knives,"Fishing Vessel attacked by Trinidad-Tobago smuggler crew in narrow channel. MOA: small arms intimidation. Weapons observed: knives/machetes. boarders rifled bridge & masters cabin, stole cash and electronics."
ASAM-2004-02882,2001-09-04T03:25:00,2001,9,5.962,119.6057,Sulu Sea,Container Ship,Suspicious Approach,0,0,Small arms,Container Ship attacked by Abu Sayyaf maritime cell at anchorage. MOA: M16 + RPG armed boarding. Weapons observed: RPG-7. unidentified skiff shadowed vessel for 18 minutes before withdrawing.
ASAM-2005-02883,2000-07-13T22:09:00,2000,7,2.1426,5.487,Gulf of Guinea,Tug & Barge,Boarded,0,0,AK-47,"Tug & Barge attacked by Niger Delta militant offshoot underway in transit lane. MOA: kidnap-for-ransom of officers. Weapons observed: M16 + RPG. boarders rifled bridge & masters cabin, stole cash and electronics."
ASAM-2006-02884,2006-01-25T06:53:00,2006,1,2.7787,102.4878,Strait of Malacca,LPG/LNG Tanker,Boarded,0,0,AK-47,"LPG/LNG Tanker attacked by Free Aceh splinter (historical) approx 17nm offshore. MOA: nighttime stealth boarding at anchorage. Weapons observed: RPG-7. boarders rifled bridge & masters cabin, stole cash and electronics."
ASAM-2007-02885,2011-05-24T03:14:00,2011,5,11.5143,50.5289,Gulf of Aden,General Cargo,Attempted,0,0,Small arms,General Cargo attacked by Somali pirate skiff network in narrow channel. MOA: AK-47 small arms suppression. Weapons observed: AK-47. approach broken off after master sounded alarm and engaged firehoses.
ASAM-2008-02886,2018-05-09T02:11:00,2018,5,5.2329,121.0184,Sulu Sea,Crude Oil Tanker,Attempted,0,0,Small arms,Crude Oil Tanker attacked by Abu Sayyaf maritime cell at anchorage. MOA: speedboat intercept tug & barge. Weapons observed: knives/machetes. approach broken off after master sounded alarm and engaged firehoses.
ASAM-2009-02887,2011-01-16T18:30:00,2011,1,15.4879,52.17,Gulf of Aden,Tug & Barge,Boarded,1,0,AK-47,"Tug & Barge attacked by Somali pirate skiff network approx 268nm offshore. MOA: RPG warning shot then boarding. Weapons observed: small arms. boarders rifled bridge & masters cabin, stole cash and electronics; 1 crew sustained injuries."
ASAM-2010-02888,2019-02-10T12:04:00,2019,2,11.7747,-67.3655,Caribbean / Venezuelan,Fishing Vessel,Fired Upon,0,0,RPG,"Fishing Vessel attacked by Venezuelan coastal gang at anchorage. MOA: yacht boarding at anchorage. Weapons observed: RPG-7. master engaged evasive maneuvers, RPG and small arms fire received."
ASAM-2011-02889,2021-03-19T19:27:00,2021,3,5.6868,5.6555,Gulf of Guinea,Yacht,Fired Upon,0,0,Small arms,"Yacht attacked by Niger Delta militant offshoot approx 21nm offshore. MOA: AK-47 + GPMG armed boarding. Weapons observed: AK-47. master engaged evasive maneuvers, RPG and small arms fire received."
ASAM-2012-02890,2004-06-05T03:30:00,2004,6,4.5059,101.0032,Strait of Malacca,Chemical Tanker,Boarded,0,0,Knives,"Chemical Tanker attacked by Indonesian coastal gang in narrow channel. MOA: crew rob & flee in <30 min. Weapons observed: M16 + RPG. boarders rifled bridge & masters cabin, stole cash and electronics."
ASAM-2013-02891,2020-06-19T20:51:00,2020,6,11.7712,52.201,Gulf of Aden,Tug & Barge,Boarded,0,0,Small arms,"Tug & Barge attacked by Hobyo-Harardhere PAG approx 17nm offshore. MOA: mothership-launched skiff swarm. Weapons observed: AK-47. boarders rifled bridge & masters cabin, stole cash and electronics."
ASAM-2014-02892,2004-02-23T05:40:00,2004,2,4.7588,102.1195,Strait of Malacca,Tug & Barge,Fired Upon,0,0,AK-47,"Tug & Barge attacked by Riau Archipelago armed robbers underway in transit lane. MOA: fast skiff rob at narrow channel. Weapons observed: knives/machetes. master engaged evasive maneuvers, RPG and small arms fire received."
ASAM-2015-02893,2006-08-16T05:25:00,2006,8,4.4099,100.0504,Strait of Malacca,Crude Oil Tanker,Attempted,0,0,Unknown,Crude Oil Tanker attacked by Riau Archipelago armed robbers at anchorage. MOA: nighttime stealth boarding at anchorage. Weapons observed: knives/machetes. approach broken off after master sounded alarm and engaged firehoses.
ASAM-2016-02894,1996-03-23T03:10:00,1996,3,13.5714,53.3595,Gulf of Aden,Crude Oil Tanker,Hijacked,0,12,RPG,"Crude Oil Tanker attacked by Puntland-based PAG underway in transit lane. MOA: RPG warning shot then boarding. Weapons observed: small arms. vessel hijacked, crew of 23 taken to coastal anchorage; 12 crew taken hostage; ransom demand transmitted within 72h."
ASAM-2017-02895,2019-08-11T02:48:00,2019,8,4.2013,3.8065,Gulf of Guinea,General Cargo,Fired Upon,0,0,Knives,"General Cargo attacked by Niger Delta militant offshoot approx 89nm offshore. MOA: kidnap-for-ransom of officers. Weapons observed: RPG-7. master engaged evasive maneuvers, RPG and small arms fire received."
ASAM-2018-02896,2010-05-28T19:04:00,2010,5,13.1933,46.8803,Gulf of Aden,Chemical Tanker,Boarded,0,0,AK-47,"Chemical Tanker attacked by Somali pirate skiff network at anchorage. MOA: AK-47 small arms suppression. Weapons observed: knives/machetes. boarders rifled bridge & masters cabin, stole cash and electronics."
ASAM-2019-02897,2020-01-28T04:27:00,2020,1,3.1705,4.5609,Gulf of Guinea,General Cargo,Hijacked,0,19,AK-47,"General Cargo attacked by Bakassi Strike Force remnant underway in transit lane. MOA: AK-47 + GPMG armed boarding. Weapons observed: AK-47. vessel hijacked, crew of 14 taken to coastal anchorage; 19 crew taken hostage; ransom demand transmitted within 72h."
ASAM-2020-02898,2016-10-16T20:48:00,2016,10,7.1498,114.8384,South China Sea,Yacht,Fired Upon,0,0,Unknown,"Yacht attacked by Vietnamese coastal robbers underway in transit lane. MOA: product theft (diesel siphoning). Weapons observed: small arms. master engaged evasive maneuvers, RPG and small arms fire received."
ASAM-2021-02899,2012-09-27T16:51:00,2012,9,11.1813,47.2646,Gulf of Aden,Chemical Tanker,Fired Upon,1,0,Knives,"Chemical Tanker attacked by Puntland-based PAG approx 50nm offshore. MOA: mothership-launched skiff swarm. Weapons observed: AK-47. master engaged evasive maneuvers, RPG and small arms fire received; 4 crew sustained injuries."
ASAM-2022-02900,2019-11-20T20:08:00,2019,11,11.1068,-63.7862,Caribbean / Venezuelan,General Cargo,Boarded,0,1,RPG,"General Cargo attacked by Trinidad-Tobago smuggler crew underway in transit lane. MOA: small arms intimidation. Weapons observed: AK-47. boarders rifled bridge & masters cabin, stole cash and electronics; 1 crew taken hostage; ransom demand transmitted within 72h."
ASAM-2023-02901,2006-07-08T04:46:00,2006,7,10.9281,49.0323,Gulf of Aden,Container Ship,Boarded,0,0,Knives,"Container Ship attacked by Puntland-based PAG underway in transit lane. MOA: grappling hook boarding at low freeboard. Weapons observed: small arms. boarders rifled bridge & masters cabin, stole cash and electronics."
ASAM-2024-02902,2016-12-21T20:32:00,2016,12,5.402,121.0491,Sulu Sea,Crude Oil Tanker,Fired Upon,0,0,Small arms,"Crude Oil Tanker attacked by BIFF splinter group in narrow channel. MOA: speedboat intercept tug & barge. Weapons observed: M16 + RPG. master engaged evasive maneuvers, RPG and small arms fire received."
ASAM-2025-02903,2017-08-28T04:11:00,2017,8,5.49,120.4879,Sulu Sea,Crude Oil Tanker,Boarded,0,0,AK-47,"Crude Oil Tanker attacked by BIFF splinter group at anchorage. MOA: M16 + RPG armed boarding. Weapons observed: small arms. boarders rifled bridge & masters cabin, stole cash and electronics."
ASAM-1993-02904,2009-06-26T17:12:00,2009,6,6.5607,121.6216,Sulu Sea,Container Ship,Suspicious Approach,0,0,Unknown,Container Ship attacked by Abu Sayyaf maritime cell underway in transit lane. MOA: M16 + RPG armed boarding. Weapons observed: M16 + RPG. unidentified skiff shadowed vessel for 18 minutes before withdrawing.
ASAM-1994-02905,2021-01-01T21:34:00,2021,1,2.5141,8.8849,Gulf of Guinea,Container Ship,Attempted,0,0,Unknown,Container Ship attacked by Niger Delta militant offshoot underway in transit lane. MOA: fast attack craft >150nm offshore. Weapons observed: M16 + RPG. approach broken off after master sounded alarm and engaged firehoses.
ASAM-1995-02906,2003-07-18T00:36:00,2003,7,2.4659,101.0462,Strait of Malacca,Container Ship,Boarded,0,0,AK-47,"Container Ship attacked by Free Aceh splinter (historical) in narrow channel. MOA: crew rob & flee in <30 min. Weapons observed: small arms. boarders rifled bridge & masters cabin, stole cash and electronics."
ASAM-1996-02907,2010-06-01T00:47:00,2010,6,13.8237,49.4987,Gulf of Aden,Crude Oil Tanker,Attempted,0,0,AK-47,Crude Oil Tanker attacked by Hobyo-Harardhere PAG in narrow channel. MOA: RPG warning shot then boarding. Weapons observed: knives/machetes. approach broken off after master sounded alarm and engaged firehoses.
ASAM-1997-02908,2004-09-01T04:19:00,2004,9,5.1154,6.4179,Gulf of Guinea,Chemical Tanker,Hijacked,0,12,RPG,"Chemical Tanker attacked by Bakassi Strike Force remnant approx 43nm offshore. MOA: tanker product theft (siphon). Weapons observed: RPG-7. vessel hijacked, crew of 28 taken to coastal anchorage; 12 crew taken hostage; ransom demand transmitted within 72h."
ASAM-1998-02909,2002-10-13T03:30:00,2002,10,5.3082,122.5666,Sulu Sea,Crude Oil Tanker,Attempted,0,0,Small arms,Crude Oil Tanker attacked by Abu Sayyaf maritime cell underway in transit lane. MOA: speedboat intercept tug & barge. Weapons observed: AK-47. approach broken off after master sounded alarm and engaged firehoses.
ASAM-1999-02910,2008-12-07T11:28:00,2008,12,14.0745,48.9159,Gulf of Aden,Container Ship,Boarded,0,0,Small arms,"Container Ship attacked by Puntland-based PAG at anchorage. MOA: RPG warning shot then boarding. Weapons observed: small arms. boarders rifled bridge & masters cabin, stole cash and electronics."
ASAM-2000-02911,2018-11-24T05:44:00,2018,11,3.9576,9.627,Gulf of Guinea,Fishing Vessel,Attempted,0,0,RPG,Fishing Vessel attacked by Niger Delta militant offshoot at anchorage. MOA: kidnap-for-ransom of officers. Weapons observed: AK-47. approach broken off after master sounded alarm and engaged firehoses.
ASAM-2001-02912,2020-10-20T22:30:00,2020,10,4.7853,7.6224,Gulf of Guinea,Fishing Vessel,Boarded,0,0,Knives,"Fishing Vessel attacked by Nigerian kidnap-for-ransom cell approx 261nm offshore. MOA: tanker product theft (siphon). Weapons observed: small arms. boarders rifled bridge & masters cabin, stole cash and electronics."
ASAM-2002-02913,2002-10-07T01:31:00,2002,10,12.997,50.2666,Gulf of Aden,RoRo Vehicle Carrier,Boarded,1,0,Knives,"RoRo Vehicle Carrier attacked by Puntland-based PAG approx 32nm offshore. MOA: AK-47 small arms suppression. Weapons observed: AK-47. boarders rifled bridge & masters cabin, stole cash and electronics; 4 crew sustained injuries."
ASAM-2003-02914,2019-11-28T20:12:00,2019,11,4.1616,6.1351,Gulf of Guinea,Fishing Vessel,Fired Upon,0,0,Small arms,"Fishing Vessel attacked by Nigerian kidnap-for-ransom cell underway in transit lane. MOA: fast attack craft >150nm offshore. Weapons observed: AK-47. master engaged evasive maneuvers, RPG and small arms fire received."
ASAM-2004-02915,2019-11-07T21:23:00,2019,11,11.4467,-65.5005,Caribbean / Venezuelan,RoRo Vehicle Carrier,Suspicious Approach,0,0,RPG,RoRo Vehicle Carrier attacked by Trinidad-Tobago smuggler crew at anchorage. MOA: yacht boarding at anchorage. Weapons observed: M16 + RPG. unidentified skiff shadowed vessel for 18 minutes before withdrawing.
ASAM-2005-02916,2018-03-26T01:49:00,2018,3,3.5998,3.2665,Gulf of Guinea,LPG/LNG Tanker,Fired Upon,0,0,Small arms,"LPG/LNG Tanker attacked by Niger Delta militant offshoot in narrow channel. MOA: kidnap-for-ransom of officers. Weapons observed: RPG-7. master engaged evasive maneuvers, RPG and small arms fire received."
ASAM-2006-02917,2016-07-01T16:49:00,2016,7,9.7024,114.5184,South China Sea,Crude Oil Tanker,Boarded,0,0,RPG,"Crude Oil Tanker attacked by Filipino anchor-rob crew in narrow channel. MOA: product theft (diesel siphoning). Weapons observed: small arms. boarders rifled bridge & masters cabin, stole cash and electronics."
ASAM-2007-02918,2018-07-26T03:15:00,2018,7,5.8288,120.7333,Sulu Sea,Fishing Vessel,Boarded,0,0,AK-47,"Fishing Vessel attacked by Sulu archipelago kidnapping ring approx 116nm offshore. MOA: M16 + RPG armed boarding. Weapons observed: small arms. boarders rifled bridge & masters cabin, stole cash and electronics."
ASAM-2008-02919,2013-12-24T02:38:00,2013,12,14.9808,48.976,Gulf of Aden,Bulk Carrier,Boarded,0,0,Unknown,"Bulk Carrier attacked by Puntland-based PAG approx 44nm offshore. MOA: AK-47 small arms suppression. Weapons observed: RPG-7. boarders rifled bridge & masters cabin, stole cash and electronics."
ASAM-2009-02920,2023-07-09T02:54:00,2023,7,11.2218,47.2712,Gulf of Aden,Crude Oil Tanker,Attempted,0,0,Unknown,Crude Oil Tanker attacked by Hobyo-Harardhere PAG underway in transit lane. MOA: AK-47 small arms suppression. Weapons observed: AK-47. approach broken off after master sounded alarm and engaged firehoses.
ASAM-2010-02921,2012-07-18T08:16:00,2012,7,11.9263,49.497,Gulf of Aden,Chemical Tanker,Fired Upon,0,0,RPG,"Chemical Tanker attacked by Hobyo-Harardhere PAG in narrow channel. MOA: RPG warning shot then boarding. Weapons observed: AK-47. master engaged evasive maneuvers, RPG and small arms fire received."
ASAM-2011-02922,2018-07-24T20:14:00,2018,7,2.6929,4.991,Gulf of Guinea,Bulk Carrier,Attempted,0,0,Unknown,Bulk Carrier attacked by Niger Delta militant offshoot approx 184nm offshore. MOA: fast attack craft >150nm offshore. Weapons observed: small arms. approach broken off after master sounded alarm and engaged firehoses.
ASAM-2012-02923,2023-08-13T01:26:00,2023,8,4.1401,101.8461,Strait of Malacca,Bulk Carrier,Boarded,0,0,Knives,"Bulk Carrier attacked by Free Aceh splinter (historical) at anchorage. MOA: fast skiff rob at narrow channel. Weapons observed: small arms. boarders rifled bridge & masters cabin, stole cash and electronics."
ASAM-2013-02924,2004-08-09T04:42:00,2004,8,14.2032,49.8594,Gulf of Aden,Bulk Carrier,Boarded,1,0,Small arms,"Bulk Carrier attacked by Somali pirate skiff network in narrow channel. MOA: AK-47 small arms suppression. Weapons observed: small arms. boarders rifled bridge & masters cabin, stole cash and electronics; 4 crew sustained injuries."
ASAM-2014-02925,2020-04-22T05:12:00,2020,4,5.8719,120.3853,Sulu Sea,Tug & Barge,Attempted,1,0,Knives,Tug & Barge attacked by Sulu archipelago kidnapping ring approx 279nm offshore. MOA: abduction of fishing crew. Weapons observed: small arms. approach broken off after master sounded alarm and engaged firehoses; 4 crew sustained injuries.
ASAM-2015-02926,2018-12-07T04:32:00,2018,12,5.6046,4.6364,Gulf of Guinea,Container Ship,Hijacked,0,23,RPG,"Container Ship attacked by Bakassi Strike Force remnant in narrow channel. MOA: tanker product theft (siphon). Weapons observed: AK-47. vessel hijacked, crew of 17 taken to coastal anchorage; 23 crew taken hostage; ransom demand transmitted within 72h."
ASAM-2016-02927,2010-06-01T06:04:00,2010,6,10.8737,47.0369,Gulf of Aden,Bulk Carrier,Hijacked,0,25,AK-47,"Bulk Carrier attacked by Puntland-based PAG at anchorage. MOA: grappling hook boarding at low freeboard. Weapons observed: M16 + RPG. vessel hijacked, crew of 14 taken to coastal anchorage; 25 crew taken hostage; ransom demand transmitted within 72h."
ASAM-2017-02928,2009-09-09T03:42:00,2009,9,4.1903,6.1482,Gulf of Guinea,General Cargo,Boarded,0,0,RPG,"General Cargo attacked by Niger Delta militant offshoot in narrow channel. MOA: tanker product theft (siphon). Weapons observed: small arms. boarders rifled bridge & masters cabin, stole cash and electronics."
ASAM-2018-02929,2001-11-22T03:45:00,2001,11,4.5545,100.1551,Strait of Malacca,RoRo Vehicle Carrier,Attempted,0,0,Unknown,RoRo Vehicle Carrier attacked by Riau Archipelago armed robbers approx 62nm offshore. MOA: fast skiff rob at narrow channel. Weapons observed: AK-47. approach broken off after master sounded alarm and engaged firehoses.
ASAM-2019-02930,2008-11-15T14:46:00,2008,11,12.8744,48.9962,Gulf of Aden,Crude Oil Tanker,Hijacked,0,10,AK-47,"Crude Oil Tanker attacked by Somali pirate skiff network underway in transit lane. MOA: grappling hook boarding at low freeboard. Weapons observed: M16 + RPG. vessel hijacked, crew of 28 taken to coastal anchorage; 10 crew taken hostage; ransom demand transmitted within 72h."
ASAM-2020-02931,1994-08-27T23:29:00,1994,8,13.2237,48.1572,Gulf of Aden,Chemical Tanker,Boarded,0,0,Small arms,"Chemical Tanker attacked by Puntland-based PAG in narrow channel. MOA: grappling hook boarding at low freeboard. Weapons observed: M16 + RPG. boarders rifled bridge & masters cabin, stole cash and electronics."
ASAM-2021-02932,2005-04-27T16:27:00,2005,4,13.8907,49.2258,Gulf of Aden,Bulk Carrier,Boarded,0,0,Knives,"Bulk Carrier attacked by Puntland-based PAG in narrow channel. MOA: RPG warning shot then boarding. Weapons observed: M16 + RPG. boarders rifled bridge & masters cabin, stole cash and electronics."
ASAM-2022-02933,2007-06-11T22:49:00,2007,6,5.3777,6.4041,Gulf of Guinea,LPG/LNG Tanker,Boarded,1,1,Unknown,"LPG/LNG Tanker attacked by Bakassi Strike Force remnant in narrow channel. MOA: AK-47 + GPMG armed boarding. Weapons observed: M16 + RPG. boarders rifled bridge & masters cabin, stole cash and electronics; 2 crew sustained injuries; 1 crew taken hostage; ransom demand transmitted within 72h."
ASAM-2023-02934,2015-05-22T19:32:00,2015,5,8.6308,112.0485,South China Sea,General Cargo,Attempted,0,0,Small arms,General Cargo attacked by Vietnamese coastal robbers at anchorage. MOA: product theft (diesel siphoning). Weapons observed: knives/machetes. approach broken off after master sounded alarm and engaged firehoses.
ASAM-2024-02935,2014-04-02T04:37:00,2014,4,4.6784,5.4255,Gulf of Guinea,General Cargo,Boarded,1,0,Unknown,"General Cargo attacked by Niger Delta militant offshoot in narrow channel. MOA: AK-47 + GPMG armed boarding. Weapons observed: RPG-7. boarders rifled bridge & masters cabin, stole cash and electronics; 1 crew sustained injuries."
ASAM-2025-02936,2016-05-07T18:17:00,2016,5,1.8904,3.4525,Gulf of Guinea,LPG/LNG Tanker,Attempted,0,0,Knives,LPG/LNG Tanker attacked by Bakassi Strike Force remnant in narrow channel. MOA: fast attack craft >150nm offshore. Weapons observed: RPG-7. approach broken off after master sounded alarm and engaged firehoses.
ASAM-1993-02937,2011-11-07T04:48:00,2011,11,11.755,49.7781,Gulf of Aden,Container Ship,Boarded,0,0,Knives,"Container Ship attacked by Hobyo-Harardhere PAG approx 271nm offshore. MOA: mothership-launched skiff swarm. Weapons observed: small arms. boarders rifled bridge & masters cabin, stole cash and electronics."
ASAM-1994-02938,2019-01-27T20:36:00,2019,1,9.1655,-65.7815,Caribbean / Venezuelan,LPG/LNG Tanker,Boarded,1,0,Unknown,"LPG/LNG Tanker attacked by Venezuelan coastal gang underway in transit lane. MOA: small arms intimidation. Weapons observed: knives/machetes. boarders rifled bridge & masters cabin, stole cash and electronics; 2 crew sustained injuries."
ASAM-1995-02939,1995-04-01T20:25:00,1995,4,3.2359,99.3558,Strait of Malacca,Container Ship,Boarded,1,0,Small arms,"Container Ship attacked by Free Aceh splinter (historical) at anchorage. MOA: nighttime stealth boarding at anchorage. Weapons observed: small arms. boarders rifled bridge & masters cabin, stole cash and electronics; 4 crew sustained injuries."
ASAM-1996-02940,2025-12-22T21:39:00,2025,12,13.4334,48.6498,Gulf of Aden,Container Ship,Boarded,0,0,RPG,"Container Ship attacked by Puntland-based PAG in narrow channel. MOA: RPG warning shot then boarding. Weapons observed: M16 + RPG. boarders rifled bridge & masters cabin, stole cash and electronics."
ASAM-1997-02941,2019-12-05T02:57:00,2019,12,2.1058,5.7565,Gulf of Guinea,Container Ship,Hijacked,0,24,Small arms,"Container Ship attacked by Niger Delta militant offshoot in narrow channel. MOA: tanker product theft (siphon). Weapons observed: knives/machetes. vessel hijacked, crew of 23 taken to coastal anchorage; 24 crew taken hostage; ransom demand transmitted within 72h."
ASAM-1998-02942,2014-12-18T21:08:00,2014,12,10.8524,113.6251,South China Sea,Container Ship,Attempted,0,0,RPG,Container Ship attacked by Vietnamese coastal robbers at anchorage. MOA: stealth anchorage boarding. Weapons observed: small arms. approach broken off after master sounded alarm and engaged firehoses.
ASAM-1999-02943,1995-12-28T20:31:00,1995,12,6.0868,119.9367,Sulu Sea,Bulk Carrier,Boarded,1,5,Unknown,"Bulk Carrier attacked by Sulu archipelago kidnapping ring approx 188nm offshore. MOA: speedboat intercept tug & barge. Weapons observed: knives/machetes. boarders rifled bridge & masters cabin, stole cash and electronics; 4 crew sustained injuries; 5 crew taken hostage; ransom demand transmitted within 72h."
ASAM-2000-02944,2019-07-21T04:10:00,2019,7,5.8948,3.1917,Gulf of Guinea,Crude Oil Tanker,Boarded,0,0,Small arms,"Crude Oil Tanker attacked by Bakassi Strike Force remnant in narrow channel. MOA: kidnap-for-ransom of officers. Weapons observed: knives/machetes. boarders rifled bridge & masters cabin, stole cash and electronics."
ASAM-2001-02945,1998-08-06T02:10:00,1998,8,4.3362,100.3632,Strait of Malacca,Crude Oil Tanker,Hijacked,0,8,Knives,"Crude Oil Tanker attacked by Indonesian coastal gang at anchorage. MOA: nighttime stealth boarding at anchorage. Weapons observed: small arms. vessel hijacked, crew of 12 taken to coastal anchorage; 8 crew taken hostage; ransom demand transmitted within 72h."
ASAM-2002-02946,1999-03-15T16:43:00,1999,3,9.3017,-66.9332,Caribbean / Venezuelan,Bulk Carrier,Hijacked,0,16,AK-47,"Bulk Carrier attacked by Trinidad-Tobago smuggler crew at anchorage. MOA: yacht boarding at anchorage. Weapons observed: AK-47. vessel hijacked, crew of 17 taken to coastal anchorage; 16 crew taken hostage; ransom demand transmitted within 72h."
ASAM-2003-02947,2018-06-11T23:01:00,2018,6,11.4103,49.5291,Gulf of Aden,Fishing Vessel,Boarded,1,0,Unknown,"Fishing Vessel attacked by Somali pirate skiff network approx 262nm offshore. MOA: AK-47 small arms suppression. Weapons observed: small arms. boarders rifled bridge & masters cabin, stole cash and electronics; 2 crew sustained injuries."
ASAM-2004-02948,1999-01-12T18:54:00,1999,1,14.2801,48.8738,Gulf of Aden,Bulk Carrier,Hijacked,0,11,Unknown,"Bulk Carrier attacked by Hobyo-Harardhere PAG in narrow channel. MOA: AK-47 small arms suppression. Weapons observed: knives/machetes. vessel hijacked, crew of 13 taken to coastal anchorage; 11 crew taken hostage; ransom demand transmitted within 72h."
ASAM-2005-02949,1995-07-12T17:09:00,1995,7,8.8602,111.6511,South China Sea,Yacht,Attempted,0,0,RPG,Yacht attacked by Filipino anchor-rob crew underway in transit lane. MOA: product theft (diesel siphoning). Weapons observed: small arms. approach broken off after master sounded alarm and engaged firehoses.
ASAM-2006-02950,2010-06-24T21:33:00,2010,6,11.5958,45.6484,Gulf of Aden,Fishing Vessel,Boarded,0,0,Small arms,"Fishing Vessel attacked by Somali pirate skiff network at anchorage. MOA: RPG warning shot then boarding. Weapons observed: knives/machetes. boarders rifled bridge & masters cabin, stole cash and electronics."
ASAM-2007-02951,2006-09-12T19:31:00,2006,9,3.0055,100.8943,Strait of Malacca,Fishing Vessel,Boarded,1,5,AK-47,"Fishing Vessel attacked by Free Aceh splinter (historical) at anchorage. MOA: knife-armed boarders, no firearms. Weapons observed: M16 + RPG. boarders rifled bridge & masters cabin, stole cash and electronics; 2 crew sustained injuries; 5 crew taken hostage; ransom demand transmitted within 72h."
ASAM-2008-02952,2003-08-24T00:49:00,2003,8,13.6857,50.4362,Gulf of Aden,Bulk Carrier,Boarded,0,0,RPG,"Bulk Carrier attacked by Somali pirate skiff network at anchorage. MOA: mothership-launched skiff swarm. Weapons observed: small arms. boarders rifled bridge & masters cabin, stole cash and electronics."
ASAM-2009-02953,1996-01-14T14:54:00,1996,1,2.389,98.2282,Strait of Malacca,Fishing Vessel,Hijacked,0,22,Knives,"Fishing Vessel attacked by Indonesian coastal gang at anchorage. MOA: crew rob & flee in <30 min. Weapons observed: M16 + RPG. vessel hijacked, crew of 25 taken to coastal anchorage; 22 crew taken hostage; ransom demand transmitted within 72h."
ASAM-2010-02954,2008-08-25T20:35:00,2008,8,11.9877,49.0665,Gulf of Aden,Container Ship,Attempted,0,0,AK-47,Container Ship attacked by Somali pirate skiff network approx 125nm offshore. MOA: grappling hook boarding at low freeboard. Weapons observed: AK-47. approach broken off after master sounded alarm and engaged firehoses.
ASAM-2011-02955,2006-04-13T20:35:00,2006,4,4.7182,101.2497,Strait of Malacca,Tug & Barge,Boarded,0,0,AK-47,"Tug & Barge attacked by Riau Archipelago armed robbers in narrow channel. MOA: nighttime stealth boarding at anchorage. Weapons observed: RPG-7. boarders rifled bridge & masters cabin, stole cash and electronics."
ASAM-2012-02956,2018-11-19T09:49:00,2018,11,6.6977,121.4533,Sulu Sea,Bulk Carrier,Boarded,0,0,Unknown,"Bulk Carrier attacked by Abu Sayyaf maritime cell approx 202nm offshore. MOA: M16 + RPG armed boarding. Weapons observed: small arms. boarders rifled bridge & masters cabin, stole cash and electronics."
ASAM-2013-02957,1995-04-25T19:35:00,1995,4,12.0591,49.4654,Gulf of Aden,Chemical Tanker,Suspicious Approach,0,0,RPG,Chemical Tanker attacked by Puntland-based PAG at anchorage. MOA: mothership-launched skiff swarm. Weapons observed: knives/machetes. unidentified skiff shadowed vessel for 18 minutes before withdrawing.
ASAM-2014-02958,2006-04-05T17:28:00,2006,4,11.3406,-64.0358,Caribbean / Venezuelan,Bulk Carrier,Boarded,0,0,AK-47,"Bulk Carrier attacked by Venezuelan coastal gang at anchorage. MOA: crew theft + minor injuries. Weapons observed: M16 + RPG. boarders rifled bridge & masters cabin, stole cash and electronics."
ASAM-2015-02959,2016-06-06T14:10:00,2016,6,6.7647,119.91,Sulu Sea,Container Ship,Fired Upon,1,0,Small arms,"Container Ship attacked by Sulu archipelago kidnapping ring approx 204nm offshore. MOA: abduction of fishing crew. Weapons observed: AK-47. master engaged evasive maneuvers, RPG and small arms fire received; 3 crew sustained injuries."
ASAM-2016-02960,1993-11-12T02:26:00,1993,11,6.3685,7.5606,Gulf of Guinea,RoRo Vehicle Carrier,Attempted,0,0,Knives,RoRo Vehicle Carrier attacked by Nigerian kidnap-for-ransom cell approx 17nm offshore. MOA: kidnap-for-ransom of officers. Weapons observed: RPG-7. approach broken off after master sounded alarm and engaged firehoses.
ASAM-2017-02961,1998-06-06T20:52:00,1998,6,2.693,100.9109,Strait of Malacca,LPG/LNG Tanker,Boarded,1,0,Unknown,"LPG/LNG Tanker attacked by Riau Archipelago armed robbers approx 99nm offshore. MOA: nighttime stealth boarding at anchorage. Weapons observed: small arms. boarders rifled bridge & masters cabin, stole cash and electronics; 1 crew sustained injuries."
ASAM-2018-02962,2015-09-19T23:28:00,2015,9,7.5522,113.6831,South China Sea,Chemical Tanker,Boarded,0,0,Small arms,"Chemical Tanker attacked by Vietnamese coastal robbers in narrow channel. MOA: product theft (diesel siphoning). Weapons observed: knives/machetes. boarders rifled bridge & masters cabin, stole cash and electronics."
ASAM-2019-02963,2014-05-07T02:50:00,2014,5,9.6733,114.7703,South China Sea,Offshore Supply,Fired Upon,0,0,Unknown,"Offshore Supply attacked by Filipino anchor-rob crew at anchorage. MOA: product theft (diesel siphoning). Weapons observed: knives/machetes. master engaged evasive maneuvers, RPG and small arms fire received."
ASAM-2020-02964,2020-04-12T01:15:00,2020,4,13.048,49.5851,Gulf of Aden,General Cargo,Boarded,0,0,AK-47,"General Cargo attacked by Puntland-based PAG in narrow channel. MOA: AK-47 small arms suppression. Weapons observed: knives/machetes. boarders rifled bridge & masters cabin, stole cash and electronics."
ASAM-2021-02965,2021-09-08T04:51:00,2021,9,4.9272,7.2633,Gulf of Guinea,Bulk Carrier,Hijacked,0,11,Knives,"Bulk Carrier attacked by Nigerian kidnap-for-ransom cell underway in transit lane. MOA: kidnap-for-ransom of officers. Weapons observed: AK-47. vessel hijacked, crew of 24 taken to coastal anchorage; 11 crew taken hostage; ransom demand transmitted within 72h."
ASAM-2022-02966,2008-01-06T02:01:00,2008,1,5.6035,2.1297,Gulf of Guinea,General Cargo,Attempted,0,0,RPG,General Cargo attacked by Bakassi Strike Force remnant in narrow channel. MOA: kidnap-for-ransom of officers. Weapons observed: knives/machetes. approach broken off after master sounded alarm and engaged firehoses.
ASAM-2023-02967,2020-04-10T02:10:00,2020,4,11.0348,50.8753,Gulf of Aden,Chemical Tanker,Attempted,0,0,Knives,Chemical Tanker attacked by Somali pirate skiff network approx 110nm offshore. MOA: grappling hook boarding at low freeboard. Weapons observed: RPG-7. approach broken off after master sounded alarm and engaged firehoses.
ASAM-2024-02968,2019-07-25T06:51:00,2019,7,3.3552,4.4847,Gulf of Guinea,Container Ship,Boarded,0,0,RPG,"Container Ship attacked by Niger Delta militant offshoot at anchorage. MOA: tanker product theft (siphon). Weapons observed: RPG-7. boarders rifled bridge & masters cabin, stole cash and electronics."
ASAM-2025-02969,1998-04-27T22:53:00,1998,4,3.0414,5.511,Gulf of Guinea,Bulk Carrier,Hijacked,0,18,RPG,"Bulk Carrier attacked by Nigerian kidnap-for-ransom cell approx 47nm offshore. MOA: AK-47 + GPMG armed boarding. Weapons observed: M16 + RPG. vessel hijacked, crew of 13 taken to coastal anchorage; 18 crew taken hostage; ransom demand transmitted within 72h."
ASAM-1993-02970,2003-03-20T03:26:00,2003,3,3.735,100.2456,Strait of Malacca,Crude Oil Tanker,Attempted,0,0,Knives,Crude Oil Tanker attacked by Free Aceh splinter (historical) at anchorage. MOA: nighttime stealth boarding at anchorage. Weapons observed: AK-47. approach broken off after master sounded alarm and engaged firehoses.
ASAM-1994-02971,2016-12-18T14:34:00,2016,12,10.1521,-66.0234,Caribbean / Venezuelan,Tug & Barge,Boarded,0,0,AK-47,"Tug & Barge attacked by Venezuelan coastal gang at anchorage. MOA: yacht boarding at anchorage. Weapons observed: knives/machetes. boarders rifled bridge & masters cabin, stole cash and electronics."
ASAM-1995-02972,2005-07-20T04:52:00,2005,7,4.1415,101.7024,Strait of Malacca,Container Ship,Attempted,0,0,Knives,Container Ship attacked by Free Aceh splinter (historical) underway in transit lane. MOA: nighttime stealth boarding at anchorage. Weapons observed: knives/machetes. approach broken off after master sounded alarm and engaged firehoses.
ASAM-1996-02973,2006-04-20T11:14:00,2006,4,4.4719,3.9201,Gulf of Guinea,Tug & Barge,Boarded,0,0,AK-47,"Tug & Barge attacked by Niger Delta militant offshoot underway in transit lane. MOA: tanker product theft (siphon). Weapons observed: small arms. boarders rifled bridge & masters cabin, stole cash and electronics."
ASAM-1997-02974,2017-11-12T22:46:00,2017,11,12.3209,-64.2113,Caribbean / Venezuelan,Container Ship,Boarded,0,0,Small arms,"Container Ship attacked by Trinidad-Tobago smuggler crew at anchorage. MOA: small arms intimidation. Weapons observed: small arms. boarders rifled bridge & masters cabin, stole cash and electronics."
ASAM-1998-02975,2004-02-26T23:56:00,2004,2,4.5764,101.4338,Strait of Malacca,RoRo Vehicle Carrier,Boarded,1,0,Knives,"RoRo Vehicle Carrier attacked by Free Aceh splinter (historical) in narrow channel. MOA: crew rob & flee in <30 min. Weapons observed: knives/machetes. boarders rifled bridge & masters cabin, stole cash and electronics; 3 crew sustained injuries."
ASAM-1999-02976,2024-12-11T22:33:00,2024,12,13.03,47.6823,Gulf of Aden,Fishing Vessel,Attempted,0,0,Unknown,Fishing Vessel attacked by Puntland-based PAG approx 77nm offshore. MOA: grappling hook boarding at low freeboard. Weapons observed: small arms. approach broken off after master sounded alarm and engaged firehoses.
ASAM-2000-02977,2024-03-26T18:21:00,2024,3,2.6232,4.5919,Gulf of Guinea,Chemical Tanker,Attempted,0,0,Small arms,Chemical Tanker attacked by Nigerian kidnap-for-ransom cell underway in transit lane. MOA: fast attack craft >150nm offshore. Weapons observed: AK-47. approach broken off after master sounded alarm and engaged firehoses.
ASAM-2001-02978,2013-06-06T13:18:00,2013,6,12.1223,50.5668,Gulf of Aden,Offshore Supply,Boarded,0,0,AK-47,"Offshore Supply attacked by Hobyo-Harardhere PAG at anchorage. MOA: RPG warning shot then boarding. Weapons observed: small arms. boarders rifled bridge & masters cabin, stole cash and electronics."
ASAM-2002-02979,2008-03-14T05:52:00,2008,3,12.6811,48.336,Gulf of Aden,Yacht,Attempted,0,0,Unknown,Yacht attacked by Puntland-based PAG underway in transit lane. MOA: RPG warning shot then boarding. Weapons observed: knives/machetes. approach broken off after master sounded alarm and engaged firehoses.
ASAM-2003-02980,2005-03-02T02:22:00,2005,3,3.4286,100.4261,Strait of Malacca,Fishing Vessel,Boarded,0,4,AK-47,"Fishing Vessel attacked by Indonesian coastal gang underway in transit lane. MOA: nighttime stealth boarding at anchorage. Weapons observed: knives/machetes. boarders rifled bridge & masters cabin, stole cash and electronics; 4 crew taken hostage; ransom demand transmitted within 72h."
ASAM-2004-02981,2022-04-04T02:28:00,2022,4,3.4028,101.5743,Strait of Malacca,Chemical Tanker,Boarded,0,0,AK-47,"Chemical Tanker attacked by Riau Archipelago armed robbers in narrow channel. MOA: fast skiff rob at narrow channel. Weapons observed: M16 + RPG. boarders rifled bridge & masters cabin, stole cash and electronics."
ASAM-2005-02982,2021-05-02T21:53:00,2021,5,5.0071,5.7399,Gulf of Guinea,Chemical Tanker,Suspicious Approach,0,0,Knives,Chemical Tanker attacked by Bakassi Strike Force remnant in narrow channel. MOA: AK-47 + GPMG armed boarding. Weapons observed: M16 + RPG. unidentified skiff shadowed vessel for 18 minutes before withdrawing.
ASAM-2006-02983,2018-05-06T12:07:00,2018,5,5.8622,120.222,Sulu Sea,Container Ship,Attempted,0,0,Small arms,Container Ship attacked by BIFF splinter group approx 124nm offshore. MOA: hostage transfer to Jolo island camps. Weapons observed: M16 + RPG. approach broken off after master sounded alarm and engaged firehoses.
ASAM-2007-02984,2006-04-14T22:07:00,2006,4,13.6772,46.9725,Gulf of Aden,Bulk Carrier,Boarded,0,0,Small arms,"Bulk Carrier attacked by Somali pirate skiff network underway in transit lane. MOA: RPG warning shot then boarding. Weapons observed: AK-47. boarders rifled bridge & masters cabin, stole cash and electronics."
ASAM-2008-02985,2021-12-23T10:30:00,2021,12,2.4777,3.6674,Gulf of Guinea,LPG/LNG Tanker,Attempted,0,0,AK-47,LPG/LNG Tanker attacked by Nigerian kidnap-for-ransom cell approx 101nm offshore. MOA: fast attack craft >150nm offshore. Weapons observed: knives/machetes. approach broken off after master sounded alarm and engaged firehoses.
ASAM-2009-02986,2012-04-17T02:42:00,2012,4,12.6188,49.3665,Gulf of Aden,Chemical Tanker,Hijacked,0,8,AK-47,"Chemical Tanker attacked by Somali pirate skiff network in narrow channel. MOA: RPG warning shot then boarding. Weapons observed: knives/machetes. vessel hijacked, crew of 24 taken to coastal anchorage; 8 crew taken hostage; ransom demand transmitted within 72h."
ASAM-2010-02987,2021-10-03T01:34:00,2021,10,5.0901,3.9326,Gulf of Guinea,Container Ship,Boarded,0,3,Knives,"Container Ship attacked by Nigerian kidnap-for-ransom cell underway in transit lane. MOA: AK-47 + GPMG armed boarding. Weapons observed: M16 + RPG. boarders rifled bridge & masters cabin, stole cash and electronics; 3 crew taken hostage; ransom demand transmitted within 72h."
ASAM-2011-02988,2018-08-02T20:10:00,2018,8,11.1774,-67.2554,Caribbean / Venezuelan,Crude Oil Tanker,Suspicious Approach,0,0,AK-47,Crude Oil Tanker attacked by Trinidad-Tobago smuggler crew at anchorage. MOA: crew theft + minor injuries. Weapons observed: knives/machetes. unidentified skiff shadowed vessel for 18 minutes before withdrawing.
ASAM-2012-02989,2003-09-09T17:09:00,2003,9,2.6753,102.4371,Strait of Malacca,Container Ship,Attempted,0,0,Small arms,Container Ship attacked by Free Aceh splinter (historical) approx 23nm offshore. MOA: crew rob & flee in <30 min. Weapons observed: small arms. approach broken off after master sounded alarm and engaged firehoses.
ASAM-2013-02990,2019-04-14T23:19:00,2019,4,10.807,-67.1857,Caribbean / Venezuelan,Chemical Tanker,Attempted,0,0,AK-47,Chemical Tanker attacked by Venezuelan coastal gang approx 273nm offshore. MOA: crew theft + minor injuries. Weapons observed: small arms. approach broken off after master sounded alarm and engaged firehoses.
ASAM-2014-02991,2009-12-07T01:55:00,2009,12,13.2006,49.6863,Gulf of Aden,Crude Oil Tanker,Suspicious Approach,0,0,AK-47,Crude Oil Tanker attacked by Hobyo-Harardhere PAG approx 139nm offshore. MOA: mothership-launched skiff swarm. Weapons observed: small arms. unidentified skiff shadowed vessel for 18 minutes before withdrawing.
ASAM-2015-02992,2019-10-12T12:07:00,2019,10,3.0925,3.659,Gulf of Guinea,Bulk Carrier,Attempted,0,0,Small arms,Bulk Carrier attacked by Niger Delta militant offshoot approx 142nm offshore. MOA: AK-47 + GPMG armed boarding. Weapons observed: RPG-7. approach broken off after master sounded alarm and engaged firehoses.
ASAM-2016-02993,2007-10-22T05:30:00,2007,10,3.6063,99.9729,Strait of Malacca,Chemical Tanker,Boarded,1,0,RPG,"Chemical Tanker attacked by Free Aceh splinter (historical) underway in transit lane. MOA: crew rob & flee in <30 min. Weapons observed: RPG-7. boarders rifled bridge & masters cabin, stole cash and electronics; 3 crew sustained injuries."
ASAM-2017-02994,2011-04-19T02:49:00,2011,4,4.1,99.7412,Strait of Malacca,Container Ship,Attempted,0,0,Small arms,Container Ship attacked by Riau Archipelago armed robbers underway in transit lane. MOA: fast skiff rob at narrow channel. Weapons observed: M16 + RPG. approach broken off after master sounded alarm and engaged firehoses.
ASAM-2018-02995,2002-09-17T03:38:00,2002,9,6.1445,118.6385,Sulu Sea,LPG/LNG Tanker,Attempted,0,0,Small arms,LPG/LNG Tanker attacked by BIFF splinter group in narrow channel. MOA: abduction of fishing crew. Weapons observed: M16 + RPG. approach broken off after master sounded alarm and engaged firehoses.
ASAM-2019-02996,2012-02-06T20:39:00,2012,2,11.1016,48.8444,Gulf of Aden,RoRo Vehicle Carrier,Boarded,0,3,RPG,"RoRo Vehicle Carrier attacked by Somali pirate skiff network at anchorage. MOA: RPG warning shot then boarding. Weapons observed: small arms. boarders rifled bridge & masters cabin, stole cash and electronics; 3 crew taken hostage; ransom demand transmitted within 72h."
ASAM-2020-02997,2011-08-25T18:16:00,2011,8,12.5718,49.1837,Gulf of Aden,RoRo Vehicle Carrier,Boarded,1,0,Knives,"RoRo Vehicle Carrier attacked by Hobyo-Harardhere PAG approx 232nm offshore. MOA: RPG warning shot then boarding. Weapons observed: small arms. boarders rifled bridge & masters cabin, stole cash and electronics; 3 crew sustained injuries."
ASAM-2021-02998,2020-03-08T00:26:00,2020,3,5.0021,6.2351,Gulf of Guinea,LPG/LNG Tanker,Attempted,0,0,Small arms,LPG/LNG Tanker attacked by Niger Delta militant offshoot underway in transit lane. MOA: kidnap-for-ransom of officers. Weapons observed: M16 + RPG. approach broken off after master sounded alarm and engaged firehoses.
ASAM-2022-02999,2018-01-25T21:23:00,2018,1,6.0205,120.4875,Sulu Sea,Container Ship,Attempted,0,0,Unknown,Container Ship attacked by BIFF splinter group at anchorage. MOA: M16 + RPG armed boarding. Weapons observed: RPG-7. approach broken off after master sounded alarm and engaged firehoses.
